Journal Title,Publisher,ISSN,Review Time,APC,Scopus Indexing,Quartile,SJR,Source URL,Review Time Source,APC Source
Cultures of Science,SAGE Publishing,2633-3287,12 weeks,  (DOAJ),Not Indexed,Not Available,Not Available,https://journals.sagepub.com/home/cul,journalsearches.com,DOAJ
Quantum Frontiers,Springer International Publishing,27316106,29 days,Free (MU Directory),Indexed,Q1,7,https://www.springer.com/journal/44214,Springer (Direct),MU Directory
Built Heritage,Springer Science and Business Media B.V.,"20963041, 26626802",23 days,Free (MU Directory),Indexed,Q1,12,https://built-heritage.springeropen.com,Springer (Direct),MU Directory
Holistic Integrative Oncology,Springer,2731-4529,51 days,  (DOAJ),Not Indexed,Not Available,Not Available,https://link.springer.com/journal/44178,Springer (Direct),DOAJ
Advances in Aerodynamics,Springer Nature,"20973462, 25246992",15 days,Free (MU Directory),Indexed,"Q1The latest Impact Factor list (JCR) was released in June 2025.The Impact Factor of Advances In Aerodynamics is 2.3. The impact factor (IF) is a measure of the frequency with which the average article in a journal has been cited in a particular year. It is used to measure the importance or rank of a journal by calculating the times its articles are cited.The impact factor was devised by Eugene Garfield, the founder of the Institute for Scientific Information (ISI) in Philadelphia. Impact factors began to be calculated yearly starting from 1975 for journals listed in the Journal Citation Reports (JCR). ISI was acquired by Thomson Scientific & Healthcare in 1992, and became known as Thomson ISI. In 2018, Thomson-Reuters spun off and sold ISI to Onex Corporation and Baring Private Equity Asia. They founded a new corporation, Clarivate, which is now the publisher of the JCR.",0.853,https://aia.springeropen.com/,Springer (Direct),MU Directory
eLight,Springer,"26628643, 20971710",5 days,Free (Stated on Website),Indexed,"Q1The latest Impact Factor list (JCR) was released in June 2025.The Impact Factor of Elight is 32.1. The impact factor (IF) is a measure of the frequency with which the average article in a journal has been cited in a particular year. It is used to measure the importance or rank of a journal by calculating the times its articles are cited.The impact factor was devised by Eugene Garfield, the founder of the Institute for Scientific Information (ISI) in Philadelphia. Impact factors began to be calculated yearly starting from 1975 for journals listed in the Journal Citation Reports (JCR). ISI was acquired by Thomson Scientific & Healthcare in 1992, and became known as Thomson ISI. In 2018, Thomson-Reuters spun off and sold ISI to Onex Corporation and Baring Private Equity Asia. They founded a new corporation, Clarivate, which is now the publisher of the JCR.",11.392,https://elight.springeropen.com/,Springer (Direct),journalsearches.com
Advanced Gut & Microbiome Research,"Hindawi - Hangzhou Aimeida BioTech Gut MicrobiomeE-ISSN: 2632-2897Publisher: Cambridge University Press ENVIRONMENTAL MICROBIOMEE-ISSN: 2524-6372Publisher: BMC MICROBIOMEE-ISSN: 2049-2618Publisher: BMC ANIMAL MICROBIOMEE-ISSN: 2524-4671Publisher: BMC MicrobiomeE-ISSN: 2049-2618Publisher: BMC Animal MicrobiomeE-ISSN: 2524-4671Publisher: BMC Environmental MicrobiomeE-ISSN: 2524-6372Publisher: BMC Environmental MicrobiomeE-ISSN: 25246372Publisher: BioMed Central Ltd. Human Microbiome JournalE-ISSN: Publisher: Elsevier Limited MicrobiomeE-ISSN: 20492618Publisher: BioMed Central Animal MicrobiomeE-ISSN: 2524-4671Publisher: BioMed Central Environmental MicrobiomeE-ISSN: 2524-6372Publisher: BioMed Central MicrobiomeE-ISSN: 2049-2618Publisher: BioMed Central GUTE-ISSN: 1468-3288Publisher: BMJ PUBLISHING GROUPNot getting the journal you are searching for? So it most likely not indexed in Scopus, WOS, PubMed, DOAJ, UGC CARE. You might also try: Enter the correct title.Check the spelling of the wordsMake sure you have added spaces between words",Not Available,Not Available,Not Available,Not Indexed,Not Available,Not Available,Not Available,Aggregator,Unknown
Journal of Ocean Engineering and Science,Shanghai Jiaotong University,24680133,12 weeks,Free (Stated on Website),Indexed,"Q1The latest Impact Factor list (JCR) was released in June 2025.The Impact Factor of Journal Of Ocean Engineering And Science is 11.8. The impact factor (IF) is a measure of the frequency with which the average article in a journal has been cited in a particular year. It is used to measure the importance or rank of a journal by calculating the times its articles are cited.The impact factor was devised by Eugene Garfield, the founder of the Institute for Scientific Information (ISI) in Philadelphia. Impact factors began to be calculated yearly starting from 1975 for journals listed in the Journal Citation Reports (JCR). ISI was acquired by Thomson Scientific & Healthcare in 1992, and became known as Thomson ISI. In 2018, Thomson-Reuters spun off and sold ISI to Onex Corporation and Baring Private Equity Asia. They founded a new corporation, Clarivate, which is now the publisher of the JCR.",0.986,https://www.journals.elsevier.com/journal-of-ocean-engineering-and-science,journalsearches.com,journalsearches.com
Visual Intelligence,Springer,20973330,11 days,Free (Stated on Website),Indexed,Not Available,Not Available,https://link.springer.com/journal/44267,Springer (Direct),journalsearches.com
ECNU Review of Education,SAGE Publications Ltd,"20965311, 26321742",10 weeks,Free (MU Directory),Indexed,"Q2The latest Impact Factor list (JCR) was released in June 2025.The Impact Factor of Ecnu Review Of Education is 2.6. The impact factor (IF) is a measure of the frequency with which the average article in a journal has been cited in a particular year. It is used to measure the importance or rank of a journal by calculating the times its articles are cited.The impact factor was devised by Eugene Garfield, the founder of the Institute for Scientific Information (ISI) in Philadelphia. Impact factors began to be calculated yearly starting from 1975 for journals listed in the Journal Citation Reports (JCR). ISI was acquired by Thomson Scientific & Healthcare in 1992, and became known as Thomson ISI. In 2018, Thomson-Reuters spun off and sold ISI to Onex Corporation and Baring Private Equity Asia. They founded a new corporation, Clarivate, which is now the publisher of the JCR.",0.683,https://journals.sagepub.com/home/roe,journalsearches.com,MU Directory
Journal of Rare Diseases,Springer,2731-085X,15 days,  (DOAJ),Not Indexed,Not Available,Not Available,https://link.springer.com/journal/44162,Springer (Direct),DOAJ
Egyptian Journal of Neurosurgery,SpringerOpen,2520-8225,8 days,Free (MU Directory),Not Indexed,Not Available,Not Available,https://ejns.springeropen.com/,Springer (Direct),MU Directory
Intensive Care Research,Springer,2666-9862,17 days,  (DOAJ),Not Indexed,Not Available,Not Available,https://www.springer.com/journal/44231,Springer (Direct),DOAJ
Management System Engineering,Springer,2731-5843,19 days,Free (MU Directory),Not Indexed,Not Available,Not Available,https://www.springer.com/journal/44176/,Springer (Direct),MU Directory
Autonomous Intelligent Systems,Springer,2730616X,31 days,Free (MU Directory),Indexed,Q1,13,https://www.springer.com/journal/43684,Springer (Direct),MU Directory
Journal of Umm Al-Qura University for Engineering and Architecture,Springer Science and Business Media Deutschland GmbH,16588150,13 days,Free (Stated on Website),Indexed,Q1,6,https://www.springer.com/journal/43995,Springer (Direct),journalsearches.com
Railway Engineering Science,Springer,"26624753, 26624745",7 days,Free (MU Directory),Indexed,"Q1The latest Impact Factor list (JCR) was released in June 2025.The Impact Factor of Railway Engineering Science is 5.4. The impact factor (IF) is a measure of the frequency with which the average article in a journal has been cited in a particular year. It is used to measure the importance or rank of a journal by calculating the times its articles are cited.The impact factor was devised by Eugene Garfield, the founder of the Institute for Scientific Information (ISI) in Philadelphia. Impact factors began to be calculated yearly starting from 1975 for journals listed in the Journal Citation Reports (JCR). ISI was acquired by Thomson Scientific & Healthcare in 1992, and became known as Thomson ISI. In 2018, Thomson-Reuters spun off and sold ISI to Onex Corporation and Baring Private Equity Asia. They founded a new corporation, Clarivate, which is now the publisher of the JCR.",1.368,https://www.springer.com/journal/40534,Springer (Direct),MU Directory
Asian Review of Political Economy,Springer,2731-5835,13 days,  (DOAJ),Not Indexed,Not Available,Not Available,https://www.springer.com/journal/44216,Springer (Direct),DOAJ
Journal of Psychosexual Health,SAGE Publishing,2631-8326,10 weeks,Free (MU Directory),Not Indexed,Not Available,Not Available,https://journals.sagepub.com/home/ssh,journalsearches.com,MU Directory
Journal of Leather Science and Engineering,Springer Singapore,20966873,5 days,Free (Stated on Website),Indexed,Not Available,Not Available,https://jlse.springeropen.com/,Springer (Direct),journalsearches.com
Journal of Engineering and Applied Science,"ISSN: 11101903, 25369512 Journal Scope: Engineering","11101903, 25369512",9 days,Free (MU Directory),Indexed,Q2,21,https://jeas.springeropen.com/,Springer (Direct),MU Directory
Clinical Phytoscience,SpringerOpen,2199-1197,13 weeks,  (DOAJ),Not Indexed,Not Available,Not Available,http://www.clinphytoscience.com/,journalsearches.com,DOAJ
Medicine Access @ Point of Care,SAGE Publishing,2399-2026,15 weeks,  (DOAJ),Not Indexed,Not Available,Not Available,http://journals.sagepub.com/home/map,journalsearches.com,DOAJ
Collagen and Leather,Springer,"20971419, 27316998",5 days,Free (Stated on Website),Indexed,"Q1The latest Impact Factor list (JCR) was released in June 2025.The Impact Factor of Collagen And Leather is 9.2. The impact factor (IF) is a measure of the frequency with which the average article in a journal has been cited in a particular year. It is used to measure the importance or rank of a journal by calculating the times its articles are cited.The impact factor was devised by Eugene Garfield, the founder of the Institute for Scientific Information (ISI) in Philadelphia. Impact factors began to be calculated yearly starting from 1975 for journals listed in the Journal Citation Reports (JCR). ISI was acquired by Thomson Scientific & Healthcare in 1992, and became known as Thomson ISI. In 2018, Thomson-Reuters spun off and sold ISI to Onex Corporation and Baring Private Equity Asia. They founded a new corporation, Clarivate, which is now the publisher of the JCR.",1.116,https://jlse.springeropen.com,Springer (Direct),journalsearches.com
Horticulture Advances,Springer,,5 days,Free (Stated on Website),Indexed,Not Available,Not Available,https://link.springer.com/journal/44281,Springer (Direct),journalsearches.com
Stress Biology,Springer,27310450,11 days,Free (MU Directory),Indexed,"Q1The latest Impact Factor list (JCR) was released in June 2025.The Impact Factor of Stress Biology is 5.8. The impact factor (IF) is a measure of the frequency with which the average article in a journal has been cited in a particular year. It is used to measure the importance or rank of a journal by calculating the times its articles are cited.The impact factor was devised by Eugene Garfield, the founder of the Institute for Scientific Information (ISI) in Philadelphia. Impact factors began to be calculated yearly starting from 1975 for journals listed in the Journal Citation Reports (JCR). ISI was acquired by Thomson Scientific & Healthcare in 1992, and became known as Thomson ISI. In 2018, Thomson-Reuters spun off and sold ISI to Onex Corporation and Baring Private Equity Asia. They founded a new corporation, Clarivate, which is now the publisher of the JCR.",1.339,https://www.springer.com/journal/44154,Springer (Direct),MU Directory
Journal of Umm Al-Qura University for Applied Sciences,Springer,16588185,6 days,Free (Stated on Website),Indexed,Q1,12,https://www.springer.com/journal/43994,Springer (Direct),journalsearches.com
Apollo Medicine,SAGE Publishing,2213-3682,13 weeks,Free (MU Directory),Not Indexed,Not Available,Not Available,https://journals.sagepub.com/home/AOM,journalsearches.com,MU Directory
The Cardiothoracic Surgeon,SpringerOpen,2662-2203,11 days,Free (MU Directory),Not Indexed,Not Available,Not Available,https://cts.springeropen.com/,Springer (Direct),MU Directory
Nuclear Engineering and Technology,Korean Nuclear Society,"2234358X, 17385733",32 weeks,Free (Stated on Website),Indexed,"Q2The latest Impact Factor list (JCR) was released in June 2025.The Impact Factor of Nuclear Engineering And Technology is 2.6. The impact factor (IF) is a measure of the frequency with which the average article in a journal has been cited in a particular year. It is used to measure the importance or rank of a journal by calculating the times its articles are cited.The impact factor was devised by Eugene Garfield, the founder of the Institute for Scientific Information (ISI) in Philadelphia. Impact factors began to be calculated yearly starting from 1975 for journals listed in the Journal Citation Reports (JCR). ISI was acquired by Thomson Scientific & Healthcare in 1992, and became known as Thomson ISI. In 2018, Thomson-Reuters spun off and sold ISI to Onex Corporation and Baring Private Equity Asia. They founded a new corporation, Clarivate, which is now the publisher of the JCR.",0.692,http://www.journals.elsevier.com/nuclear-engineering-and-technology,journalsearches.com,journalsearches.com
Journal of Asia-Pacific Biodiversity,National Science Museum od Korea,"22879544, 2287884X",10 weeks,Free (Stated on Website),Indexed,Q3,28,https://www.sciencedirect.com/journal/journal-of-asia-pacific-biodiversity,journalsearches.com,journalsearches.com
Indian Pacing and Electrophysiology Journal,Indian Pacing and Electrophysiology Group,"09726292, 25901753",26 weeks,Free (Stated on Website),Indexed,Q3,33,https://www.sciencedirect.com/journal/indian-pacing-and-electrophysiology-journal,journalsearches.com,journalsearches.com
Borsa Istanbul Review,Borsa Istanbul Anonim Sirketi,"22148450, 22148469",15 weeks,Free (Stated on Website),Indexed,"Q1The latest Impact Factor list (JCR) was released in June 2025.The Impact Factor of Borsa Istanbul Review is 7.1. The impact factor (IF) is a measure of the frequency with which the average article in a journal has been cited in a particular year. It is used to measure the importance or rank of a journal by calculating the times its articles are cited.The impact factor was devised by Eugene Garfield, the founder of the Institute for Scientific Information (ISI) in Philadelphia. Impact factors began to be calculated yearly starting from 1975 for journals listed in the Journal Citation Reports (JCR). ISI was acquired by Thomson Scientific & Healthcare in 1992, and became known as Thomson ISI. In 2018, Thomson-Reuters spun off and sold ISI to Onex Corporation and Baring Private Equity Asia. They founded a new corporation, Clarivate, which is now the publisher of the JCR.",1.326,https://www.sciencedirect.com/journal/borsa-istanbul-review,journalsearches.com,journalsearches.com
Integrative Medicine Research,Korea Institute of Oriental Medicine,"22134239, 22134220",12 weeks,Free (Stated on Website),Indexed,"Q2The latest Impact Factor list (JCR) was released in June 2025.The Impact Factor of Integrative Medicine Research is 3.0. The impact factor (IF) is a measure of the frequency with which the average article in a journal has been cited in a particular year. It is used to measure the importance or rank of a journal by calculating the times its articles are cited.The impact factor was devised by Eugene Garfield, the founder of the Institute for Scientific Information (ISI) in Philadelphia. Impact factors began to be calculated yearly starting from 1975 for journals listed in the Journal Citation Reports (JCR). ISI was acquired by Thomson Scientific & Healthcare in 1992, and became known as Thomson ISI. In 2018, Thomson-Reuters spun off and sold ISI to Onex Corporation and Baring Private Equity Asia. They founded a new corporation, Clarivate, which is now the publisher of the JCR.",0.564,https://www.sciencedirect.com/journal/integrative-medicine-research,journalsearches.com,journalsearches.com
Future Journal of Pharmaceutical Sciences,Future University in Egypt,2314-7253,31 days,Free (MU Directory),Not Indexed,Not Available,Not Available,https://fjps.springeropen.com,Springer (Direct),MU Directory
Solid Earth Sciences,ISSN: 2451912X Journal Scope: Earth and Planetary Sciences,2451912X,38 weeks,Free (Stated on Website),Indexed,"Q2The latest Impact Factor list (JCR) was released in June 2025.The Impact Factor of Solid Earth Sciences is 2.7. The impact factor (IF) is a measure of the frequency with which the average article in a journal has been cited in a particular year. It is used to measure the importance or rank of a journal by calculating the times its articles are cited.The impact factor was devised by Eugene Garfield, the founder of the Institute for Scientific Information (ISI) in Philadelphia. Impact factors began to be calculated yearly starting from 1975 for journals listed in the Journal Citation Reports (JCR). ISI was acquired by Thomson Scientific & Healthcare in 1992, and became known as Thomson ISI. In 2018, Thomson-Reuters spun off and sold ISI to Onex Corporation and Baring Private Equity Asia. They founded a new corporation, Clarivate, which is now the publisher of the JCR.",0.645,https://www.sciencedirect.com/journal/solid-earth-sciences,journalsearches.com,journalsearches.com
Water Science and Engineering,Editorial Office of Water Science and Engineering,"16742370, 24058106",50 weeks,Free (Stated on Website),Indexed,"Q1The latest Impact Factor list (JCR) was released in June 2025.The Impact Factor of Water Science And Engineering is 4.3. The impact factor (IF) is a measure of the frequency with which the average article in a journal has been cited in a particular year. It is used to measure the importance or rank of a journal by calculating the times its articles are cited.The impact factor was devised by Eugene Garfield, the founder of the Institute for Scientific Information (ISI) in Philadelphia. Impact factors began to be calculated yearly starting from 1975 for journals listed in the Journal Citation Reports (JCR). ISI was acquired by Thomson Scientific & Healthcare in 1992, and became known as Thomson ISI. In 2018, Thomson-Reuters spun off and sold ISI to Onex Corporation and Baring Private Equity Asia. They founded a new corporation, Clarivate, which is now the publisher of the JCR.",0.938,https://www.sciencedirect.com/journal/water-science-and-engineering,journalsearches.com,journalsearches.com
Frontiers of Urban and Rural Planning,Springer,2731-6661,26 days,  (DOAJ),Not Indexed,Not Available,Not Available,https://www.springer.com/journal/44243,Springer (Direct),DOAJ
Asian Journal of Urology,Editorial Office of Asian Journal of Urology,"22143882, 22143890",16 weeks,Free (Stated on Website),Indexed,"Q2The latest Impact Factor list (JCR) was released in June 2025.The Impact Factor of Asian Journal Of Urology is 2.4. The impact factor (IF) is a measure of the frequency with which the average article in a journal has been cited in a particular year. It is used to measure the importance or rank of a journal by calculating the times its articles are cited.The impact factor was devised by Eugene Garfield, the founder of the Institute for Scientific Information (ISI) in Philadelphia. Impact factors began to be calculated yearly starting from 1975 for journals listed in the Journal Citation Reports (JCR). ISI was acquired by Thomson Scientific & Healthcare in 1992, and became known as Thomson ISI. In 2018, Thomson-Reuters spun off and sold ISI to Onex Corporation and Baring Private Equity Asia. They founded a new corporation, Clarivate, which is now the publisher of the JCR.",0.675,https://www.sciencedirect.com/journal/asian-journal-of-urology,journalsearches.com,journalsearches.com
Visual Informatics,Elsevier B.V.,"25432656, 2468502X",15 weeks,Free (Stated on Website),Indexed,"Q2The latest Impact Factor list (JCR) was released in June 2025.The Impact Factor of Visual Informatics is 3.9. The impact factor (IF) is a measure of the frequency with which the average article in a journal has been cited in a particular year. It is used to measure the importance or rank of a journal by calculating the times its articles are cited.The impact factor was devised by Eugene Garfield, the founder of the Institute for Scientific Information (ISI) in Philadelphia. Impact factors began to be calculated yearly starting from 1975 for journals listed in the Journal Citation Reports (JCR). ISI was acquired by Thomson Scientific & Healthcare in 1992, and became known as Thomson ISI. In 2018, Thomson-Reuters spun off and sold ISI to Onex Corporation and Baring Private Equity Asia. They founded a new corporation, Clarivate, which is now the publisher of the JCR.",0.593,https://www.sciencedirect.com/journal/visual-informatics,journalsearches.com,journalsearches.com
Perspectives in Ecology and Conservation,Associacao Brasileira de Ciencia Ecologica e Conservacao,25300644,45 weeks,Free (Stated on Website),Indexed,"Q1The latest Impact Factor list (JCR) was released in June 2025.The Impact Factor of Perspectives In Ecology And Conservation is 3.5. The impact factor (IF) is a measure of the frequency with which the average article in a journal has been cited in a particular year. It is used to measure the importance or rank of a journal by calculating the times its articles are cited.The impact factor was devised by Eugene Garfield, the founder of the Institute for Scientific Information (ISI) in Philadelphia. Impact factors began to be calculated yearly starting from 1975 for journals listed in the Journal Citation Reports (JCR). ISI was acquired by Thomson Scientific & Healthcare in 1992, and became known as Thomson ISI. In 2018, Thomson-Reuters spun off and sold ISI to Onex Corporation and Baring Private Equity Asia. They founded a new corporation, Clarivate, which is now the publisher of the JCR.",1.446,https://www.sciencedirect.com/journal/perspectives-in-ecology-and-conservation,journalsearches.com,journalsearches.com
Osteoporosis and Sarcopenia,Elsevier,,20 weeks,Free (Stated on Website),Not Indexed,Not Available,Not Available,http://www.journals.elsevier.com/osteoporosis-and-sarcopenia/,journalsearches.com,journalsearches.com
Pediatric Hematology Oncology Journal,Elsevier B.V.,24681245,16 weeks,Free (Stated on Website),Indexed,Q3,8,http://www.journals.elsevier.com/pediatric-hematology-oncology-journal/,journalsearches.com,journalsearches.com
Hellenic Journal of Cardiology,Hellenic Cardiological Society,"22415955, 11099666",52 weeks,Free (Stated on Website),Indexed,"Q2The latest Impact Factor list (JCR) was released in June 2025.The Impact Factor of Hellenic Journal Of Cardiology is 3.0. The impact factor (IF) is a measure of the frequency with which the average article in a journal has been cited in a particular year. It is used to measure the importance or rank of a journal by calculating the times its articles are cited.The impact factor was devised by Eugene Garfield, the founder of the Institute for Scientific Information (ISI) in Philadelphia. Impact factors began to be calculated yearly starting from 1975 for journals listed in the Journal Citation Reports (JCR). ISI was acquired by Thomson Scientific & Healthcare in 1992, and became known as Thomson ISI. In 2018, Thomson-Reuters spun off and sold ISI to Onex Corporation and Baring Private Equity Asia. They founded a new corporation, Clarivate, which is now the publisher of the JCR.",0.623,http://www.journals.elsevier.com/hellenic-journal-of-cardiology,journalsearches.com,journalsearches.com
The Journal of Chinese Sociology,SpringerOpen,2198-2635,13 weeks,Free (MU Directory),Not Indexed,Not Available,Not Available,http://www.journalofchinesesociology.com,journalsearches.com,MU Directory
Journal of Sport and Health Science,Elsevier B.V.,"22132961, 20952546",22 weeks,Free (Stated on Website),Indexed,"Q1The latest Impact Factor list (JCR) was released in June 2025.The Impact Factor of Journal Of Sport And Health Science is 10.3. The impact factor (IF) is a measure of the frequency with which the average article in a journal has been cited in a particular year. It is used to measure the importance or rank of a journal by calculating the times its articles are cited.The impact factor was devised by Eugene Garfield, the founder of the Institute for Scientific Information (ISI) in Philadelphia. Impact factors began to be calculated yearly starting from 1975 for journals listed in the Journal Citation Reports (JCR). ISI was acquired by Thomson Scientific & Healthcare in 1992, and became known as Thomson ISI. In 2018, Thomson-Reuters spun off and sold ISI to Onex Corporation and Baring Private Equity Asia. They founded a new corporation, Clarivate, which is now the publisher of the JCR.",3.197,http://www.journals.elsevier.com/journal-of-sport-and-health-science,journalsearches.com,journalsearches.com
Cell Regeneration,Springer,20459769,4 days,Free (MU Directory),Indexed,"Q1The latest Impact Factor list (JCR) was released in June 2025.The Impact Factor of Cell Regeneration is 4.7. The impact factor (IF) is a measure of the frequency with which the average article in a journal has been cited in a particular year. It is used to measure the importance or rank of a journal by calculating the times its articles are cited.The impact factor was devised by Eugene Garfield, the founder of the Institute for Scientific Information (ISI) in Philadelphia. Impact factors began to be calculated yearly starting from 1975 for journals listed in the Journal Citation Reports (JCR). ISI was acquired by Thomson Scientific & Healthcare in 1992, and became known as Thomson ISI. In 2018, Thomson-Reuters spun off and sold ISI to Onex Corporation and Baring Private Equity Asia. They founded a new corporation, Clarivate, which is now the publisher of the JCR.",1.352,https://cellregeneration.springeropen.com/,Springer (Direct),MU Directory
Bulletin of the National Research Centre,SpringerOpen,2522-8307,8 days,Free (MU Directory),Not Indexed,Not Available,Not Available,https://bnrc.springeropen.com,Springer (Direct),MU Directory
Computational Urban Science,Springer,27306852,15 days,Free (MU Directory),Indexed,"Q1The latest Impact Factor list (JCR) was released in June 2025.The Impact Factor of Computational Urban Science is 3.2. The impact factor (IF) is a measure of the frequency with which the average article in a journal has been cited in a particular year. It is used to measure the importance or rank of a journal by calculating the times its articles are cited.The impact factor was devised by Eugene Garfield, the founder of the Institute for Scientific Information (ISI) in Philadelphia. Impact factors began to be calculated yearly starting from 1975 for journals listed in the Journal Citation Reports (JCR). ISI was acquired by Thomson Scientific & Healthcare in 1992, and became known as Thomson ISI. In 2018, Thomson-Reuters spun off and sold ISI to Onex Corporation and Baring Private Equity Asia. They founded a new corporation, Clarivate, which is now the publisher of the JCR.",0.803,https://www.springer.com/journal/43762/,Springer (Direct),MU Directory
Carbon Neutrality,Springer,"27313948, 27888614",13 days,Free (MU Directory),Indexed,"Q1The latest Impact Factor list (JCR) was released in June 2025.The Impact Factor of Carbon Neutrality is 12.5. The impact factor (IF) is a measure of the frequency with which the average article in a journal has been cited in a particular year. It is used to measure the importance or rank of a journal by calculating the times its articles are cited.The impact factor was devised by Eugene Garfield, the founder of the Institute for Scientific Information (ISI) in Philadelphia. Impact factors began to be calculated yearly starting from 1975 for journals listed in the Journal Citation Reports (JCR). ISI was acquired by Thomson Scientific & Healthcare in 1992, and became known as Thomson ISI. In 2018, Thomson-Reuters spun off and sold ISI to Onex Corporation and Baring Private Equity Asia. They founded a new corporation, Clarivate, which is now the publisher of the JCR.",2.321,https://www.springer.com/journal/43979,Springer (Direct),MU Directory
Journal of Rock Mechanics and Geotechnical Engineering,Chinese Academy of Sciences,"25890417, 16747755",9 weeks,Free (Stated on Website),Indexed,"Q1The latest Impact Factor list (JCR) was released in June 2025.The Impact Factor of Journal Of Rock Mechanics And Geotechnical Engineering is 10.2. The impact factor (IF) is a measure of the frequency with which the average article in a journal has been cited in a particular year. It is used to measure the importance or rank of a journal by calculating the times its articles are cited.The impact factor was devised by Eugene Garfield, the founder of the Institute for Scientific Information (ISI) in Philadelphia. Impact factors began to be calculated yearly starting from 1975 for journals listed in the Journal Citation Reports (JCR). ISI was acquired by Thomson Scientific & Healthcare in 1992, and became known as Thomson ISI. In 2018, Thomson-Reuters spun off and sold ISI to Onex Corporation and Baring Private Equity Asia. They founded a new corporation, Clarivate, which is now the publisher of the JCR.",2.719,http://www.journals.elsevier.com/journal-of-rock-mechanics-and-geotechnical-engineering/,journalsearches.com,journalsearches.com
Anesthesiology and Perioperative Science,Springer,2731-8389,8 days,  (DOAJ),Not Indexed,Not Available,Not Available,https://www.springer.com/journal/44254,Springer (Direct),DOAJ
Asian Journal of Pharmaceutical Sciences,Shenyang Pharmaceutical University,"18180876, 2221285X",17 weeks,Free (Stated on Website),Indexed,"Q1The latest Impact Factor list (JCR) was released in June 2025.The Impact Factor of Asian Journal Of Pharmaceutical Sciences is 11.9. The impact factor (IF) is a measure of the frequency with which the average article in a journal has been cited in a particular year. It is used to measure the importance or rank of a journal by calculating the times its articles are cited.The impact factor was devised by Eugene Garfield, the founder of the Institute for Scientific Information (ISI) in Philadelphia. Impact factors began to be calculated yearly starting from 1975 for journals listed in the Journal Citation Reports (JCR). ISI was acquired by Thomson Scientific & Healthcare in 1992, and became known as Thomson ISI. In 2018, Thomson-Reuters spun off and sold ISI to Onex Corporation and Baring Private Equity Asia. They founded a new corporation, Clarivate, which is now the publisher of the JCR.",2.251,http://www.journals.elsevier.com/asian-journal-of-pharmaceutical-sciences/,journalsearches.com,journalsearches.com
Chinese Journal of Traumatology,Elsevier,,28 weeks,Free (Stated on Website),Not Indexed,Not Available,Not Available,https://www.journals.elsevier.com/chinese-journal-of-traumatology/,journalsearches.com,journalsearches.com
Indian Journal of Psychological Medicine,SAGE Publications Ltd,"02537176, 09751564",12 weeks,Free (MU Directory),Indexed,"Q2The latest Impact Factor list (JCR) was released in June 2025.The Impact Factor of Indian Journal Of Psychological Medicine is 2.0. The impact factor (IF) is a measure of the frequency with which the average article in a journal has been cited in a particular year. It is used to measure the importance or rank of a journal by calculating the times its articles are cited.The impact factor was devised by Eugene Garfield, the founder of the Institute for Scientific Information (ISI) in Philadelphia. Impact factors began to be calculated yearly starting from 1975 for journals listed in the Journal Citation Reports (JCR). ISI was acquired by Thomson Scientific & Healthcare in 1992, and became known as Thomson ISI. In 2018, Thomson-Reuters spun off and sold ISI to Onex Corporation and Baring Private Equity Asia. They founded a new corporation, Clarivate, which is now the publisher of the JCR.",0.79,https://journals.sagepub.com/home/szj,journalsearches.com,MU Directory
Brain Science Advances,SAGE Publishing,2096-5958,10 weeks,  (DOAJ),Not Indexed,Not Available,Not Available,https://journals.sagepub.com/home/bsa,journalsearches.com,DOAJ
EFSA Journal,Wiley-Blackwell Publishing Ltd,18314732,5 weeks,Free (MU Directory),Indexed,"Q1The latest Impact Factor list (JCR) was released in June 2025.The Impact Factor of Efsa Journal is 3.3. The impact factor (IF) is a measure of the frequency with which the average article in a journal has been cited in a particular year. It is used to measure the importance or rank of a journal by calculating the times its articles are cited.The impact factor was devised by Eugene Garfield, the founder of the Institute for Scientific Information (ISI) in Philadelphia. Impact factors began to be calculated yearly starting from 1975 for journals listed in the Journal Citation Reports (JCR). ISI was acquired by Thomson Scientific & Healthcare in 1992, and became known as Thomson ISI. In 2018, Thomson-Reuters spun off and sold ISI to Onex Corporation and Baring Private Equity Asia. They founded a new corporation, Clarivate, which is now the publisher of the JCR.",1.111,https://efsa.onlinelibrary.wiley.com/journal/18314732,journalsearches.com,MU Directory
Journal of Physiotherapy,Australian Physiotherapy Association,"18369553, 18369561",6 weeks,Free (Stated on Website),Indexed,"Q1The latest Impact Factor list (JCR) was released in June 2025.The Impact Factor of Journal Of Physiotherapy is 9.4. The impact factor (IF) is a measure of the frequency with which the average article in a journal has been cited in a particular year. It is used to measure the importance or rank of a journal by calculating the times its articles are cited.The impact factor was devised by Eugene Garfield, the founder of the Institute for Scientific Information (ISI) in Philadelphia. Impact factors began to be calculated yearly starting from 1975 for journals listed in the Journal Citation Reports (JCR). ISI was acquired by Thomson Scientific & Healthcare in 1992, and became known as Thomson ISI. In 2018, Thomson-Reuters spun off and sold ISI to Onex Corporation and Baring Private Equity Asia. They founded a new corporation, Clarivate, which is now the publisher of the JCR.",1.668,https://www.sciencedirect.com/journal/journal-of-physiotherapy,journalsearches.com,journalsearches.com
Campbell Systematic Reviews,John Wiley & Sons Inc.,18911803,6 weeks,Free (MU Directory),Indexed,"Q1The latest Impact Factor list (JCR) was released in June 2025.The Impact Factor of Campbell Systematic Reviews is 7.1. The impact factor (IF) is a measure of the frequency with which the average article in a journal has been cited in a particular year. It is used to measure the importance or rank of a journal by calculating the times its articles are cited.The impact factor was devised by Eugene Garfield, the founder of the Institute for Scientific Information (ISI) in Philadelphia. Impact factors began to be calculated yearly starting from 1975 for journals listed in the Journal Citation Reports (JCR). ISI was acquired by Thomson Scientific & Healthcare in 1992, and became known as Thomson ISI. In 2018, Thomson-Reuters spun off and sold ISI to Onex Corporation and Baring Private Equity Asia. They founded a new corporation, Clarivate, which is now the publisher of the JCR.",1.585,https://onlinelibrary.wiley.com/journal/18911803,journalsearches.com,MU Directory
Communication and the Public,SAGE Publications Inc.,20570481,12 weeks,Free (Stated on Website),Indexed,"Q2The latest Impact Factor list (JCR) was released in June 2025.The Impact Factor of Communication And The Public is 1.5. The impact factor (IF) is a measure of the frequency with which the average article in a journal has been cited in a particular year. It is used to measure the importance or rank of a journal by calculating the times its articles are cited.The impact factor was devised by Eugene Garfield, the founder of the Institute for Scientific Information (ISI) in Philadelphia. Impact factors began to be calculated yearly starting from 1975 for journals listed in the Journal Citation Reports (JCR). ISI was acquired by Thomson Scientific & Healthcare in 1992, and became known as Thomson ISI. In 2018, Thomson-Reuters spun off and sold ISI to Onex Corporation and Baring Private Equity Asia. They founded a new corporation, Clarivate, which is now the publisher of the JCR.",0.522,https://journals.sagepub.com/home/CTP,journalsearches.com,journalsearches.com
Collective Intelligence,SAGE Publishing,2633-9137,11 weeks,  (DOAJ),Not Indexed,Not Available,Not Available,https://journals.sagepub.com/home/COL,journalsearches.com,DOAJ
Revista Portuguesa de Pneumologia (English Edition),Elsevier,2173-5115,8 weeks,  (DOAJ),Not Indexed,Not Available,Not Available,https://www.journals.elsevier.com/revista-portuguesa-de-pneumologia-english-edition,journalsearches.com,DOAJ
Revista Portuguesa de Pneumologia,Sociedade Portuguesa de Pneumologia,08732159,8 weeks,Free (Stated on Website),Indexed,Not Available,Not Available,https://www.journals.elsevier.com/revista-portuguesa-de-pneumologia/,journalsearches.com,journalsearches.com
Global Media and China,SAGE Publications Ltd,20594372,15 weeks,Free (Stated on Website),Indexed,"Q1The latest Impact Factor list (JCR) was released in June 2025.The Impact Factor of Global Media And China is 3.4. The impact factor (IF) is a measure of the frequency with which the average article in a journal has been cited in a particular year. It is used to measure the importance or rank of a journal by calculating the times its articles are cited.The impact factor was devised by Eugene Garfield, the founder of the Institute for Scientific Information (ISI) in Philadelphia. Impact factors began to be calculated yearly starting from 1975 for journals listed in the Journal Citation Reports (JCR). ISI was acquired by Thomson Scientific & Healthcare in 1992, and became known as Thomson ISI. In 2018, Thomson-Reuters spun off and sold ISI to Onex Corporation and Baring Private Equity Asia. They founded a new corporation, Clarivate, which is now the publisher of the JCR.",1.122,http://journals.sagepub.com/home/gch,journalsearches.com,journalsearches.com
Journal of Politics in Latin America,SAGE Publications Inc.,"18684890, 1866802X",8 weeks,Free (Stated on Website),Indexed,"Q1The latest Impact Factor list (JCR) was released in June 2025.The Impact Factor of Journal Of Politics In Latin America is 2.1. The impact factor (IF) is a measure of the frequency with which the average article in a journal has been cited in a particular year. It is used to measure the importance or rank of a journal by calculating the times its articles are cited.The impact factor was devised by Eugene Garfield, the founder of the Institute for Scientific Information (ISI) in Philadelphia. Impact factors began to be calculated yearly starting from 1975 for journals listed in the Journal Citation Reports (JCR). ISI was acquired by Thomson Scientific & Healthcare in 1992, and became known as Thomson ISI. In 2018, Thomson-Reuters spun off and sold ISI to Onex Corporation and Baring Private Equity Asia. They founded a new corporation, Clarivate, which is now the publisher of the JCR.",0.643,https://journals.sagepub.com/home/pla,journalsearches.com,journalsearches.com
Satellite Navigation,Springer International Publishing,"26629291, 26621363",12 days,Free (MU Directory),Indexed,"Q1The latest Impact Factor list (JCR) was released in June 2025.The Impact Factor of Satellite Navigation is 10.1. The impact factor (IF) is a measure of the frequency with which the average article in a journal has been cited in a particular year. It is used to measure the importance or rank of a journal by calculating the times its articles are cited.The impact factor was devised by Eugene Garfield, the founder of the Institute for Scientific Information (ISI) in Philadelphia. Impact factors began to be calculated yearly starting from 1975 for journals listed in the Journal Citation Reports (JCR). ISI was acquired by Thomson Scientific & Healthcare in 1992, and became known as Thomson ISI. In 2018, Thomson-Reuters spun off and sold ISI to Onex Corporation and Baring Private Equity Asia. They founded a new corporation, Clarivate, which is now the publisher of the JCR.",2.658,https://satellite-navigation.springeropen.com/,Springer (Direct),MU Directory
Vikalpa,SAGE Publications Ltd,"23953799, 02560909",10 weeks,Free (MU Directory),Indexed,Q4,37,https://journals.sagepub.com/home/vik,journalsearches.com,MU Directory
Disciplinary and Interdisciplinary Science Education Research,Springer,26622300,18 days,Free (MU Directory),Indexed,Q1,19,https://diser.springeropen.com/,Springer (Direct),MU Directory
Data Science and Engineering,Springer International Publishing,"23641541, 23641185",12 weeks,Free (Stated on Website),Indexed,"Q1The latest Impact Factor list (JCR) was released in June 2025.The Impact Factor of Data Science And Engineering is 4.6. The impact factor (IF) is a measure of the frequency with which the average article in a journal has been cited in a particular year. It is used to measure the importance or rank of a journal by calculating the times its articles are cited.The impact factor was devised by Eugene Garfield, the founder of the Institute for Scientific Information (ISI) in Philadelphia. Impact factors began to be calculated yearly starting from 1975 for journals listed in the Journal Citation Reports (JCR). ISI was acquired by Thomson Scientific & Healthcare in 1992, and became known as Thomson ISI. In 2018, Thomson-Reuters spun off and sold ISI to Onex Corporation and Baring Private Equity Asia. They founded a new corporation, Clarivate, which is now the publisher of the JCR.",1.273,http://www.springer.com/41019,journalsearches.com,journalsearches.com
International Journal of Chinese Education,SAGE Publications Ltd,"22125868, 2212585X",11 weeks,Free (Stated on Website),Indexed,Q2,13,https://journals.sagepub.com/home/cne,journalsearches.com,journalsearches.com
Discover Civil Engineering,Springer,2948-1546,19 days,  (DOAJ),Not Indexed,Not Available,Not Available,https://link.springer.com/journal/44290,Springer (Direct),DOAJ
Journal of Eurasian Studies,Hanyang University,18793665,8 weeks,Free (MU Directory),Indexed,Q1,31,https://journals.sagepub.com/home/ens,journalsearches.com,MU Directory
International Journal of Anthropology and Ethnology,Springer Nature,23661003,13 days,Free (MU Directory),Indexed,Q2,7,https://ijae.springeropen.com/,Springer (Direct),MU Directory
Middle East Current Psychiatry,Lippincott Williams and Wilkins Ltd.,"20905408, 20905416",7 days,Free (MU Directory),Indexed,Q3,21,https://mecp.springeropen.com/,Springer (Direct),MU Directory
Low-Carbon Materials and Green Construction,Springer,2731-6319,19 days,  (DOAJ),Not Indexed,Not Available,Not Available,https://www.springer.com/journal/44242,Springer (Direct),DOAJ
Future Business Journal,SpringerOpen,2314-7210,10 days,Free (MU Directory),Not Indexed,Not Available,Not Available,https://fbj.springeropen.com/,Springer (Direct),MU Directory
Pacific Journal of Mathematics for Industry,SpringerOpen,2198-4115,5 weeks,Free (MU Directory),Not Indexed,Not Available,Not Available,https://pacific-mathforindustry.springeropen.com/,journalsearches.com,MU Directory
Journal of Modern Transportation,Springer Science and Business Media Deutschland GmbH,2095087X,7 days,Free (MU Directory),Indexed,Not Available,Not Available,https://www.springer.com/journal/40534,Springer (Direct),MU Directory
Journal of Electrical Systems and Information Technology,SpringerOpen,2314-7172,12 days,Free (MU Directory),Not Indexed,Not Available,Not Available,https://jesit.springeropen.com/,Springer (Direct),MU Directory
The Egyptian Heart Journal,SpringerOpen,2090-911X,9 days,Free (MU Directory),Not Indexed,Not Available,Not Available,https://tehj.springeropen.com/,Springer (Direct),MU Directory
Journal of the Egyptian National Cancer Institute,Springer Science and Business Media Deutschland GmbH,"11100362, 25890409",8 days,Free (MU Directory),Indexed,"Q3The latest Impact Factor list (JCR) was released in June 2025.The Impact Factor of Journal Of The Egyptian National Cancer Institute is 1.8. The impact factor (IF) is a measure of the frequency with which the average article in a journal has been cited in a particular year. It is used to measure the importance or rank of a journal by calculating the times its articles are cited.The impact factor was devised by Eugene Garfield, the founder of the Institute for Scientific Information (ISI) in Philadelphia. Impact factors began to be calculated yearly starting from 1975 for journals listed in the Journal Citation Reports (JCR). ISI was acquired by Thomson Scientific & Healthcare in 1992, and became known as Thomson ISI. In 2018, Thomson-Reuters spun off and sold ISI to Onex Corporation and Baring Private Equity Asia. They founded a new corporation, Clarivate, which is now the publisher of the JCR.",0.561,https://jenci.springeropen.com,Springer (Direct),MU Directory
Swiss Journal of Economics and Statistics,Springer Nature,22356282,9 days,Free (MU Directory),Indexed,Q3,19,https://sjes.springeropen.com/,Springer (Direct),MU Directory
Egyptian Journal of Biological Pest Control,Springer Science and Business Media Deutschland GmbH,"11101768, 25369342",11 days,Free (MU Directory),Indexed,"Q1The latest Impact Factor list (JCR) was released in June 2025.The Impact Factor of Egyptian Journal Of Biological Pest Control is 2.1. The impact factor (IF) is a measure of the frequency with which the average article in a journal has been cited in a particular year. It is used to measure the importance or rank of a journal by calculating the times its articles are cited.The impact factor was devised by Eugene Garfield, the founder of the Institute for Scientific Information (ISI) in Philadelphia. Impact factors began to be calculated yearly starting from 1975 for journals listed in the Journal Citation Reports (JCR). ISI was acquired by Thomson Scientific & Healthcare in 1992, and became known as Thomson ISI. In 2018, Thomson-Reuters spun off and sold ISI to Onex Corporation and Baring Private Equity Asia. They founded a new corporation, Clarivate, which is now the publisher of the JCR.",0.671,https://ejbpc.springeropen.com/,Springer (Direct),MU Directory
Asian Journal for Mathematics Education,SAGE Publications Ltd,"27527271, 27527263",15 weeks,Free (Stated on Website),Indexed,Q3,3,https://journals.sagepub.com/description/MEA,journalsearches.com,journalsearches.com
Nordic Studies on Alcohol and Drugs,SAGE Publishing,1458-6126,30 weeks,Free (MU Directory),Not Indexed,Not Available,Not Available,http://journals.sagepub.com/home/nada,journalsearches.com,MU Directory
Middle East Fertility Society Journal,Springer Science and Business Media Deutschland GmbH,"11105690, 20903251",11 days,Free (MU Directory),Indexed,"Q3The latest Impact Factor list (JCR) was released in June 2025.The Impact Factor of Middle East Fertility Society Journal is 1.3. The impact factor (IF) is a measure of the frequency with which the average article in a journal has been cited in a particular year. It is used to measure the importance or rank of a journal by calculating the times its articles are cited.The impact factor was devised by Eugene Garfield, the founder of the Institute for Scientific Information (ISI) in Philadelphia. Impact factors began to be calculated yearly starting from 1975 for journals listed in the Journal Citation Reports (JCR). ISI was acquired by Thomson Scientific & Healthcare in 1992, and became known as Thomson ISI. In 2018, Thomson-Reuters spun off and sold ISI to Onex Corporation and Baring Private Equity Asia. They founded a new corporation, Clarivate, which is now the publisher of the JCR.",0.39,https://mefj.springeropen.com,Springer (Direct),MU Directory
Egyptian Journal of Medical Human Genetics,"ISSN: 20902441, 11108630 Journal Scope: Medicine","20902441, 11108630",22 days,Free (MU Directory),Indexed,"Q4The latest Impact Factor list (JCR) was released in June 2025.The Impact Factor of Egyptian Journal Of Medical Human Genetics is 1.1. The impact factor (IF) is a measure of the frequency with which the average article in a journal has been cited in a particular year. It is used to measure the importance or rank of a journal by calculating the times its articles are cited.The impact factor was devised by Eugene Garfield, the founder of the Institute for Scientific Information (ISI) in Philadelphia. Impact factors began to be calculated yearly starting from 1975 for journals listed in the Journal Citation Reports (JCR). ISI was acquired by Thomson Scientific & Healthcare in 1992, and became known as Thomson ISI. In 2018, Thomson-Reuters spun off and sold ISI to Onex Corporation and Baring Private Equity Asia. They founded a new corporation, Clarivate, which is now the publisher of the JCR.",0.332,https://jmhg.springeropen.com,Springer (Direct),MU Directory
Proceedings of Singapore Healthcare,SingHealth Academy,"20592329, 20101058",15 weeks,Free (MU Directory),Indexed,"Q3The latest Impact Factor list (JCR) was released in June 2025.The Impact Factor of Proceedings Of Singapore Healthcare is 0.5. The impact factor (IF) is a measure of the frequency with which the average article in a journal has been cited in a particular year. It is used to measure the importance or rank of a journal by calculating the times its articles are cited.The impact factor was devised by Eugene Garfield, the founder of the Institute for Scientific Information (ISI) in Philadelphia. Impact factors began to be calculated yearly starting from 1975 for journals listed in the Journal Citation Reports (JCR). ISI was acquired by Thomson Scientific & Healthcare in 1992, and became known as Thomson ISI. In 2018, Thomson-Reuters spun off and sold ISI to Onex Corporation and Baring Private Equity Asia. They founded a new corporation, Clarivate, which is now the publisher of the JCR.",0.251,http://journals.sagepub.com/home/PSH,journalsearches.com,MU Directory
Hong Kong Journal of Occupational Therapy,Elsevier (Singapore) Pte Ltd,15691861,30 weeks,Free (MU Directory),Indexed,"Q2The latest Impact Factor list (JCR) was released in June 2025.The Impact Factor of Hong Kong Journal Of Occupational Therapy is 1.6. The impact factor (IF) is a measure of the frequency with which the average article in a journal has been cited in a particular year. It is used to measure the importance or rank of a journal by calculating the times its articles are cited.The impact factor was devised by Eugene Garfield, the founder of the Institute for Scientific Information (ISI) in Philadelphia. Impact factors began to be calculated yearly starting from 1975 for journals listed in the Journal Citation Reports (JCR). ISI was acquired by Thomson Scientific & Healthcare in 1992, and became known as Thomson ISI. In 2018, Thomson-Reuters spun off and sold ISI to Onex Corporation and Baring Private Equity Asia. They founded a new corporation, Clarivate, which is now the publisher of the JCR.",0.407,https://journals.sagepub.com/home/hjo,journalsearches.com,MU Directory
African Journal of Urology,Springer Science and Business Media Deutschland GmbH,"19619987, 11105704",10 days,Free (MU Directory),Indexed,"Q3The latest Impact Factor list (JCR) was released in June 2025.The Impact Factor of African Journal Of Urology is 0.4. The impact factor (IF) is a measure of the frequency with which the average article in a journal has been cited in a particular year. It is used to measure the importance or rank of a journal by calculating the times its articles are cited.The impact factor was devised by Eugene Garfield, the founder of the Institute for Scientific Information (ISI) in Philadelphia. Impact factors began to be calculated yearly starting from 1975 for journals listed in the Journal Citation Reports (JCR). ISI was acquired by Thomson Scientific & Healthcare in 1992, and became known as Thomson ISI. In 2018, Thomson-Reuters spun off and sold ISI to Onex Corporation and Baring Private Equity Asia. They founded a new corporation, Clarivate, which is now the publisher of the JCR.",0.232,https://afju.springeropen.com,Springer (Direct),MU Directory
Bulletin of Faculty of Physical Therapy,SpringerOpen,2536-9660,18 days,Free (MU Directory),Not Indexed,Not Available,Not Available,https://bfpt.springeropen.com/,Springer (Direct),MU Directory
Egyptian Pediatric Association Gazette,SpringerOpen,2090-9942,7 days,Free (MU Directory),Not Indexed,Not Available,Not Available,https://epag.springeropen.com/,Springer (Direct),MU Directory
The Egyptian Journal of Otolaryngology,SpringerOpen,2090-8539,45 days,Free (MU Directory),Not Indexed,Not Available,Not Available,https://ejo.springeropen.com/,Springer (Direct),MU Directory
Journal of Current Southeast Asian Affairs,SAGE Publications Ltd,"18684882, 18681034",8 weeks,Free (Stated on Website),Indexed,"Q1The latest Impact Factor list (JCR) was released in June 2025.The Impact Factor of Journal Of Current Southeast Asian Affairs is 1.7. The impact factor (IF) is a measure of the frequency with which the average article in a journal has been cited in a particular year. It is used to measure the importance or rank of a journal by calculating the times its articles are cited.The impact factor was devised by Eugene Garfield, the founder of the Institute for Scientific Information (ISI) in Philadelphia. Impact factors began to be calculated yearly starting from 1975 for journals listed in the Journal Citation Reports (JCR). ISI was acquired by Thomson Scientific & Healthcare in 1992, and became known as Thomson ISI. In 2018, Thomson-Reuters spun off and sold ISI to Onex Corporation and Baring Private Equity Asia. They founded a new corporation, Clarivate, which is now the publisher of the JCR.",0.76,https://journals.sagepub.com/home/saa,journalsearches.com,journalsearches.com
Living Reviews in Solar Physics,Springer International Publishing AG,"16144961, 23673648",20 weeks,Free (MU Directory),Indexed,"Q1The latest Impact Factor list (JCR) was released in June 2025.The Impact Factor of Living Reviews In Solar Physics is 27.6. The impact factor (IF) is a measure of the frequency with which the average article in a journal has been cited in a particular year. It is used to measure the importance or rank of a journal by calculating the times its articles are cited.The impact factor was devised by Eugene Garfield, the founder of the Institute for Scientific Information (ISI) in Philadelphia. Impact factors began to be calculated yearly starting from 1975 for journals listed in the Journal Citation Reports (JCR). ISI was acquired by Thomson Scientific & Healthcare in 1992, and became known as Thomson ISI. In 2018, Thomson-Reuters spun off and sold ISI to Onex Corporation and Baring Private Equity Asia. They founded a new corporation, Clarivate, which is now the publisher of the JCR.",7.431,https://www.springer.com/journal/41116,journalsearches.com,MU Directory
NMIMS Management Review,Narsee Monjee Institute of Management Studies,Not Available,7 weeks,Free (Stated on Website),Not Indexed,Not Available,Not Available,https://journals.sagepub.com/home/NRM,journalsearches.com,journalsearches.com
Indian Journal of Clinical Cardiology,SAGE Publishing,2632-4644,15 weeks,  (DOAJ),Not Indexed,Not Available,Not Available,https://journals.sagepub.com/home/occ,journalsearches.com,DOAJ
Organization Theory,SAGE Publications Ltd,26317877,16 weeks,Free (Stated on Website),Indexed,"Q1The latest Impact Factor list (JCR) was released in June 2025.The Impact Factor of Organization Theory is 6.4. The impact factor (IF) is a measure of the frequency with which the average article in a journal has been cited in a particular year. It is used to measure the importance or rank of a journal by calculating the times its articles are cited.The impact factor was devised by Eugene Garfield, the founder of the Institute for Scientific Information (ISI) in Philadelphia. Impact factors began to be calculated yearly starting from 1975 for journals listed in the Journal Citation Reports (JCR). ISI was acquired by Thomson Scientific & Healthcare in 1992, and became known as Thomson ISI. In 2018, Thomson-Reuters spun off and sold ISI to Onex Corporation and Baring Private Equity Asia. They founded a new corporation, Clarivate, which is now the publisher of the JCR.",6.872,https://journals.sagepub.com/home/ott,journalsearches.com,journalsearches.com
Beni-Suef University Journal of Basic and Applied Sciences,Springer Science and Business Media Deutschland GmbH,"23148543, 23148535",12 days,Free (MU Directory),Indexed,"Q2The latest Impact Factor list (JCR) was released in June 2025.The Impact Factor of Beni-suef University Journal Of Basic And Applied Sciences is 2.6. The impact factor (IF) is a measure of the frequency with which the average article in a journal has been cited in a particular year. It is used to measure the importance or rank of a journal by calculating the times its articles are cited.The impact factor was devised by Eugene Garfield, the founder of the Institute for Scientific Information (ISI) in Philadelphia. Impact factors began to be calculated yearly starting from 1975 for journals listed in the Journal Citation Reports (JCR). ISI was acquired by Thomson Scientific & Healthcare in 1992, and became known as Thomson ISI. In 2018, Thomson-Reuters spun off and sold ISI to Onex Corporation and Baring Private Equity Asia. They founded a new corporation, Clarivate, which is now the publisher of the JCR.",0.504,https://bjbas.springeropen.com,Springer (Direct),MU Directory
The Egyptian Journal of Bronchology,SpringerOpen,2314-8551,8 days,Free (MU Directory),Not Indexed,Not Available,Not Available,https://ejb.springeropen.com/,Springer (Direct),MU Directory
Indian Journal of Rheumatology,SAGE Publications Ltd,9733698,8 weeks,Free (MU Directory),Indexed,"Q4The latest Impact Factor list (JCR) was released in June 2025.The Impact Factor of Indian Journal Of Rheumatology is 0.5. The impact factor (IF) is a measure of the frequency with which the average article in a journal has been cited in a particular year. It is used to measure the importance or rank of a journal by calculating the times its articles are cited.The impact factor was devised by Eugene Garfield, the founder of the Institute for Scientific Information (ISI) in Philadelphia. Impact factors began to be calculated yearly starting from 1975 for journals listed in the Journal Citation Reports (JCR). ISI was acquired by Thomson Scientific & Healthcare in 1992, and became known as Thomson ISI. In 2018, Thomson-Reuters spun off and sold ISI to Onex Corporation and Baring Private Equity Asia. They founded a new corporation, Clarivate, which is now the publisher of the JCR.",0.167,https://journals.sagepub.com/home/JRH,journalsearches.com,MU Directory
Journal of the Egyptian Public Health Association,SpringerOpen,2090-262X,8 days,Free (MU Directory),Not Indexed,Not Available,Not Available,https://jepha.springeropen.com/,Springer (Direct),MU Directory
Chinese Journal of Mechanical Engineering,SpringerOpen,2192-8258,36 days,Free (MU Directory),Not Indexed,Not Available,Not Available,https://cjme.springeropen.com/,Springer (Direct),MU Directory
Ain Shams Journal of Anesthesiology,SpringerOpen,2090-925X,10 weeks,Free (MU Directory),Not Indexed,Not Available,Not Available,https://asja.springeropen.com/,journalsearches.com,MU Directory
Emerging Economies Cases Journal,Indian Institute of Management Rohtak,2516-6050,16 weeks,  (DOAJ),Not Indexed,Not Available,Not Available,https://journals.sagepub.com/home/EEC,journalsearches.com,DOAJ
Annals of Pediatric Surgery,SpringerOpen,2090-5394,9 weeks,Free (MU Directory),Not Indexed,Not Available,Not Available,https://aops.springeropen.com/,journalsearches.com,MU Directory
Journal of the Egyptian Mathematical Society,SpringerOpen,2090-9128,9 weeks,Free (MU Directory),Not Indexed,Not Available,Not Available,https://joems.springeropen.com/,journalsearches.com,MU Directory
Journal of Traditional and Complementary Medicine,National Taiwan University,22254110,12 weeks,Free (Stated on Website),Indexed,"Q1The latest Impact Factor list (JCR) was released in June 2025.The Impact Factor of Journal Of Traditional And Complementary Medicine is 3.0. The impact factor (IF) is a measure of the frequency with which the average article in a journal has been cited in a particular year. It is used to measure the importance or rank of a journal by calculating the times its articles are cited.The impact factor was devised by Eugene Garfield, the founder of the Institute for Scientific Information (ISI) in Philadelphia. Impact factors began to be calculated yearly starting from 1975 for journals listed in the Journal Citation Reports (JCR). ISI was acquired by Thomson Scientific & Healthcare in 1992, and became known as Thomson ISI. In 2018, Thomson-Reuters spun off and sold ISI to Onex Corporation and Baring Private Equity Asia. They founded a new corporation, Clarivate, which is now the publisher of the JCR.",0.701,http://www.journals.elsevier.com/journal-of-traditional-and-complementary-medicine/,journalsearches.com,journalsearches.com
Indian Heart Journal,Elsevier B.V.,"22133763, 00194832",53 weeks,Free (Stated on Website),Indexed,"Q3The latest Impact Factor list (JCR) was released in June 2025.The Impact Factor of Indian Heart Journal is 1.8. The impact factor (IF) is a measure of the frequency with which the average article in a journal has been cited in a particular year. It is used to measure the importance or rank of a journal by calculating the times its articles are cited.The impact factor was devised by Eugene Garfield, the founder of the Institute for Scientific Information (ISI) in Philadelphia. Impact factors began to be calculated yearly starting from 1975 for journals listed in the Journal Citation Reports (JCR). ISI was acquired by Thomson Scientific & Healthcare in 1992, and became known as Thomson ISI. In 2018, Thomson-Reuters spun off and sold ISI to Onex Corporation and Baring Private Equity Asia. They founded a new corporation, Clarivate, which is now the publisher of the JCR.",0.458,https://www.sciencedirect.com/journal/indian-heart-journal,journalsearches.com,journalsearches.com
Egyptian Liver Journal,Lippincott Williams and Wilkins Ltd.,"20906226, 20906218",8 days,Free (MU Directory),Indexed,Q4,11,https://eglj.springeropen.com/,Springer (Direct),MU Directory
International Journal of Mining Science and Technology,China University of Mining and Technology,20952686,40 weeks,Free (Stated on Website),Indexed,"Q1The latest Impact Factor list (JCR) was released in June 2025.The Impact Factor of International Journal Of Mining Science And Technology is 13.7. The impact factor (IF) is a measure of the frequency with which the average article in a journal has been cited in a particular year. It is used to measure the importance or rank of a journal by calculating the times its articles are cited.The impact factor was devised by Eugene Garfield, the founder of the Institute for Scientific Information (ISI) in Philadelphia. Impact factors began to be calculated yearly starting from 1975 for journals listed in the Journal Citation Reports (JCR). ISI was acquired by Thomson Scientific & Healthcare in 1992, and became known as Thomson ISI. In 2018, Thomson-Reuters spun off and sold ISI to Onex Corporation and Baring Private Equity Asia. They founded a new corporation, Clarivate, which is now the publisher of the JCR.",3.137,https://www.sciencedirect.com/journal/international-journal-of-mining-science-and-technology/vol/27/issue/6,journalsearches.com,journalsearches.com
Japanese Dental Science Review,Elsevier Ltd,"18827616, 22136851",30 weeks,Free (Stated on Website),Indexed,"Q1The latest Impact Factor list (JCR) was released in June 2025.The Impact Factor of Japanese Dental Science Review is 6.6. The impact factor (IF) is a measure of the frequency with which the average article in a journal has been cited in a particular year. It is used to measure the importance or rank of a journal by calculating the times its articles are cited.The impact factor was devised by Eugene Garfield, the founder of the Institute for Scientific Information (ISI) in Philadelphia. Impact factors began to be calculated yearly starting from 1975 for journals listed in the Journal Citation Reports (JCR). ISI was acquired by Thomson Scientific & Healthcare in 1992, and became known as Thomson ISI. In 2018, Thomson-Reuters spun off and sold ISI to Onex Corporation and Baring Private Equity Asia. They founded a new corporation, Clarivate, which is now the publisher of the JCR.",1.575,https://www.sciencedirect.com/journal/japanese-dental-science-review,journalsearches.com,journalsearches.com
Discover Soil,Springer,3005-1223,22 days,  (DOAJ),Not Indexed,Not Available,Not Available,https://link.springer.com/journal/44378,Springer (Direct),DOAJ
Discover Electrochemistry,Springer,3005-1215,21 days,  (DOAJ),Not Indexed,Not Available,Not Available,https://link.springer.com/journal/44373,Springer (Direct),DOAJ
Rice Science,Elsevier B.V.,16726308,40 weeks,Free (Stated on Website),Indexed,"Q1The latest Impact Factor list (JCR) was released in June 2025.The Impact Factor of Rice Science is 6.1. The impact factor (IF) is a measure of the frequency with which the average article in a journal has been cited in a particular year. It is used to measure the importance or rank of a journal by calculating the times its articles are cited.The impact factor was devised by Eugene Garfield, the founder of the Institute for Scientific Information (ISI) in Philadelphia. Impact factors began to be calculated yearly starting from 1975 for journals listed in the Journal Citation Reports (JCR). ISI was acquired by Thomson Scientific & Healthcare in 1992, and became known as Thomson ISI. In 2018, Thomson-Reuters spun off and sold ISI to Onex Corporation and Baring Private Equity Asia. They founded a new corporation, Clarivate, which is now the publisher of the JCR.",1.153,https://www.sciencedirect.com/journal/rice-science,journalsearches.com,journalsearches.com
Computational Visual Media,Institute of Electrical and Electronics Engineers Inc.,"20960662, 20960433",6 weeks,Free (Stated on Website),Indexed,"Q1The latest Impact Factor list (JCR) was released in June 2025.The Impact Factor of Computational Visual Media is 18.3. The impact factor (IF) is a measure of the frequency with which the average article in a journal has been cited in a particular year. It is used to measure the importance or rank of a journal by calculating the times its articles are cited.The impact factor was devised by Eugene Garfield, the founder of the Institute for Scientific Information (ISI) in Philadelphia. Impact factors began to be calculated yearly starting from 1975 for journals listed in the Journal Citation Reports (JCR). ISI was acquired by Thomson Scientific & Healthcare in 1992, and became known as Thomson ISI. In 2018, Thomson-Reuters spun off and sold ISI to Onex Corporation and Baring Private Equity Asia. They founded a new corporation, Clarivate, which is now the publisher of the JCR.",3.166,http://www.springer.com/41095,journalsearches.com,journalsearches.com
Pediatrics and Neonatology,Elsevier (Singapore) Pte Ltd,"18759572, 22121692",52 weeks,Free (Stated on Website),Indexed,"Q2The latest Impact Factor list (JCR) was released in June 2025.The Impact Factor of Pediatrics And Neonatology is 2.1. The impact factor (IF) is a measure of the frequency with which the average article in a journal has been cited in a particular year. It is used to measure the importance or rank of a journal by calculating the times its articles are cited.The impact factor was devised by Eugene Garfield, the founder of the Institute for Scientific Information (ISI) in Philadelphia. Impact factors began to be calculated yearly starting from 1975 for journals listed in the Journal Citation Reports (JCR). ISI was acquired by Thomson Scientific & Healthcare in 1992, and became known as Thomson ISI. In 2018, Thomson-Reuters spun off and sold ISI to Onex Corporation and Baring Private Equity Asia. They founded a new corporation, Clarivate, which is now the publisher of the JCR.",0.538,https://www.sciencedirect.com/journal/pediatrics-and-neonatology,journalsearches.com,journalsearches.com
Brazilian Journal of Anesthesiology,Elsevier Editora Ltda,00347094,51 weeks,Free (Stated on Website),Indexed,Not Available,Not Available,https://www.sciencedirect.com/journal/brazilian-journal-of-anesthesiology-english-edition,journalsearches.com,journalsearches.com
Smart Construction and Sustainable Cities,Springer,2731-9032,19 days,  (DOAJ),Not Indexed,Not Available,Not Available,https://link.springer.com/journal/44268,Springer (Direct),DOAJ
Discover Cities,Springer,3004-8311,17 days,  (DOAJ),Not Indexed,Not Available,Not Available,https://link.springer.com/journal/44327,Springer (Direct),DOAJ
Nuclear Physics B,Elsevier B.V.,5503213,12 weeks,Free (Stated on Website),Indexed,"Q1The latest Impact Factor list (JCR) was released in June 2025.The Impact Factor of Nuclear Physics B is 2.8. The impact factor (IF) is a measure of the frequency with which the average article in a journal has been cited in a particular year. It is used to measure the importance or rank of a journal by calculating the times its articles are cited.The impact factor was devised by Eugene Garfield, the founder of the Institute for Scientific Information (ISI) in Philadelphia. Impact factors began to be calculated yearly starting from 1975 for journals listed in the Journal Citation Reports (JCR). ISI was acquired by Thomson Scientific & Healthcare in 1992, and became known as Thomson ISI. In 2018, Thomson-Reuters spun off and sold ISI to Onex Corporation and Baring Private Equity Asia. They founded a new corporation, Clarivate, which is now the publisher of the JCR.",0.868,https://www.sciencedirect.com/journal/nuclear-physics-b,journalsearches.com,journalsearches.com
Physics Letters B,Elsevier,1873-2445,23 weeks,  (DOAJ),Not Indexed,Not Available,Not Available,https://www.sciencedirect.com/journal/physics-letters-b,journalsearches.com,DOAJ
Business Research Quarterly,SAGE Publishing,2340-9444,10 weeks,  (DOAJ),Not Indexed,Not Available,Not Available,https://journals.sagepub.com/home/brq,journalsearches.com,DOAJ
Taiwanese Journal of Obstetrics & Gynecology,"ELSEVIER TAIWAN Taiwanese Journal of Obstetrics & GynecologyE-ISSN: Publisher: Elsevier Taiwanese Journal of Obstetrics and GynecologyE-ISSN: Publisher: Elsevier Taiwan AMERICAN JOURNAL OF OBSTETRICS AND GYNECOLOGYE-ISSN: 1097-6868Publisher: MOSBY-ELSEVIER AMERICAN JOURNAL OF OBSTETRICS & GYNECOLOGY MFME-ISSN: 2589-9333Publisher: ELSEVIER EUROPEAN JOURNAL OF OBSTETRICS & GYNECOLOGY AND REPRODUCTIVE BIOLOGYE-ISSN: 1872-7654Publisher: ELSEVIER INTERNATIONAL JOURNAL OF GYNECOLOGY & OBSTETRICSE-ISSN: 1879-3479Publisher: WILEY JOURNAL OF GYNECOLOGY OBSTETRICS AND HUMAN REPRODUCTIONE-ISSN: 1773-0430Publisher: ELSEVIER MASSON, CORPORATION OFFICE JOURNAL OF PSYCHOSOMATIC OBSTETRICS & GYNECOLOGYE-ISSN: 1743-8942Publisher: TAYLOR & FRANCIS LTD JOURNAL OF PSYCHOSOMATIC OBSTETRICS & GYNECOLOGYE-ISSN: 1743-8942Publisher: TAYLOR & FRANCIS LTD JOURNAL OF CLINICAL OBSTETRICS AND GYNECOLOGYE-ISSN: 2619-9467Publisher: TURKIYE KLINIKLERI JOURNAL OF OBSTETRICS AND GYNECOLOGY OF INDIAE-ISSN: 0975-6434Publisher: SPRINGER INDIA TURKISH JOURNAL OF OBSTETRICS AND GYNECOLOGYE-ISSN: 2149-9330Publisher: GALENOS PUBL HOUSE Indonesian Journal of Obstetrics and GynecologyE-ISSN: 2338-7335Publisher: Indonesian Society of Obstetrics and Gynecology European Journal of Obstetrics & Gynecology and Reproductive Biology: XE-ISSN: 2590-1613Publisher: ElsevierNot getting the journal you are searching for? So it most likely not indexed in Scopus, WOS, PubMed, DOAJ, UGC CARE. You might also try: Enter the correct title.Check the spelling of the wordsMake sure you have added spaces between words",Not Available,Not Available,Not Available,Not Indexed,Not Available,Not Available,Not Available,Aggregator,Unknown
Digital Economy and Sustainable Development,Springer,2731-9423,21 days,  (DOAJ),Not Indexed,Not Available,Not Available,https://link.springer.com/journal/44265,Springer (Direct),DOAJ
Therapeutic Advances in Rare Disease,SAGE Publications Ltd,26330040,15 weeks,Free (Stated on Website),Indexed,Q2,8,https://journals.sagepub.com/home/trd,journalsearches.com,journalsearches.com
Discover public health,BioMed Central Ltd,,21 days,Free (Stated on Website),Indexed,Not Available,Not Available,https://link.springer.com/journal/12982,Springer (Direct),journalsearches.com
Empirical Research in Vocational Education and Training,Springer Science + Business Media,"18776337, 18776345",13 weeks,Free (MU Directory),Indexed,"Q1The latest Impact Factor list (JCR) was released in June 2025.The Impact Factor of Empirical Research In Vocational Education And Training is 3.1. The impact factor (IF) is a measure of the frequency with which the average article in a journal has been cited in a particular year. It is used to measure the importance or rank of a journal by calculating the times its articles are cited.The impact factor was devised by Eugene Garfield, the founder of the Institute for Scientific Information (ISI) in Philadelphia. Impact factors began to be calculated yearly starting from 1975 for journals listed in the Journal Citation Reports (JCR). ISI was acquired by Thomson Scientific & Healthcare in 1992, and became known as Thomson ISI. In 2018, Thomson-Reuters spun off and sold ISI to Onex Corporation and Baring Private Equity Asia. They founded a new corporation, Clarivate, which is now the publisher of the JCR.",0.753,http://www.ervet-journal.com/,journalsearches.com,MU Directory
Emerging Media,SAGE Publishing,2752-3551,12 weeks,  (DOAJ),Not Indexed,Not Available,Not Available,https://journals.sagepub.com/home/EMM,journalsearches.com,DOAJ
Large-Scale Assessments in Education,SpringerOpen,21960739,13 weeks,Free (MU Directory),Indexed,"Q1The latest Impact Factor list (JCR) was released in June 2025.The Impact Factor of Large-scale Assessments In Education is 3.0. The impact factor (IF) is a measure of the frequency with which the average article in a journal has been cited in a particular year. It is used to measure the importance or rank of a journal by calculating the times its articles are cited.The impact factor was devised by Eugene Garfield, the founder of the Institute for Scientific Information (ISI) in Philadelphia. Impact factors began to be calculated yearly starting from 1975 for journals listed in the Journal Citation Reports (JCR). ISI was acquired by Thomson Scientific & Healthcare in 1992, and became known as Thomson ISI. In 2018, Thomson-Reuters spun off and sold ISI to Onex Corporation and Baring Private Equity Asia. They founded a new corporation, Clarivate, which is now the publisher of the JCR.",1.155,http://www.largescaleassessmentsineducation.com/,journalsearches.com,MU Directory
Journal for Labour Market Research,"ISSN: 25105027, 25105019 Journal Scope: Business, Management and Accounting; Economics, Econometrics and Finance","25105027, 25105019",26 days,Free (MU Directory),Indexed,"Q2The latest Impact Factor list (JCR) was released in June 2025.The Impact Factor of Journal For Labour Market Research is 1.7. The impact factor (IF) is a measure of the frequency with which the average article in a journal has been cited in a particular year. It is used to measure the importance or rank of a journal by calculating the times its articles are cited.The impact factor was devised by Eugene Garfield, the founder of the Institute for Scientific Information (ISI) in Philadelphia. Impact factors began to be calculated yearly starting from 1975 for journals listed in the Journal Citation Reports (JCR). ISI was acquired by Thomson Scientific & Healthcare in 1992, and became known as Thomson ISI. In 2018, Thomson-Reuters spun off and sold ISI to Onex Corporation and Baring Private Equity Asia. They founded a new corporation, Clarivate, which is now the publisher of the JCR.",0.545,http://labourmarketresearch.springeropen.com/,Springer (Direct),MU Directory
Schmalenbach Journal of Business Research,Springer Gabler,"23666153, 03412687",25 days,Free (MU Directory),Indexed,Q2,37,https://www.springer.com/journal/41471,Springer (Direct),MU Directory
International Journal of Child Care and Education Policy,SpringerOpen,"19765681, 22886729",13 weeks,Free (MU Directory),Indexed,"Q1The latest Impact Factor list (JCR) was released in June 2025.The Impact Factor of International Journal Of Child Care And Education Policy is 1.8. The impact factor (IF) is a measure of the frequency with which the average article in a journal has been cited in a particular year. It is used to measure the importance or rank of a journal by calculating the times its articles are cited.The impact factor was devised by Eugene Garfield, the founder of the Institute for Scientific Information (ISI) in Philadelphia. Impact factors began to be calculated yearly starting from 1975 for journals listed in the Journal Citation Reports (JCR). ISI was acquired by Thomson Scientific & Healthcare in 1992, and became known as Thomson ISI. In 2018, Thomson-Reuters spun off and sold ISI to Onex Corporation and Baring Private Equity Asia. They founded a new corporation, Clarivate, which is now the publisher of the JCR.",0.629,http://www.ijccep.com,journalsearches.com,MU Directory
Revista Portuguesa de Cardiologia,Sociedade Portuguesa de Cardiologia,"08702551, 21742030",36 weeks,Free (Stated on Website),Indexed,"Q3The latest Impact Factor list (JCR) was released in June 2025.The Impact Factor of Revista Portuguesa De Cardiologia is 1.6. The impact factor (IF) is a measure of the frequency with which the average article in a journal has been cited in a particular year. It is used to measure the importance or rank of a journal by calculating the times its articles are cited.The impact factor was devised by Eugene Garfield, the founder of the Institute for Scientific Information (ISI) in Philadelphia. Impact factors began to be calculated yearly starting from 1975 for journals listed in the Journal Citation Reports (JCR). ISI was acquired by Thomson Scientific & Healthcare in 1992, and became known as Thomson ISI. In 2018, Thomson-Reuters spun off and sold ISI to Onex Corporation and Baring Private Equity Asia. They founded a new corporation, Clarivate, which is now the publisher of the JCR.",0.4,https://www.journals.elsevier.com/revista-portuguesa-de-cardiologia/,journalsearches.com,journalsearches.com
Business Research,Springer Science and Business Media Deutschland GmbH,21983402,13 weeks,Free (MU Directory),Indexed,Not Available,Not Available,https://www.springer.com/journal/40685,journalsearches.com,MU Directory
International Journal of Disaster Risk Science,Beijing Normal University Press,"21926395, 20950055",13 weeks,Free (MU Directory),Indexed,"Q1The latest Impact Factor list (JCR) was released in June 2025.The Impact Factor of International Journal Of Disaster Risk Science is 4.0. The impact factor (IF) is a measure of the frequency with which the average article in a journal has been cited in a particular year. It is used to measure the importance or rank of a journal by calculating the times its articles are cited.The impact factor was devised by Eugene Garfield, the founder of the Institute for Scientific Information (ISI) in Philadelphia. Impact factors began to be calculated yearly starting from 1975 for journals listed in the Journal Citation Reports (JCR). ISI was acquired by Thomson Scientific & Healthcare in 1992, and became known as Thomson ISI. In 2018, Thomson-Reuters spun off and sold ISI to Onex Corporation and Baring Private Equity Asia. They founded a new corporation, Clarivate, which is now the publisher of the JCR.",0.945,http://www.springer.com/13753,journalsearches.com,MU Directory
Discover Geoscience,Springer,2948-1589,19 days,  (DOAJ),Not Indexed,Not Available,Not Available,https://link.springer.com/journal/44288,Springer (Direct),DOAJ
Progress in Orthodontics,Springer Verlag,17237785,13 weeks,Free (MU Directory),Indexed,"Q1The latest Impact Factor list (JCR) was released in June 2025.The Impact Factor of Progress In Orthodontics is 5.0. The impact factor (IF) is a measure of the frequency with which the average article in a journal has been cited in a particular year. It is used to measure the importance or rank of a journal by calculating the times its articles are cited.The impact factor was devised by Eugene Garfield, the founder of the Institute for Scientific Information (ISI) in Philadelphia. Impact factors began to be calculated yearly starting from 1975 for journals listed in the Journal Citation Reports (JCR). ISI was acquired by Thomson Scientific & Healthcare in 1992, and became known as Thomson ISI. In 2018, Thomson-Reuters spun off and sold ISI to Onex Corporation and Baring Private Equity Asia. They founded a new corporation, Clarivate, which is now the publisher of the JCR.",1.538,http://www.progressinorthodontics.com/,journalsearches.com,MU Directory
Interpreting and Society,SAGE Publications Ltd,27523810,4 weeks,Free (Stated on Website),Indexed,Q2,5,https://journals.sagepub.com/home/ISY,journalsearches.com,journalsearches.com
Therapeutic Advances in Vaccines and Immunotherapy,SAGE Publications Ltd,"25151355, 25151363",8 weeks,Free (MU Directory),Indexed,Q2,17,https://journals.sagepub.com/home/tav,journalsearches.com,MU Directory
Journal of Current Chinese Affairs,SAGE Publications Inc.,"18684874, 18681026",7 weeks,Free (Stated on Website),Indexed,Q1,20,https://journals.sagepub.com/home/cca,journalsearches.com,journalsearches.com
Natural Products and Bioprospecting,Springer Singapore,"21922209, 21922195",22 days,Free (MU Directory),Indexed,"Q1The latest Impact Factor list (JCR) was released in June 2025.The Impact Factor of Natural Products And Bioprospecting is 4.9. The impact factor (IF) is a measure of the frequency with which the average article in a journal has been cited in a particular year. It is used to measure the importance or rank of a journal by calculating the times its articles are cited.The impact factor was devised by Eugene Garfield, the founder of the Institute for Scientific Information (ISI) in Philadelphia. Impact factors began to be calculated yearly starting from 1975 for journals listed in the Journal Citation Reports (JCR). ISI was acquired by Thomson Scientific & Healthcare in 1992, and became known as Thomson ISI. In 2018, Thomson-Reuters spun off and sold ISI to Onex Corporation and Baring Private Equity Asia. They founded a new corporation, Clarivate, which is now the publisher of the JCR.",1.067,http://www.springer.com/13659,Springer (Direct),MU Directory
Journal of Pacific Rim Psychology,SAGE Publications Ltd,18344909,20 weeks,Free (Stated on Website),Indexed,"Q1The latest Impact Factor list (JCR) was released in June 2025.The Impact Factor of Journal Of Pacific Rim Psychology is 2.4. The impact factor (IF) is a measure of the frequency with which the average article in a journal has been cited in a particular year. It is used to measure the importance or rank of a journal by calculating the times its articles are cited.The impact factor was devised by Eugene Garfield, the founder of the Institute for Scientific Information (ISI) in Philadelphia. Impact factors began to be calculated yearly starting from 1975 for journals listed in the Journal Citation Reports (JCR). ISI was acquired by Thomson Scientific & Healthcare in 1992, and became known as Thomson ISI. In 2018, Thomson-Reuters spun off and sold ISI to Onex Corporation and Baring Private Equity Asia. They founded a new corporation, Clarivate, which is now the publisher of the JCR.",0.798,https://journals.sagepub.com/home/pac,journalsearches.com,journalsearches.com
International Journal of Educational Technology in Higher Education,Springer Netherlands,23659440,5 days,Free (MU Directory),Indexed,"Q1The latest Impact Factor list (JCR) was released in June 2025.The Impact Factor of International Journal Of Educational Technology In Higher Education is 16.7. The impact factor (IF) is a measure of the frequency with which the average article in a journal has been cited in a particular year. It is used to measure the importance or rank of a journal by calculating the times its articles are cited.The impact factor was devised by Eugene Garfield, the founder of the Institute for Scientific Information (ISI) in Philadelphia. Impact factors began to be calculated yearly starting from 1975 for journals listed in the Journal Citation Reports (JCR). ISI was acquired by Thomson Scientific & Healthcare in 1992, and became known as Thomson ISI. In 2018, Thomson-Reuters spun off and sold ISI to Onex Corporation and Baring Private Equity Asia. They founded a new corporation, Clarivate, which is now the publisher of the JCR.",3.912,http://educationaltechnologyjournal.springeropen.com/,Springer (Direct),MU Directory
Photonic Sensors,Springer China,"21907439, 16749251",13 weeks,Free (MU Directory),Indexed,"Q1The latest Impact Factor list (JCR) was released in June 2025.The Impact Factor of Photonic Sensors is 3.7. The impact factor (IF) is a measure of the frequency with which the average article in a journal has been cited in a particular year. It is used to measure the importance or rank of a journal by calculating the times its articles are cited.The impact factor was devised by Eugene Garfield, the founder of the Institute for Scientific Information (ISI) in Philadelphia. Impact factors began to be calculated yearly starting from 1975 for journals listed in the Journal Citation Reports (JCR). ISI was acquired by Thomson Scientific & Healthcare in 1992, and became known as Thomson ISI. In 2018, Thomson-Reuters spun off and sold ISI to Onex Corporation and Baring Private Equity Asia. They founded a new corporation, Clarivate, which is now the publisher of the JCR.",0.908,http://www.springer.com/13320,journalsearches.com,MU Directory
Plasmatology,SAGE Publications Ltd,26348535,25 weeks,Free (MU Directory),Indexed,"Q4The latest Impact Factor list (JCR) was released in June 2025.The Impact Factor of Plasmatology is 0.6. The impact factor (IF) is a measure of the frequency with which the average article in a journal has been cited in a particular year. It is used to measure the importance or rank of a journal by calculating the times its articles are cited.The impact factor was devised by Eugene Garfield, the founder of the Institute for Scientific Information (ISI) in Philadelphia. Impact factors began to be calculated yearly starting from 1975 for journals listed in the Journal Citation Reports (JCR). ISI was acquired by Thomson Scientific & Healthcare in 1992, and became known as Thomson ISI. In 2018, Thomson-Reuters spun off and sold ISI to Onex Corporation and Baring Private Equity Asia. They founded a new corporation, Clarivate, which is now the publisher of the JCR.",0.149,https://journals.sagepub.com/home/bdx,journalsearches.com,MU Directory
Financial Innovation,SpringerOpen,21994730,19 days,Free (MU Directory),Indexed,"Q1The latest Impact Factor list (JCR) was released in June 2025.The Impact Factor of Financial Innovation is 7.2. The impact factor (IF) is a measure of the frequency with which the average article in a journal has been cited in a particular year. It is used to measure the importance or rank of a journal by calculating the times its articles are cited.The impact factor was devised by Eugene Garfield, the founder of the Institute for Scientific Information (ISI) in Philadelphia. Impact factors began to be calculated yearly starting from 1975 for journals listed in the Journal Citation Reports (JCR). ISI was acquired by Thomson Scientific & Healthcare in 1992, and became known as Thomson ISI. In 2018, Thomson-Reuters spun off and sold ISI to Onex Corporation and Baring Private Equity Asia. They founded a new corporation, Clarivate, which is now the publisher of the JCR.",1.287,http://jfin-swufe.springeropen.com/,Springer (Direct),MU Directory
International Journal of Coal Science & Technology,"SPRINGERNATURE International Journal of Coal Science & TechnologyE-ISSN: 2198-7823Publisher: SpringerOpen International Journal of Coal Science and TechnologyE-ISSN: 21987823Publisher: Springer International Publishing AG Meitan Kexue Jishu/Coal Science and Technology (Peking)E-ISSN: Publisher: China Coal Society INTERNATIONAL JOURNAL OF OIL GAS AND COAL TECHNOLOGYE-ISSN: 1753-3317Publisher: INDERSCIENCE ENTERPRISES LTD International Journal of Oil, Gas and Coal TechnologyE-ISSN: 17533317Publisher: Inderscience Publishers Clean Coal TechnologyE-ISSN: Publisher: China International Book Trading Corp. (Guoji Shudian) Journal of Coal Science and EngineeringE-ISSN: Publisher: China Coal Society INTERNATIONAL JOURNAL OF COAL GEOLOGYE-ISSN: 1872-7840Publisher: ELSEVIER INTERNATIONAL JOURNAL OF COAL PREPARATION AND UTILIZATIONE-ISSN: 1939-2702Publisher: TAYLOR & FRANCIS INC International Journal of Coal GeologyE-ISSN: Publisher: Elsevier B.V. International Journal of Coal Preparation and UtilizationE-ISSN: Publisher: Taylor and Francis Coal InternationalE-ISSN: Publisher: Tradelink Publication Ltd. Coal International Mining and Quarry WorldE-ISSN: Publisher: Tradelink Publication Ltd. Coal Preparation: A Multinational JournalE-ISSN: Publisher: Taylor & FrancisNot getting the journal you are searching for? So it most likely not indexed in Scopus, WOS, PubMed, DOAJ, UGC CARE. You might also try: Enter the correct title.Check the spelling of the wordsMake sure you have added spaces between words",Not Available,Not Available,Not Available,Not Indexed,Not Available,Not Available,Not Available,Aggregator,Unknown
The Egyptian Journal of Radiology and Nuclear Medicine,SpringerOpen,2090-4762,19 days,Free (MU Directory),Not Indexed,Not Available,Not Available,https://ejrnm.springeropen.com,Springer (Direct),MU Directory
Egyptian Rheumatology and Rehabilitation,Springer,"1110161X, 20903235",8 days,Free (MU Directory),Indexed,Q3,7,https://erar.springeropen.com/,Springer (Direct),MU Directory
Journal of Indian Orthodontic Society,Indian Orthodontic Society,0974-9098,10 weeks,  (DOAJ),Not Indexed,Not Available,Not Available,https://journals.sagepub.com/home/jio,journalsearches.com,DOAJ
The Egyptian Journal of Internal Medicine,SpringerOpen,2090-9098,10 days,Free (MU Directory),Not Indexed,Not Available,Not Available,https://ejim.springeropen.com/,Springer (Direct),MU Directory
Africa Spectrum,Institut fur Afrika-Kunde,20397,6 weeks,Free (MU Directory),Indexed,"Q1The latest Impact Factor list (JCR) was released in June 2025.The Impact Factor of Africa Spectrum is 2.2. The impact factor (IF) is a measure of the frequency with which the average article in a journal has been cited in a particular year. It is used to measure the importance or rank of a journal by calculating the times its articles are cited.The impact factor was devised by Eugene Garfield, the founder of the Institute for Scientific Information (ISI) in Philadelphia. Impact factors began to be calculated yearly starting from 1975 for journals listed in the Journal Citation Reports (JCR). ISI was acquired by Thomson Scientific & Healthcare in 1992, and became known as Thomson ISI. In 2018, Thomson-Reuters spun off and sold ISI to Onex Corporation and Baring Private Equity Asia. They founded a new corporation, Clarivate, which is now the publisher of the JCR.",0.912,https://journals.sagepub.com/home/afr,journalsearches.com,MU Directory
Living Reviews in Relativity,Springer International Publishing AG,"14338351, 23673613",3 days,Free (MU Directory),Indexed,"Q1The latest Impact Factor list (JCR) was released in June 2025.The Impact Factor of Living Reviews In Relativity is 62.5. The impact factor (IF) is a measure of the frequency with which the average article in a journal has been cited in a particular year. It is used to measure the importance or rank of a journal by calculating the times its articles are cited.The impact factor was devised by Eugene Garfield, the founder of the Institute for Scientific Information (ISI) in Philadelphia. Impact factors began to be calculated yearly starting from 1975 for journals listed in the Journal Citation Reports (JCR). ISI was acquired by Thomson Scientific & Healthcare in 1992, and became known as Thomson ISI. In 2018, Thomson-Reuters spun off and sold ISI to Onex Corporation and Baring Private Equity Asia. They founded a new corporation, Clarivate, which is now the publisher of the JCR.",14.562,http://www.springer.com/physics/theoretical%2C+mathematical+%26+computational+physics/journal/41114,Springer (Direct),MU Directory
Journal of High Energy Physics,Springer Verlag,10298479,12 weeks,Free (MU Directory),Indexed,"Q1The latest Impact Factor list (JCR) was released in June 2025.The Impact Factor of Journal Of High Energy Physics is 5.5. The impact factor (IF) is a measure of the frequency with which the average article in a journal has been cited in a particular year. It is used to measure the importance or rank of a journal by calculating the times its articles are cited.The impact factor was devised by Eugene Garfield, the founder of the Institute for Scientific Information (ISI) in Philadelphia. Impact factors began to be calculated yearly starting from 1975 for journals listed in the Journal Citation Reports (JCR). ISI was acquired by Thomson Scientific & Healthcare in 1992, and became known as Thomson ISI. In 2018, Thomson-Reuters spun off and sold ISI to Onex Corporation and Baring Private Equity Asia. They founded a new corporation, Clarivate, which is now the publisher of the JCR.",0.833,http://www.springer.com/physics/particle+and+nuclear+physics/journal/13130,journalsearches.com,MU Directory
Advances in Bridge Engineering,Springer,26625407,7 days,Free (MU Directory),Indexed,"Q1The latest Impact Factor list (JCR) was released in June 2025.The Impact Factor of Advances In Bridge Engineering is 2.1. The impact factor (IF) is a measure of the frequency with which the average article in a journal has been cited in a particular year. It is used to measure the importance or rank of a journal by calculating the times its articles are cited.The impact factor was devised by Eugene Garfield, the founder of the Institute for Scientific Information (ISI) in Philadelphia. Impact factors began to be calculated yearly starting from 1975 for journals listed in the Journal Citation Reports (JCR). ISI was acquired by Thomson Scientific & Healthcare in 1992, and became known as Thomson ISI. In 2018, Thomson-Reuters spun off and sold ISI to Onex Corporation and Baring Private Equity Asia. They founded a new corporation, Clarivate, which is now the publisher of the JCR.",0.72,https://aben.springeropen.com/,Springer (Direct),MU Directory
Urban Rail Transit,Springer Science and Business Media Deutschland GmbH,"21996679, 21996687",5 weeks,Free (MU Directory),Indexed,"Q2The latest Impact Factor list (JCR) was released in June 2025.The Impact Factor of Urban Rail Transit is 2.9. The impact factor (IF) is a measure of the frequency with which the average article in a journal has been cited in a particular year. It is used to measure the importance or rank of a journal by calculating the times its articles are cited.The impact factor was devised by Eugene Garfield, the founder of the Institute for Scientific Information (ISI) in Philadelphia. Impact factors began to be calculated yearly starting from 1975 for journals listed in the Journal Citation Reports (JCR). ISI was acquired by Thomson Scientific & Healthcare in 1992, and became known as Thomson ISI. In 2018, Thomson-Reuters spun off and sold ISI to Onex Corporation and Baring Private Equity Asia. They founded a new corporation, Clarivate, which is now the publisher of the JCR.",0.512,http://www.springer.com/engineering/mechanical+engineering/journal/40864,journalsearches.com,MU Directory
Discover Electronics,Springer,2948-1600,13 days,  (DOAJ),Not Indexed,Not Available,Not Available,https://link.springer.com/journal/44291,Springer (Direct),DOAJ
Perspectives of Earth and Space Scientists,Wiley,2637-6989,20 weeks,  (DOAJ),Not Indexed,Not Available,Not Available,https://agupubs.onlinelibrary.wiley.com/journal/26376989,journalsearches.com,DOAJ
Marine Development,Springer,3004-832X,8 days,  (DOAJ),Not Indexed,Not Available,Not Available,https://link.springer.com/journal/44312,Springer (Direct),DOAJ
IHJ Cardiovascular Case Reports,Elsevier,2468-600X,36 weeks,  (DOAJ),Not Indexed,Not Available,Not Available,https://www.journals.elsevier.com/ihj-cardiovascular-case-reports,journalsearches.com,DOAJ
Discover Oceans,Springer,2948-1562,20 days,  (DOAJ),Not Indexed,Not Available,Not Available,https://link.springer.com/journal/44289,Springer (Direct),DOAJ
IHJ Cardiovascular Reports,Elsevier,2950-4678,27 weeks,  (DOAJ),Not Indexed,Not Available,Not Available,https://www.sciencedirect.com/journal/ihj-cardiovascular-reports,journalsearches.com,DOAJ
Egyptian Journal of Critical Care Medicine,Springer,2090-9209,13 days,Free (MU Directory),Not Indexed,Not Available,Not Available,https://link.springer.com/journal/44349,Springer (Direct),MU Directory
Netherlands Quarterly of Human Rights,Stichting Studie- en Informatiecentrum Mensenrechten,1693441,52 weeks,Free (Stated on Website),Indexed,"Q1The latest Impact Factor list (JCR) was released in June 2025.The Impact Factor of Netherlands Quarterly Of Human Rights is 1.4. The impact factor (IF) is a measure of the frequency with which the average article in a journal has been cited in a particular year. It is used to measure the importance or rank of a journal by calculating the times its articles are cited.The impact factor was devised by Eugene Garfield, the founder of the Institute for Scientific Information (ISI) in Philadelphia. Impact factors began to be calculated yearly starting from 1975 for journals listed in the Journal Citation Reports (JCR). ISI was acquired by Thomson Scientific & Healthcare in 1992, and became known as Thomson ISI. In 2018, Thomson-Reuters spun off and sold ISI to Onex Corporation and Baring Private Equity Asia. They founded a new corporation, Clarivate, which is now the publisher of the JCR.",0.527,https://journals.sagepub.com/home/NQH,journalsearches.com,journalsearches.com
Discover Chemistry,Springer,3005-1193,19 days,  (DOAJ),Not Indexed,Not Available,Not Available,https://link.springer.com/journal/44371,Springer (Direct),DOAJ
Journal of the Saudi Society of Agricultural Sciences,Springer International Publishing,1658077X,23 weeks,Free (Stated on Website),Indexed,Q1,65,https://link.springer.com/journal/44447,journalsearches.com,journalsearches.com
Revista Brasileira de Hematologia e Hemoterapia,Elsevier Editora Ltda,15168484,21 weeks,Free (Stated on Website),Indexed,Not Available,Not Available,https://www.journals.elsevier.com/hematology-transfusion-and-cell-therapy,journalsearches.com,journalsearches.com
Kuwait Journal of Science,Elsevier B.V.,"23074108, 23074116",20 weeks,Free (Stated on Website),Indexed,"Q2The latest Impact Factor list (JCR) was released in June 2025.The Impact Factor of Kuwait Journal Of Science is 1.1. The impact factor (IF) is a measure of the frequency with which the average article in a journal has been cited in a particular year. It is used to measure the importance or rank of a journal by calculating the times its articles are cited.The impact factor was devised by Eugene Garfield, the founder of the Institute for Scientific Information (ISI) in Philadelphia. Impact factors began to be calculated yearly starting from 1975 for journals listed in the Journal Citation Reports (JCR). ISI was acquired by Thomson Scientific & Healthcare in 1992, and became known as Thomson ISI. In 2018, Thomson-Reuters spun off and sold ISI to Onex Corporation and Baring Private Equity Asia. They founded a new corporation, Clarivate, which is now the publisher of the JCR.",0.25,https://www.sciencedirect.com/journal/kuwait-journal-of-science,journalsearches.com,journalsearches.com
Cybersecurity,SpringerOpen,"20964862, 25233246",15 days,Free (MU Directory),Indexed,"Q1The latest Impact Factor list (JCR) was released in June 2025.The Impact Factor of Cybersecurity is 3.7. The impact factor (IF) is a measure of the frequency with which the average article in a journal has been cited in a particular year. It is used to measure the importance or rank of a journal by calculating the times its articles are cited.The impact factor was devised by Eugene Garfield, the founder of the Institute for Scientific Information (ISI) in Philadelphia. Impact factors began to be calculated yearly starting from 1975 for journals listed in the Journal Citation Reports (JCR). ISI was acquired by Thomson Scientific & Healthcare in 1992, and became known as Thomson ISI. In 2018, Thomson-Reuters spun off and sold ISI to Onex Corporation and Baring Private Equity Asia. They founded a new corporation, Clarivate, which is now the publisher of the JCR.",0.873,https://cybersecurity.springeropen.com/,Springer (Direct),MU Directory
Egyptian Journal of Forensic Sciences,Springer International Publishing AG,"20905939, 2090536X",11 days,Free (MU Directory),Indexed,"Q2The latest Impact Factor list (JCR) was released in June 2025.The Impact Factor of Egyptian Journal Of Forensic Sciences is 1.3. The impact factor (IF) is a measure of the frequency with which the average article in a journal has been cited in a particular year. It is used to measure the importance or rank of a journal by calculating the times its articles are cited.The impact factor was devised by Eugene Garfield, the founder of the Institute for Scientific Information (ISI) in Philadelphia. Impact factors began to be calculated yearly starting from 1975 for journals listed in the Journal Citation Reports (JCR). ISI was acquired by Thomson Scientific & Healthcare in 1992, and became known as Thomson ISI. In 2018, Thomson-Reuters spun off and sold ISI to Onex Corporation and Baring Private Equity Asia. They founded a new corporation, Clarivate, which is now the publisher of the JCR.",0.359,https://ejfs.springeropen.com/,Springer (Direct),MU Directory
Journal of Basic and Applied Zoology,SpringerOpen,2090-990X,13 days,Free (MU Directory),Not Indexed,Not Available,Not Available,https://basicandappliedzoology.springeropen.com,Springer (Direct),MU Directory
