Journal Name,Publisher,APC,Review Time,Quartile,Scopus Status,Source URL
Central Asian Journal of Global Health,"University Library System, University of Pittsburgh",Free (MU Directory),20 weeks,Not Available,Not Indexed,https://journalsearches.com/journal.php?title=Central%20Asian%20Journal%20of%20Global%20Health
Journal of Pancreatology,Wolters Kluwer Health/LWW,Free (MU Directory),11 weeks,Q3,Indexed,https://journalsearches.com/journal.php?title=Journal%20of%20Pancreatology
Breathe,European Respiratory Society,Free (MU Directory),Not Available,Q2,Indexed,https://journalsearches.com/journal.php?title=Breathe
The Ochsner Journal,Ochsner Clinic Foundation,No APC (DOAJ),24 weeks,Not Available,Not Indexed,https://journalsearches.com/journal.php?title=The%20Ochsner%20Journal
Current Issues in Sport Science,Bern Open Publishing,No APC (DOAJ),12 weeks,Not Available,Not Indexed,https://journalsearches.com/journal.php?title=Current%20Issues%20in%20Sport%20Science
Spine Surgery and Related Research,The Japanese Society for Spine Surgery and Related Research,No APC (DOAJ),15 weeks,Q2,Indexed,https://journalsearches.com/journal.php?title=Spine%20Surgery%20and%20Related%20Research
Journal of Pediatric and Neonatal Individualized Medicine,Hygeia Press di Corridori Marinella,No APC (DOAJ),12 weeks,Q4,Indexed,https://journalsearches.com/journal.php?title=Journal%20of%20Pediatric%20and%20Neonatal%20Individualized%20Medicine
POCUS Journal,CINQUILL Medical Publishers Inc.,No APC (DOAJ),24 weeks,Not Available,Not Indexed,https://journalsearches.com/journal.php?title=POCUS%20Journal
Health Technology Assessment,NIHR Journals Library,Free (MU Directory),53 weeks,Q1,Indexed,https://journalsearches.com/journal.php?title=Health%20Technology%20Assessment
NSW Public Health Bulletin,Sax Institute,No APC (DOAJ),20 weeks,Not Available,Not Indexed,https://journalsearches.com/journal.php?title=NSW%20Public%20Health%20Bulletin
Brazilian Journal of Anesthesiology,Elsevier,No APC (DOAJ),51 weeks,Not Available,Not Indexed (Coverage ended),https://journalsearches.com/journal.php?title=Brazilian%20Journal%20of%20Anesthesiology
Australasian Journal of Neuroscience,Exeley Inc.,Free (MU Directory),Not Available,Not Available,Not Indexed,https://journalsearches.com/journal.php?title=Australasian%20Journal%20of%20Neuroscience
The Internet Journal of Allied Health Sciences & Practice,Nova Southeastern University,No APC (DOAJ),Not Available,Not Available,Not Indexed,https://journalsearches.com/journal.php?title=The%20Internet%20Journal%20of%20Allied%20Health%20Sciences%20%26%20Practice
Journal of Psychosexual Health,SAGE Publishing,Free (MU Directory),10 weeks,Not Available,Not Indexed,https://journalsearches.com/journal.php?title=Journal%20of%20Psychosexual%20Health
Diversity of Research in Health Journal,Laurentian University Library & Archives,Free (MU Directory),16 weeks,Not Available,Not Indexed,https://journalsearches.com/journal.php?title=Diversity%20of%20Research%20in%20Health%20Journal
Global Medical Genetics,Georg Thieme Verlag KG,1500 USD (DOAJ),16 weeks,Not Available,Not Indexed,https://journalsearches.com/journal.php?title=Global%20Medical%20Genetics
The Egyptian Journal of Bronchology,SpringerOpen,Free (MU Directory),9 weeks,Not Available,Not Indexed,https://journalsearches.com/journal.php?title=The%20Egyptian%20Journal%20of%20Bronchology
Bulletin of Faculty of Physical Therapy,SpringerOpen,Free (MU Directory),9 weeks,Not Available,Not Indexed,https://journalsearches.com/journal.php?title=Bulletin%20of%20Faculty%20of%20Physical%20Therapy
Dubai Diabetes and Endocrinology Journal,Karger Publishers,No APC (DOAJ),21 weeks,Not Available,Not Indexed,https://journalsearches.com/journal.php?title=Dubai%20Diabetes%20and%20Endocrinology%20Journal
Canadian Journal of Respiratory Therapy,Canadian Society of Respiratory Therapists,Free (MU Directory),9 weeks,Q2,Indexed,https://journalsearches.com/journal.php?title=Canadian%20Journal%20of%20Respiratory%20Therapy
Italian Journal of Medicine,PAGEPress Publications,750 EUR (DOAJ),10 weeks,Q4,Indexed,https://journalsearches.com/journal.php?title=Italian%20Journal%20of%20Medicine
EXCLI Journal : Experimental and Clinical Sciences,"IfADo - Leibniz Research Centre for Working Environment and Human Factors, Dortmund",No APC (DOAJ),Not Available,Not Available,Not Available,https://journalsearches.com/journal.php?title=EXCLI%20Journal%20%3A%20Experimental%20and%20Clinical%20Sciences
Journal of Orthopaedic Translation,Elsevier,2000 USD (DOAJ),18 weeks,Q1,Indexed,https://journalsearches.com/journal.php?title=Journal%20of%20Orthopaedic%20Translation
European Medical Journal Dermatology,European Medical Journal,Free (MU Directory),19 weeks,Not Available,Not Indexed,https://journalsearches.com/journal.php?title=European%20Medical%20Journal%20Dermatology
SA Heart Journal,South African Heart Association,Free (MU Directory),7 weeks,Not Available,Not Indexed,https://journalsearches.com/journal.php?title=SA%20Heart%20Journal
Precision Nanomedicine,Andover House Inc.,Free (MU Directory),3 weeks,Q3,Indexed,https://journalsearches.com/journal.php?title=Precision%20Nanomedicine
Healthcare in Low-resource Settings,PAGEPress Publications,500 EUR (DOAJ),10 weeks,Q4,Indexed,https://journalsearches.com/journal.php?title=Healthcare%20in%20Low-resource%20Settings
Emergency Care Journal,PAGEPress Publications,No APC (DOAJ),10 weeks,Q4,Indexed,https://journalsearches.com/journal.php?title=Emergency%20Care%20Journal
Global Health Research and Policy,BMC,1190 GBP (DOAJ),5 weeks,Q1,Indexed,https://journalsearches.com/journal.php?title=Global%20Health%20Research%20and%20Policy
Public Health Research & Practice,Sax Institute,1900 AUD (DOAJ),Not Available,Not Available,Not Indexed,https://journalsearches.com/journal.php?title=Public%20Health%20Research%20%26%20Practice
Deutsche Zeitschrift für Sportmedizin,Dynamic Media Sales Verlag,No APC (DOAJ),Not Available,Not Available,Not Available,https://journalsearches.com/journal.php?title=Deutsche%20Zeitschrift%20fu%CC%88r%20Sportmedizin
Patient Safety,Patient Safety Authority,No APC (DOAJ),12 weeks,Not Available,Not Indexed,https://journalsearches.com/journal.php?title=Patient%20Safety
Journal of Regional Medical Campuses,University of Minnesota Libraries Publishing,Free (MU Directory),7 weeks,Not Available,Not Indexed,https://journalsearches.com/journal.php?title=Journal%20of%20Regional%20Medical%20Campuses
GMS Interdisciplinary Plastic and Reconstructive Surgery DGPW,German Medical Science GMS Publishing House,600 EUR (DOAJ),20 weeks,Not Available,Not Indexed,https://journalsearches.com/journal.php?title=GMS%20Interdisciplinary%20Plastic%20and%20Reconstructive%20Surgery%20DGPW
Psychoradiology,Oxford University Press,No APC (DOAJ),12 weeks,Q1,Indexed,https://journalsearches.com/journal.php?title=Psychoradiology
Journal of Mass Spectrometry and Advances in the Clinical Lab,Elsevier,No APC (DOAJ),22 weeks,Q1,Indexed,https://journalsearches.com/journal.php?title=Journal%20of%20Mass%20Spectrometry%20and%20Advances%20in%20the%20Clinical%20Lab
GMS Infectious Diseases,German Medical Science GMS Publishing House,No APC (DOAJ),17 weeks,Not Available,Not Indexed,https://journalsearches.com/journal.php?title=GMS%20Infectious%20Diseases
Pragmatic Case Studies in Psychotherapy,Rutgers University Libraries,No APC (DOAJ),16 weeks,Not Available,Not Indexed,https://journalsearches.com/journal.php?title=Pragmatic%20Case%20Studies%20in%20Psychotherapy
Upsala Journal of Medical Sciences,Upsala Medical Society,580 SEK (DOAJ),30 weeks,Q3,Indexed,https://journalsearches.com/journal.php?title=Upsala%20Journal%20of%20Medical%20Sciences
Cardiovascular Innovations and Applications,Compuscript,No APC (DOAJ),16 weeks,Q3,Indexed,https://journalsearches.com/journal.php?title=Cardiovascular%20Innovations%20and%20Applications
IHJ Cardiovascular Case Reports,Elsevier,No APC (DOAJ),36 weeks,Not Available,Not Indexed,https://journalsearches.com/journal.php?title=IHJ%20Cardiovascular%20Case%20Reports
Journal of Clinical Interventional Radiology ISVIR,"Thieme Medical Publishers, Inc.",Free (MU Directory),18 weeks,Not Available,Indexed,https://journalsearches.com/journal.php?title=Journal%20of%20Clinical%20Interventional%20Radiology%20ISVIR
Canadian Medical Education Journal,Canadian Medical Education Journal,Free (MU Directory),20 weeks,Not Available,Not Indexed,https://journalsearches.com/journal.php?title=Canadian%20Medical%20Education%20Journal
Infectious Diseases and Tropical Medicine,Verduci Editore,No APC (DOAJ),8 weeks,Not Available,Indexed,https://journalsearches.com/journal.php?title=Infectious%20Diseases%20and%20Tropical%20Medicine
"GMS Medizinische Informatik, Biometrie und Epidemiologie",German Medical Science GMS Publishing House,No APC (DOAJ),Not Available,Not Available,Not Available,https://journalsearches.com/journal.php?title=GMS%20Medizinische%20Informatik%2C%20Biometrie%20und%20Epidemiologie
Microbiota in Health and Disease,Verduci Editore,No APC (DOAJ),8 weeks,Not Available,Not Indexed,https://journalsearches.com/journal.php?title=Microbiota%20in%20Health%20and%20Disease
GMS Medizin – Bibliothek – Information,German Medical Science GMS Publishing House,No APC (DOAJ),Not Available,Not Available,Not Available,https://journalsearches.com/journal.php?title=GMS%20Medizin%20%E2%80%93%20Bibliothek%20%E2%80%93%20Information
Pathos,Publiediting,No APC (DOAJ),6 weeks,Not Available,Not Indexed,https://journalsearches.com/journal.php?title=Pathos
INNOVATIONS in Pharmacy,University of Minnesota Libraries Publishing,Free (MU Directory),16 weeks,Not Available,Not Indexed,https://journalsearches.com/journal.php?title=INNOVATIONS%20in%20Pharmacy
Canada Communicable Disease Report,Public Health Agency of Canada,No APC (DOAJ),17 weeks,Not Available,Not Indexed (Coverage ended),https://journalsearches.com/journal.php?title=Canada%20Communicable%20Disease%20Report
Clinical Hypertension,BMC,Free (MU Directory),6 weeks,Q1,Indexed,https://journalsearches.com/journal.php?title=Clinical%20Hypertension
European Medical Journal Reproductive Health,European Medical Journal,Free (MU Directory),25 weeks,Not Available,Not Indexed,https://journalsearches.com/journal.php?title=European%20Medical%20Journal%20Reproductive%20Health
Romanian Neurosurgery,London Academic Publishing,Not Available,6 weeks,Not Available,Not Indexed,https://journalsearches.com/journal.php?title=Romanian%20Neurosurgery
Arthroplasty,BMC,Free (MU Directory),15 weeks,Q1,Indexed,https://journalsearches.com/journal.php?title=Arthroplasty
Swiss Medical Weekly,SMW supporting association (Trägerverein Swiss Medical Weekly SMW),No APC (DOAJ),10 weeks,Not Available,Not Indexed,https://journalsearches.com/journal.php?title=Swiss%20Medical%20Weekly
Journal of Primary Health Care,CSIRO Publishing,No APC (DOAJ),28 weeks,Q2,Indexed,https://journalsearches.com/journal.php?title=Journal%20of%20Primary%20Health%20Care
Journal of Epileptology,Exeley Inc.,Free (MU Directory),Not Available,Not Available,Not Indexed,https://journalsearches.com/journal.php?title=Journal%20of%20Epileptology
Vascular Biology,Bioscientifica,Free (MU Directory),13 weeks,Not Available,Not Indexed,https://journalsearches.com/journal.php?title=Vascular%20Biology
Egyptian Journal of Neurosurgery,SpringerOpen,Free (MU Directory),32 weeks,Not Available,Not Indexed,https://journalsearches.com/journal.php?title=Egyptian%20Journal%20of%20Neurosurgery
European Medical Journal Oncology,European Medical Journal,Free (MU Directory),22 weeks,Not Available,Not Indexed,https://journalsearches.com/journal.php?title=European%20Medical%20Journal%20Oncology
Pharmaceutical Fronts,Georg Thieme Verlag KG,No APC (DOAJ),15 weeks,Q3,Indexed,https://journalsearches.com/journal.php?title=Pharmaceutical%20Fronts
Online Journal of Nursing Informatics,HIMSS,Not Available,Not Available,Not Available,Not Indexed (Coverage ended),https://journalsearches.com/journal.php?title=Online%20Journal%20of%20Nursing%20Informatics
Il Giornale di AMD,Idelson Gnocchi,No APC (DOAJ),8 weeks,Not Available,Not Indexed,https://journalsearches.com/journal.php?title=Il%20Giornale%20di%20AMD
Medical Review,De Gruyter,No APC (DOAJ),12 weeks,Q2,Indexed,https://journalsearches.com/journal.php?title=Medical%20Review
GMS Hygiene and Infection Control,German Medical Science GMS Publishing House,No APC (DOAJ),10 weeks,Not Available,Not Indexed,https://journalsearches.com/journal.php?title=GMS%20Hygiene%20and%20Infection%20Control
Pediatrics and Neonatology,Elsevier,No APC (DOAJ),52 weeks,Q2,Indexed,https://journalsearches.com/journal.php?title=Pediatrics%20and%20Neonatology
Molecular Biomedicine,Springer,Free (MU Directory),10 weeks,Q1,Indexed,https://journalsearches.com/journal.php?title=Molecular%20Biomedicine
Future Journal of Pharmaceutical Sciences,SpringerOpen,Free (MU Directory),23 weeks,Not Available,Not Indexed,https://journalsearches.com/journal.php?title=Future%20Journal%20of%20Pharmaceutical%20Sciences
American Journal of Experimental and Clinical Research,American Journal of Experimental and Clinical Research,Free (MU Directory),8 weeks,Not Available,Not Indexed,https://journalsearches.com/journal.php?title=American%20Journal%20of%20Experimental%20and%20Clinical%20Research
WikiJournal of Medicine,WikiJournal User Group,Free (MU Directory),4 weeks,Q4,Indexed,https://journalsearches.com/journal.php?title=WikiJournal%20of%20Medicine
Journal of Oral Medicine and Oral Surgery,EDP Sciences,No APC (DOAJ),24 weeks,Q3,Indexed,https://journalsearches.com/journal.php?title=Journal%20of%20Oral%20Medicine%20and%20Oral%20Surgery
Vision Pan-America,Pan-American Association of Ophthalmology,No APC (DOAJ),4 weeks,Not Available,Not Indexed,https://journalsearches.com/journal.php?title=Vision%20Pan-America
Translation,The University of Toledo,Free (MU Directory),12 weeks,Not Available,Not Indexed (Coverage ended),https://journalsearches.com/journal.php?title=Translation
Journal of Contemporary Pharmacy Practice,California Pharmacists Association,Free (MU Directory),15 weeks,Not Available,Not Indexed,https://journalsearches.com/journal.php?title=Journal%20of%20Contemporary%20Pharmacy%20Practice
University of Ottawa Journal of Medicine,University of Ottawa,No APC (DOAJ),8 weeks,Not Available,Not Indexed,https://journalsearches.com/journal.php?title=University%20of%20Ottawa%20Journal%20of%20Medicine
EMJ Microbiology & Infectious Diseases,European Medical Journal,No APC (DOAJ),Not Available,Not Available,Not Indexed,https://journalsearches.com/journal.php?title=EMJ%20Microbiology%20%26%20Infectious%20Diseases
Health and Interprofessional Practice,Pacific University Library,No APC (DOAJ),17 weeks,Not Available,Not Indexed,https://journalsearches.com/journal.php?title=Health%20and%20Interprofessional%20Practice
Advances in Laboratory Medicine,De Gruyter,No APC (DOAJ),10 weeks,Q2,Indexed,https://journalsearches.com/journal.php?title=Advances%20in%20Laboratory%20Medicine
Cell Regeneration,SpringerOpen,Free (MU Directory),16 weeks,Q1,Indexed,https://journalsearches.com/journal.php?title=Cell%20Regeneration
Pediatric Neurology Briefs,Pediatric Neurology Briefs Publishers,Free (MU Directory),8 weeks,Not Available,Not Indexed,https://journalsearches.com/journal.php?title=Pediatric%20Neurology%20Briefs
Atti della Accademia Peloritana dei Pericolanti - Classe di Scienze Medico-Biologiche,Accademia Peloritana dei Pericolanti,No APC (DOAJ),6 weeks,Not Available,Not Indexed,https://journalsearches.com/journal.php?title=Atti%20della%20Accademia%20Peloritana%20dei%20Pericolanti%20-%20Classe%20di%20Scienze%20Medico-Biologiche
Clinical Medicine Insights: Blood Disorders,SAGE Publishing,Free (MU Directory),Not Available,Not Available,Not Available,https://journalsearches.com/journal.php?title=Clinical%20Medicine%20Insights%3A%20Blood%20Disorders
Egyptian Journal of Forensic Sciences,SpringerOpen,Free (MU Directory),17 weeks,Q2,Indexed,https://journalsearches.com/journal.php?title=Egyptian%20Journal%20of%20Forensic%20Sciences
International Journal of Hospital Based Health Technology Assessment,CybelePress,Not Available,Not Available,Not Available,Not Indexed,https://journalsearches.com/journal.php?title=International%20Journal%20of%20Hospital%20Based%20Health%20Technology%20Assessment
Journal of Osseointegration,Ariesdue,600 EUR (DOAJ),4 weeks,Q3,Indexed,https://journalsearches.com/journal.php?title=Journal%20of%20Osseointegration
European Medical Journal Nephrology,European Medical Journal,Free (MU Directory),23 weeks,Not Available,Not Indexed,https://journalsearches.com/journal.php?title=European%20Medical%20Journal%20Nephrology
Perspectives Interdisciplinaires sur le Travail et la Santé,Institut de Recherche Robert-Sauvé en Santé et en Sécurité du Travail (IRSST),No APC (DOAJ),Not Available,Not Available,Not Available,https://journalsearches.com/journal.php?title=Perspectives%20Interdisciplinaires%20sur%20le%20Travail%20et%20la%20Sant%C3%A9
Indian Journal of Plastic Surgery,"Thieme Medical Publishers, Inc.",Free (MU Directory),27 weeks,Not Available,Indexed,https://journalsearches.com/journal.php?title=Indian%20Journal%20of%20Plastic%20Surgery
Health Services and Delivery Research,National Institute for Health Research,No APC (DOAJ),53 weeks,Not Available,Not Indexed,https://journalsearches.com/journal.php?title=Health%20Services%20and%20Delivery%20Research
The Journal of the Royal College of Physicians of Edinburgh,Royal College of Physicians of Edinburgh,Not Available,4 weeks,Not Available,Not Indexed,https://journalsearches.com/journal.php?title=The%20Journal%20of%20the%20Royal%20College%20of%20Physicians%20of%20Edinburgh
International Journal of Orientation & Mobility,Exeley Inc.,Free (MU Directory),Not Available,Not Available,Not Indexed,https://journalsearches.com/journal.php?title=International%20Journal%20of%20Orientation%20%26%20Mobility
Journal of Physiotherapy,Elsevier,No APC (DOAJ),6 weeks,Q1,Indexed,https://journalsearches.com/journal.php?title=Journal%20of%20Physiotherapy
African Journal of Health Professions Education,Health and Medical Publishing Group,8380 ZAR (DOAJ),24 weeks,Not Available,Not Indexed,https://journalsearches.com/journal.php?title=African%20Journal%20of%20Health%20Professions%20Education
Annali dell'Istituto Superiore di Sanità,Istituto Superiore di Sanità,No APC (DOAJ),Not Available,Not Available,Not Available,https://journalsearches.com/journal.php?title=Annali%20dell%27Istituto%20Superiore%20di%20Sanit%C3%A0
Acta Epileptologica,BMC,Free (MU Directory),20 weeks,Q3,Indexed,https://journalsearches.com/journal.php?title=Acta%20Epileptologica
Patient Experience Journal,The Beryl Institute,No APC (DOAJ),26 weeks,Q3,Indexed,https://journalsearches.com/journal.php?title=Patient%20Experience%20Journal
Journal of Bio-X Research,Wolters Kluwer Health,Free (MU Directory),16 weeks,Q3,Indexed,https://journalsearches.com/journal.php?title=Journal%20of%20Bio-X%20Research
World Cancer Research Journal,Verduci Editore,No APC (DOAJ),8 weeks,Q4,Indexed,https://journalsearches.com/journal.php?title=World%20Cancer%20Research%20Journal
Journal of the European Association for Health Information and Libraries,European Association for Health Information and Libraries,No APC (DOAJ),4 weeks,Not Available,Not Indexed,https://journalsearches.com/journal.php?title=Journal%20of%20the%20European%20Association%20for%20Health%20Information%20and%20Libraries
Canadian Journal of Speech-Language Pathology and Audiology,Speech-Language and Audiology Canada (SAC),No APC (DOAJ),25 weeks,Q2,Indexed,https://journalsearches.com/journal.php?title=Canadian%20Journal%20of%20Speech-Language%20Pathology%20and%20Audiology
Art Therapy Online,"Goldsmiths, University of London",No APC (DOAJ),30 weeks,Not Available,Not Indexed,https://journalsearches.com/journal.php?title=Art%20Therapy%20Online
Family Medicine and Community Health,BMJ Publishing Group,Free (MU Directory),19 weeks,Q1,Indexed,https://journalsearches.com/journal.php?title=Family%20Medicine%20and%20Community%20Health
International Journal of Implant Dentistry,SpringerOpen,2590 EUR (DOAJ),13 weeks,Q1,Indexed,https://journalsearches.com/journal.php?title=International%20Journal%20of%20Implant%20Dentistry
Quality Advancement in Nursing Education,Canadian Association of Schools of Nursing,Free (MU Directory),40 weeks,Q3,Indexed,https://journalsearches.com/journal.php?title=Quality%20Advancement%20in%20Nursing%20Education
Journal of Occupational Therapy Education,Eastern Kentucky University,Free (MU Directory),8 weeks,Not Available,Not Indexed,https://journalsearches.com/journal.php?title=Journal%20of%20Occupational%20Therapy%20Education
European Medical Journal Cardiology,European Medical Journal,Free (MU Directory),25 weeks,Not Available,Not Indexed,https://journalsearches.com/journal.php?title=European%20Medical%20Journal%20Cardiology
Indian Pacing and Electrophysiology Journal,Elsevier,No APC (DOAJ),26 weeks,Q3,Indexed,https://journalsearches.com/journal.php?title=Indian%20Pacing%20and%20Electrophysiology%20Journal
Southwest Journal of Pulmonary and Critical Care,Arizona Thoracic Society,Free (MU Directory),Not Available,Not Available,Not Indexed,https://journalsearches.com/journal.php?title=Southwest%20Journal%20of%20Pulmonary%20and%20Critical%20Care
Egyptian Pediatric Association Gazette,SpringerOpen,Free (MU Directory),9 weeks,Not Available,Not Indexed,https://journalsearches.com/journal.php?title=Egyptian%20Pediatric%20Association%20Gazette
Finnish Journal of eHealth and eWelfare,Finnish Social and Health Informatics Association,No APC (DOAJ),24 weeks,Not Available,Not Indexed,https://journalsearches.com/journal.php?title=Finnish%20Journal%20of%20eHealth%20and%20eWelfare
Allergology International,Elsevier,256000 JPY (DOAJ),29 weeks,Q1,Indexed,https://journalsearches.com/journal.php?title=Allergology%20International
Veins and Lymphatics,PAGEPress Publications,No APC (DOAJ),10 weeks,Q4,Likely Indexed,https://journalsearches.com/journal.php?title=Veins%20and%20Lymphatics
Emergency and Critical Care Medicine,Wolters Kluwer Health/LWW,No APC (DOAJ),21 weeks,Q2,Indexed,https://journalsearches.com/journal.php?title=Emergency%20and%20Critical%20Care%20Medicine
Egyptian Journal of Medical Human Genetics,SpringerOpen,Free (MU Directory),18 weeks,Q4,Indexed,https://journalsearches.com/journal.php?title=Egyptian%20Journal%20of%20Medical%20Human%20Genetics
BJPsych International,Cambridge University Press,Free (MU Directory),14 weeks,Q3,Indexed,https://journalsearches.com/journal.php?title=BJPsych%20International
Dubai Medical Journal,Karger Publishers,Free (MU Directory),18 weeks,Q4,Indexed,https://journalsearches.com/journal.php?title=Dubai%20Medical%20Journal
Monaldi Archives for Chest Disease,PAGEPress Publications,No APC (DOAJ),12 weeks,Q3,Not Indexed (Coverage ended),https://journalsearches.com/journal.php?title=Monaldi%20Archives%20for%20Chest%20Disease
"Journal of Orthopaedics, Trauma and Rehabilitation",SAGE Publishing,Free (MU Directory),Not Available,Not Available,Not Available,https://journalsearches.com/journal.php?title=Journal%20of%20Orthopaedics%2C%20Trauma%20and%20Rehabilitation
Bulletin de la Dialyse à Domicile,RDPLF,No APC (DOAJ),Not Available,Not Available,Not Available,https://journalsearches.com/journal.php?title=Bulletin%20de%20la%20Dialyse%20%C3%A0%20Domicile
Knee Surgery & Related Research,BMC,Free (MU Directory),Not Available,Not Available,Not Indexed,https://journalsearches.com/journal.php?title=Knee%20Surgery%20%26%20Related%20Research
Chinese Neurosurgical Journal,BMC,Free (MU Directory),10 weeks,Q2,Indexed,https://journalsearches.com/journal.php?title=Chinese%20Neurosurgical%20Journal
Pediatric Investigation,Wiley,Free (MU Directory),12 weeks,Q2,Indexed,https://journalsearches.com/journal.php?title=Pediatric%20Investigation
Médecine Tropicale et Santé Internationale (MTSI),Société francophone de médecine tropicale et santé internationale (ancienne SPE),No APC (DOAJ),Not Available,Not Available,Not Available,https://journalsearches.com/journal.php?title=M%C3%A9decine%20Tropicale%20et%20Sant%C3%A9%20Internationale%20%28MTSI%29
Ophthalmology and Eye Diseases,SAGE Publishing,Free (MU Directory),8 weeks,Not Available,Not Indexed,https://journalsearches.com/journal.php?title=Ophthalmology%20and%20Eye%20Diseases
African Journal of Urology,SpringerOpen,Free (MU Directory),9 weeks,Q3,Indexed,https://journalsearches.com/journal.php?title=African%20Journal%20of%20Urology
The Egyptian Journal of Radiology and Nuclear Medicine,SpringerOpen,Free (MU Directory),27 weeks,Not Available,Not Indexed,https://journalsearches.com/journal.php?title=The%20Egyptian%20Journal%20of%20Radiology%20and%20Nuclear%20Medicine
Revista Portuguesa de Pneumologia (English Edition),Elsevier,No APC (DOAJ),8 weeks,Not Available,Not Indexed,https://journalsearches.com/journal.php?title=Revista%20Portuguesa%20de%20Pneumologia%20%28English%20Edition%29
Building Healthy Academic Communities Journal,The Ohio State University Libraries,Free (MU Directory),20 weeks,Not Available,Not Indexed,https://journalsearches.com/journal.php?title=Building%20Healthy%20Academic%20Communities%20Journal
Journal of Health Research,Emerald Publishing,146000 UGX (DOAJ),12 weeks,Q3,Indexed,https://journalsearches.com/journal.php?title=Journal%20of%20Health%20Research
OpenPhysio,Physiopedia,No APC (DOAJ),20 weeks,Not Available,Not Indexed,https://journalsearches.com/journal.php?title=OpenPhysio
Blood Science,Wolters Kluwer Health,Free (MU Directory),10 weeks,Q2,Indexed,https://journalsearches.com/journal.php?title=Blood%20Science
"Nordic Journal of Arts, Culture and Health",Scandinavian University Press (Universitetsforlaget),No APC (DOAJ),Not Available,Not Available,Not Available,https://journalsearches.com/journal.php?title=Nordic%20Journal%20of%20Arts%2C%20Culture%20and%20Health
South African Journal of Child Health,Health and Medical Publishing Group,Free (MU Directory),30 weeks,Not Available,Not Indexed,https://journalsearches.com/journal.php?title=South%20African%20Journal%20of%20Child%20Health
Acupuncture and Herbal Medicine,Wolters Kluwer Health/LWW,No APC (DOAJ),14 weeks,Q1,Indexed,https://journalsearches.com/journal.php?title=Acupuncture%20and%20Herbal%20Medicine
Journal of Muslim Mental Health,Michigan Publishing,No APC (DOAJ),25 weeks,Q1,Indexed,https://journalsearches.com/journal.php?title=Journal%20of%20Muslim%20Mental%20Health
Reproduction and Fertility,Bioscientifica,Free (MU Directory),10 weeks,Q1,Indexed,https://journalsearches.com/journal.php?title=Reproduction%20and%20Fertility
Global Bioethics Enquiry,UNESCO,No APC (DOAJ),12 weeks,Not Available,Not Indexed,https://journalsearches.com/journal.php?title=Global%20Bioethics%20Enquiry
International Journal of Pediatrics and Adolescent Medicine,Elsevier,Not Available,Not Available,Q3,Indexed,https://journalsearches.com/journal.php?title=International%20Journal%20of%20Pediatrics%20and%20Adolescent%20Medicine
Journal of the Society for Clinical Data Management,Society for Clinical Data Management,No APC (DOAJ),23 weeks,Not Available,Not Indexed,https://journalsearches.com/journal.php?title=Journal%20of%20the%20Society%20for%20Clinical%20Data%20Management
Torture,International Rehabilitation Council for Torture Victims,No APC (DOAJ),34 weeks,Q3,Indexed,https://journalsearches.com/journal.php?title=Torture
McGill Journal of Medicine,McGill University,No APC (DOAJ),12 weeks,Not Available,Not Indexed (Coverage ended),https://journalsearches.com/journal.php?title=McGill%20Journal%20of%20Medicine
Journal of Biomedical Practitioners,Università degli Studi di Torino,No APC (DOAJ),18 weeks,Not Available,Not Indexed,https://journalsearches.com/journal.php?title=Journal%20of%20Biomedical%20Practitioners
SA Orthopaedic Journal,MedPharm Publications,No APC (DOAJ),6 weeks,Not Available,Not Indexed,https://journalsearches.com/journal.php?title=SA%20Orthopaedic%20Journal
Immunological Medicine,Taylor & Francis Group,Free (MU Directory),19 weeks,Q2,Indexed,https://journalsearches.com/journal.php?title=Immunological%20Medicine
Pediatric Quality & Safety,Wolters Kluwer,No APC (DOAJ),Not Available,Not Available,Not Indexed,https://journalsearches.com/journal.php?title=Pediatric%20Quality%20%26%20Safety
RNA & DISEASE,Smart Science & Technology LLC,No APC (DOAJ),Not Available,Not Available,Not Indexed,https://journalsearches.com/journal.php?title=RNA%20%26%20DISEASE
MedEdPORTAL,Association of American Medical Colleges,Free (MU Directory),35 weeks,Not Available,Not Indexed,https://journalsearches.com/journal.php?title=MedEdPORTAL
Science of Nursing and Health Practices,Réseau de recherche en interventions en sciences infirmières du Québec (RRISIQ),No APC (DOAJ),20 weeks,Not Available,Not Indexed,https://journalsearches.com/journal.php?title=Science%20of%20Nursing%20and%20Health%20Practices
Journal of Patient Experience,SAGE Publishing,Free (MU Directory),15 weeks,Q2,Not Indexed (Coverage ended),https://journalsearches.com/journal.php?title=Journal%20of%20Patient%20Experience
Hong Kong Journal of Occupational Therapy,SAGE Publishing,Free (MU Directory),30 weeks,Q2,Indexed,https://journalsearches.com/journal.php?title=Hong%20Kong%20Journal%20of%20Occupational%20Therapy
Egyptian Rheumatology and Rehabilitation,SpringerOpen,Free (MU Directory),9 weeks,Q3,Indexed,https://journalsearches.com/journal.php?title=Egyptian%20Rheumatology%20and%20Rehabilitation
Sensors & Diagnostics,The Royal Society of Chemistry,2100 GBP (DOAJ),Not Available,Not Available,Not Indexed,https://journalsearches.com/journal.php?title=Sensors%20%26%20Diagnostics
Programme Grants for Applied Research,NIHR Journals Library,Free (MU Directory),53 weeks,Q3,Indexed,https://journalsearches.com/journal.php?title=Programme%20Grants%20for%20Applied%20Research
Psychotherapie-Wissenschaft,Psychosozial-Verlag GmbH & Co. KG,No APC (DOAJ),15 weeks,Not Available,Not Indexed,https://journalsearches.com/journal.php?title=Psychotherapie-Wissenschaft
Irish Journal of Occupational Therapy,Emerald Publishing,Free (MU Directory),24 weeks,Q3,Indexed,https://journalsearches.com/journal.php?title=Irish%20Journal%20of%20Occupational%20Therapy
European Medical Journal Allergy & Immunology,European Medical Journal,Free (MU Directory),Not Available,Not Available,Not Indexed,https://journalsearches.com/journal.php?title=European%20Medical%20Journal%20Allergy%20%26%20Immunology
Journal of Wellness,University of Louisville Libraries,Free (MU Directory),4 weeks,Not Available,Not Indexed,https://journalsearches.com/journal.php?title=Journal%20of%20Wellness
Aporia,University of Ottawa,No APC (DOAJ),12 weeks,Not Available,Not Indexed,https://journalsearches.com/journal.php?title=Aporia
Precision Clinical Medicine,Oxford University Press,2000 USD (DOAJ),5 weeks,Q1,Indexed,https://journalsearches.com/journal.php?title=Precision%20Clinical%20Medicine
Journal of Smooth Muscle Research,Japan Society of Smooth Muscle Research,Not Available,Not Available,Q3,Indexed,https://journalsearches.com/journal.php?title=Journal%20of%20Smooth%20Muscle%20Research
NeuroRegulation,International Society for Neurofeedback and Research (ISNR),No APC (DOAJ),19 weeks,Q4,Indexed,https://journalsearches.com/journal.php?title=NeuroRegulation
Eurosurveillance,European Centre for Disease Prevention and Control,No APC (DOAJ),30 weeks,Q1,Indexed,https://journalsearches.com/journal.php?title=Eurosurveillance
Free Neuropathology,University of Münster / Open Journals System,No APC (DOAJ),8 weeks,Q2,Indexed,https://journalsearches.com/journal.php?title=Free%20Neuropathology
Rural and Remote Health,James Cook University,No APC (DOAJ),8 weeks,Q1,Indexed,https://journalsearches.com/journal.php?title=Rural%20and%20Remote%20Health
Cardiology Plus,Wolters Kluwer Health/LWW,Free (MU Directory),20 weeks,Q3,Indexed,https://journalsearches.com/journal.php?title=Cardiology%20Plus
African Journal of Thoracic and Critical Care Medicine,Health and Medical Publishing Group,15000 ZAR (DOAJ),24 weeks,Q3,Indexed,https://journalsearches.com/journal.php?title=African%20Journal%20of%20Thoracic%20and%20Critical%20Care%20Medicine
Health Data Science,American Association for the Advancement of Science (AAAS),Free (MU Directory),26 weeks,Q1,Indexed,https://journalsearches.com/journal.php?title=Health%20Data%20Science
The Egyptian Journal of Otolaryngology,SpringerOpen,No APC (DOAJ),Not Available,Not Available,Not Available,https://journalsearches.com/journal.php?title=The%20Egyptian%20Journal%20of%C2%A0Otolaryngology
Journal of Radiology Case Reports,EduRad Publishing,950 USD (DOAJ),24 weeks,Q3,Indexed,https://journalsearches.com/journal.php?title=Journal%20of%20Radiology%20Case%20Reports
"GMS German Plastic, Reconstructive and Aesthetic Surgery – Burn and Hand Surgery",German Medical Science GMS Publishing House,No APC (DOAJ),Not Available,Not Available,Not Available,https://journalsearches.com/journal.php?title=GMS%20German%20Plastic%2C%20Reconstructive%20and%20Aesthetic%20Surgery%20%E2%80%93%20Burn%20and%20Hand%20Surgery
Urogynaecologia International Journal,PAGEPress Publications,No APC (DOAJ),10 weeks,Q3,Not Indexed (Coverage ended),https://journalsearches.com/journal.php?title=Urogynaecologia%20International%20Journal
Tidsskrift for Den norske legeforening,Den norske legeforening,No APC (DOAJ),28 weeks,Q4,Indexed,https://journalsearches.com/journal.php?title=Tidsskrift%20for%20Den%20norske%20legeforening
Journal of Clinical & Developmental Psychology,CeRIP,No APC (DOAJ),Not Available,Not Available,Not Indexed,https://journalsearches.com/journal.php?title=Journal%20of%20Clinical%20%26%20Developmental%20Psychology
Journal of Renal and Hepatic Disorders,Codon Publications,No APC (DOAJ),8 weeks,Not Available,Not Indexed,https://journalsearches.com/journal.php?title=Journal%20of%20Renal%20and%20Hepatic%20Disorders
GMS German Medical Science,German Medical Science GMS Publishing House,No APC (DOAJ),11 weeks,Q2,Indexed,https://journalsearches.com/journal.php?title=GMS%20German%20Medical%20Science
Efficacy and Mechanism Evaluation,NIHR Journals Library,Free (MU Directory),53 weeks,Not Available,Not Indexed,https://journalsearches.com/journal.php?title=Efficacy%20and%20Mechanism%20Evaluation
Therapeutic Advances in Vaccines and Immunotherapy,SAGE Publishing,Free (MU Directory),8 weeks,Q2,Indexed,https://journalsearches.com/journal.php?title=Therapeutic%20Advances%20in%20Vaccines%20and%20Immunotherapy
Angle Orthodontist,E.H Angle Education and Research Foundation,No APC (DOAJ),Not Available,Q1,Not Indexed (Coverage ended),https://journalsearches.com/journal.php?title=Angle%20Orthodontist
International Journal of Cancer Therapy and Oncology,IJCTO,Not Available,Not Available,Not Available,Not Indexed,https://journalsearches.com/journal.php?title=International%20Journal%20of%20Cancer%20Therapy%20and%20Oncology
International Journal of Telerehabilitation,"University Library System, University of Pittsburgh",Free (MU Directory),10 weeks,Q2,Indexed,https://journalsearches.com/journal.php?title=International%20Journal%20of%20Telerehabilitation
Neuroanatomy and Behaviour,Episteme Health Inc.,Not Available,Not Available,Not Available,Not Indexed,https://journalsearches.com/journal.php?title=Neuroanatomy%20and%20Behaviour
European Medical Journal Hematology,European Medical Journal,Free (MU Directory),19 weeks,Not Available,Not Indexed,https://journalsearches.com/journal.php?title=European%20Medical%20Journal%20Hematology
Journal of the Medical Library Association,"University Library System, University of Pittsburgh",Free (MU Directory),26 weeks,Q1,Indexed,https://journalsearches.com/journal.php?title=Journal%20of%20the%20Medical%20Library%20Association
Nursing & Health Sciences Research Journal,Library & Knowledge Services and Nursing & Health Sciences Research Departments,Free (MU Directory),Not Available,Not Available,Not Indexed,https://journalsearches.com/journal.php?title=Nursing%20%26%20Health%20Sciences%20Research%20Journal
Geriatric Care,PAGEPress Publications,No APC (DOAJ),10 weeks,Not Available,Indexed,https://journalsearches.com/journal.php?title=Geriatric%20Care
Military Medical Research,BMC,No APC (DOAJ),8 weeks,Q1,Indexed,https://journalsearches.com/journal.php?title=Military%20Medical%20Research
Reviews in Health Care,SEEd,Not Available,Not Available,Not Available,Not Indexed,https://journalsearches.com/journal.php?title=Reviews%20in%20Health%20Care
Southwest Respiratory and Critical Care Chronicles,Southwest Respiratory and Critical Care Chronicles,Free (MU Directory),7 weeks,Not Available,Not Indexed,https://journalsearches.com/journal.php?title=Southwest%20Respiratory%20and%20Critical%20Care%20Chronicles
South African Journal of Sports Medicine,South African Sports Medicine Association,7000 ZAR (DOAJ),12 weeks,Q3,Indexed,https://journalsearches.com/journal.php?title=South%20African%20Journal%20of%20Sports%20Medicine
International Health Trends and Perspectives,Ryerson University,No APC (DOAJ),8 weeks,Not Available,Not Indexed,https://journalsearches.com/journal.php?title=International%20Health%20Trends%20and%20Perspectives
Journal of Biomedical Science,BMC,Free (MU Directory),14 weeks,Q1,Indexed,https://journalsearches.com/journal.php?title=Journal%20of%20Biomedical%20Science
African Journal of Nephrology,African Association of Nephrology,Free (MU Directory),39 weeks,Not Available,Not Indexed,https://journalsearches.com/journal.php?title=African%20Journal%20of%20Nephrology
Psychiatria Fennica,The Finnish Foundation for Psychiatric Research,No APC (DOAJ),14 weeks,Not Available,Not Indexed,https://journalsearches.com/journal.php?title=Psychiatria%20Fennica
EMJ Radiology,European Medical Journal,Free (MU Directory),37 weeks,Not Available,Not Indexed,https://journalsearches.com/journal.php?title=EMJ%20Radiology
Molecular Biology & Nanomedicine,Techland Publishing Group Limited,No APC (DOAJ),Not Available,Not Available,Not Indexed,https://journalsearches.com/journal.php?title=Molecular%20Biology%20%26%20Nanomedicine
British and Irish Orthoptic Journal,White Rose University Press,Free (MU Directory),18 weeks,Q3,Indexed,https://journalsearches.com/journal.php?title=British%20and%20Irish%20Orthoptic%20Journal
Pleura and Peritoneum,De Gruyter,2000 EUR (DOAJ),9 weeks,Q3,Indexed,https://journalsearches.com/journal.php?title=Pleura%20and%20Peritoneum
Journal of Patient Experience,SAGE Publishing,Free (MU Directory),15 weeks,Q2,Not Indexed (Coverage ended),https://journalsearches.com/journal.php?title=Journal%20of%20Patient%20Experience
Egyptian Rheumatology and Rehabilitation,SpringerOpen,Free (MU Directory),9 weeks,Q3,Indexed,https://journalsearches.com/journal.php?title=Egyptian%20Rheumatology%20and%20Rehabilitation
Hong Kong Journal of Occupational Therapy,SAGE Publishing,Free (MU Directory),30 weeks,Q2,Indexed,https://journalsearches.com/journal.php?title=Hong%20Kong%20Journal%20of%20Occupational%20Therapy
Programme Grants for Applied Research,NIHR Journals Library,Free (MU Directory),53 weeks,Q3,Indexed,https://journalsearches.com/journal.php?title=Programme%20Grants%20for%20Applied%20Research
Social Medicine,Social Medicine Publication Group,No APC (DOAJ),15 weeks,Q4,Indexed,https://journalsearches.com/journal.php?title=Social%20Medicine
European Medical Journal Allergy & Immunology,European Medical Journal,Free (MU Directory),Not Available,Not Available,Not Indexed,https://journalsearches.com/journal.php?title=European%20Medical%20Journal%20Allergy%20%26%20Immunology
Irish Journal of Occupational Therapy,Emerald Publishing,Free (MU Directory),24 weeks,Q3,Indexed,https://journalsearches.com/journal.php?title=Irish%20Journal%20of%20Occupational%20Therapy
Health Reform Observer - Observatoire des Réformes de Santé,McMaster University Library Press,No APC (DOAJ),Not Available,Not Available,Not Available,https://journalsearches.com/journal.php?title=Health%20Reform%20Observer%20-%20Observatoire%20des%20R%C3%A9formes%20de%20Sant%C3%A9
Aporia,University of Ottawa,No APC (DOAJ),12 weeks,Not Available,Not Indexed,https://journalsearches.com/journal.php?title=Aporia
Journal of Wellness,University of Louisville Libraries,Free (MU Directory),4 weeks,Not Available,Not Indexed,https://journalsearches.com/journal.php?title=Journal%20of%20Wellness
Precision Clinical Medicine,Oxford University Press,2000 USD (DOAJ),5 weeks,Q1,Indexed,https://journalsearches.com/journal.php?title=Precision%20Clinical%20Medicine
Journal of Smooth Muscle Research,Japan Society of Smooth Muscle Research,Not Available,Not Available,Q3,Indexed,https://journalsearches.com/journal.php?title=Journal%20of%20Smooth%20Muscle%20Research
NeuroRegulation,International Society for Neurofeedback and Research (ISNR),No APC (DOAJ),19 weeks,Q4,Indexed,https://journalsearches.com/journal.php?title=NeuroRegulation
Société Internationale d’Urologie Journal,The Société Internationale d’Urologie (SIU),No APC (DOAJ),Not Available,Not Available,Not Available,https://journalsearches.com/journal.php?title=Soci%C3%A9t%C3%A9%20Internationale%20d%E2%80%99Urologie%20Journal
Eurosurveillance,European Centre for Disease Prevention and Control,No APC (DOAJ),30 weeks,Q1,Indexed,https://journalsearches.com/journal.php?title=Eurosurveillance
Rural and Remote Health,James Cook University,No APC (DOAJ),8 weeks,Q1,Indexed,https://journalsearches.com/journal.php?title=Rural%20and%20Remote%20Health
Free Neuropathology,University of Münster / Open Journals System,No APC (DOAJ),8 weeks,Q2,Indexed,https://journalsearches.com/journal.php?title=Free%20Neuropathology
Cardiology Plus,Wolters Kluwer Health/LWW,Free (MU Directory),20 weeks,Q3,Indexed,https://journalsearches.com/journal.php?title=Cardiology%20Plus
Health Data Science,American Association for the Advancement of Science (AAAS),Free (MU Directory),26 weeks,Q1,Indexed,https://journalsearches.com/journal.php?title=Health%20Data%20Science
African Journal of Thoracic and Critical Care Medicine,Health and Medical Publishing Group,15000 ZAR (DOAJ),24 weeks,Q3,Indexed,https://journalsearches.com/journal.php?title=African%20Journal%20of%20Thoracic%20and%20Critical%20Care%20Medicine
The Egyptian Journal of Otolaryngology,SpringerOpen,No APC (DOAJ),Not Available,Not Available,Not Available,https://journalsearches.com/journal.php?title=The%20Egyptian%20Journal%20of%C2%A0Otolaryngology
"GMS German Plastic, Reconstructive and Aesthetic Surgery – Burn and Hand Surgery",German Medical Science GMS Publishing House,No APC (DOAJ),Not Available,Not Available,Not Available,https://journalsearches.com/journal.php?title=GMS%20German%20Plastic%2C%20Reconstructive%20and%20Aesthetic%20Surgery%20%E2%80%93%20Burn%20and%20Hand%20Surgery
Journal of Radiology Case Reports,EduRad Publishing,950 USD (DOAJ),24 weeks,Q3,Indexed,https://journalsearches.com/journal.php?title=Journal%20of%20Radiology%20Case%20Reports
Urogynaecologia International Journal,PAGEPress Publications,No APC (DOAJ),10 weeks,Q3,Not Indexed (Coverage ended),https://journalsearches.com/journal.php?title=Urogynaecologia%20International%20Journal
Tidsskrift for Den norske legeforening,Den norske legeforening,No APC (DOAJ),28 weeks,Q4,Indexed,https://journalsearches.com/journal.php?title=Tidsskrift%20for%20Den%20norske%20legeforening
Journal of Clinical & Developmental Psychology,CeRIP,No APC (DOAJ),Not Available,Not Available,Not Indexed,https://journalsearches.com/journal.php?title=Journal%20of%20Clinical%20%26%20Developmental%20Psychology
Journal of Renal and Hepatic Disorders,Codon Publications,No APC (DOAJ),8 weeks,Not Available,Not Indexed,https://journalsearches.com/journal.php?title=Journal%20of%20Renal%20and%20Hepatic%20Disorders
GMS German Medical Science,German Medical Science GMS Publishing House,No APC (DOAJ),11 weeks,Q2,Indexed,https://journalsearches.com/journal.php?title=GMS%20German%20Medical%20Science
Efficacy and Mechanism Evaluation,NIHR Journals Library,Free (MU Directory),53 weeks,Not Available,Not Indexed,https://journalsearches.com/journal.php?title=Efficacy%20and%20Mechanism%20Evaluation
Therapeutic Advances in Vaccines and Immunotherapy,SAGE Publishing,Free (MU Directory),8 weeks,Q2,Indexed,https://journalsearches.com/journal.php?title=Therapeutic%20Advances%20in%20Vaccines%20and%20Immunotherapy
International Journal of Telerehabilitation,"University Library System, University of Pittsburgh",Free (MU Directory),10 weeks,Q2,Indexed,https://journalsearches.com/journal.php?title=International%20Journal%20of%20Telerehabilitation
Angle Orthodontist,E.H Angle Education and Research Foundation,No APC (DOAJ),Not Available,Q1,Not Indexed (Coverage ended),https://journalsearches.com/journal.php?title=Angle%20Orthodontist
International Journal of Cancer Therapy and Oncology,IJCTO,Not Available,Not Available,Not Available,Not Indexed,https://journalsearches.com/journal.php?title=International%20Journal%20of%20Cancer%20Therapy%20and%20Oncology
Neuroanatomy and Behaviour,Episteme Health Inc.,Not Available,Not Available,Not Available,Not Indexed,https://journalsearches.com/journal.php?title=Neuroanatomy%20and%20Behaviour
European Medical Journal Hematology,European Medical Journal,Free (MU Directory),19 weeks,Not Available,Not Indexed,https://journalsearches.com/journal.php?title=European%20Medical%20Journal%20Hematology
Geriatric Care,PAGEPress Publications,No APC (DOAJ),10 weeks,Not Available,Indexed,https://journalsearches.com/journal.php?title=Geriatric%20Care
Journal of the Medical Library Association,"University Library System, University of Pittsburgh",Free (MU Directory),26 weeks,Q1,Indexed,https://journalsearches.com/journal.php?title=Journal%20of%20the%20Medical%20Library%20Association
Nursing & Health Sciences Research Journal,Library & Knowledge Services and Nursing & Health Sciences Research Departments,Free (MU Directory),Not Available,Not Available,Not Indexed,https://journalsearches.com/journal.php?title=Nursing%20%26%20Health%20Sciences%20Research%20Journal
Military Medical Research,BMC,No APC (DOAJ),8 weeks,Q1,Indexed,https://journalsearches.com/journal.php?title=Military%20Medical%20Research
Southwest Respiratory and Critical Care Chronicles,Southwest Respiratory and Critical Care Chronicles,Free (MU Directory),7 weeks,Not Available,Not Indexed,https://journalsearches.com/journal.php?title=Southwest%20Respiratory%20and%20Critical%20Care%20Chronicles
Reviews in Health Care,SEEd,Not Available,Not Available,Not Available,Not Indexed,https://journalsearches.com/journal.php?title=Reviews%20in%20Health%20Care
International Health Trends and Perspectives,Ryerson University,No APC (DOAJ),8 weeks,Not Available,Not Indexed,https://journalsearches.com/journal.php?title=International%20Health%20Trends%20and%20Perspectives
South African Journal of Sports Medicine,South African Sports Medicine Association,7000 ZAR (DOAJ),12 weeks,Q3,Indexed,https://journalsearches.com/journal.php?title=South%20African%20Journal%20of%20Sports%20Medicine
Journal of Biomedical Science,BMC,Free (MU Directory),14 weeks,Q1,Indexed,https://journalsearches.com/journal.php?title=Journal%20of%20Biomedical%20Science
Psychiatria Fennica,The Finnish Foundation for Psychiatric Research,No APC (DOAJ),14 weeks,Not Available,Not Indexed,https://journalsearches.com/journal.php?title=Psychiatria%20Fennica
Molecular Biology & Nanomedicine,Techland Publishing Group Limited,No APC (DOAJ),Not Available,Not Available,Not Indexed,https://journalsearches.com/journal.php?title=Molecular%20Biology%20%26%20Nanomedicine
African Journal of Nephrology,African Association of Nephrology,Free (MU Directory),39 weeks,Not Available,Not Indexed,https://journalsearches.com/journal.php?title=African%20Journal%20of%20Nephrology
EMJ Radiology,European Medical Journal,Free (MU Directory),37 weeks,Not Available,Not Indexed,https://journalsearches.com/journal.php?title=EMJ%20Radiology
British and Irish Orthoptic Journal,White Rose University Press,Free (MU Directory),18 weeks,Q3,Indexed,https://journalsearches.com/journal.php?title=British%20and%20Irish%20Orthoptic%20Journal
Neurological Research and Practice,BMC,Free (MU Directory),14 weeks,Q2,Indexed,https://journalsearches.com/journal.php?title=Neurological%20Research%20and%20Practice
Pleura and Peritoneum,De Gruyter,2000 EUR (DOAJ),9 weeks,Q3,Indexed,https://journalsearches.com/journal.php?title=Pleura%20and%20Peritoneum
European Medical Journal Innovations,European Medical Journal,Free (MU Directory),31 weeks,Not Available,Not Indexed,https://journalsearches.com/journal.php?title=European%20Medical%20Journal%20Innovations
Social Medicine,Social Medicine Publication Group,No APC (DOAJ),15 weeks,Q4,Indexed,https://journalsearches.com/journal.php?title=Social%20Medicine
Dentistry 3000,"University Library System, University of Pittsburgh",Free (MU Directory),19 weeks,Q4,Indexed,https://journalsearches.com/journal.php?title=Dentistry%203000
European Medical Journal,European Medical Journal,Free (MU Directory),33 weeks,Not Available,Not Indexed,https://journalsearches.com/journal.php?title=European%20Medical%20Journal
International Journal of Medical Students,International Journal of Medical Students,Free (MU Directory),10 weeks,Not Available,Not Indexed,https://journalsearches.com/journal.php?title=International%20Journal%20of%20Medical%20Students
Hong Kong Medical Journal,Hong Kong Academy of Medicine,No APC (DOAJ),10 weeks,Q3,Indexed,https://journalsearches.com/journal.php?title=Hong%20Kong%20Medical%20Journal
Community Eye Health Journal,"International Centre for Eye Health (ICEH), London",Free (MU Directory),14 weeks,Q4,Indexed,https://journalsearches.com/journal.php?title=Community%20Eye%20Health%20Journal
Health Reform Observer - Observatoire des Réformes de Santé,McMaster University Library Press,No APC (DOAJ),Not Available,Not Available,Not Available,https://journalsearches.com/journal.php?title=Health%20Reform%20Observer%20-%20Observatoire%20des%20R%C3%A9formes%20de%20Sant%C3%A9
Laboratory Animal Research,BMC,Free (MU Directory),8 weeks,Q2,Indexed,https://journalsearches.com/journal.php?title=Laboratory%20Animal%20Research
Emerging Infectious Diseases,Centers for Disease Control and Prevention,Free (MU Directory),8 weeks,Q1,Indexed,https://journalsearches.com/journal.php?title=Emerging%20Infectious%20Diseases
Medicine Anthropology Theory,University of Edinburgh Library,Free (MU Directory),38 weeks,Not Available,Not Indexed,https://journalsearches.com/journal.php?title=Medicine%20Anthropology%20Theory
Precision Radiation Oncology,Wiley,Free (MU Directory),13 weeks,Q3,Indexed,https://journalsearches.com/journal.php?title=Precision%20Radiation%20Oncology
Clinical Phytoscience,SpringerOpen,No APC (DOAJ),13 weeks,Not Available,Not Indexed,https://journalsearches.com/journal.php?title=Clinical%20Phytoscience
Société Internationale d’Urologie Journal,The Société Internationale d’Urologie (SIU),No APC (DOAJ),Not Available,Not Available,Not Available,https://journalsearches.com/journal.php?title=Soci%C3%A9t%C3%A9%20Internationale%20d%E2%80%99Urologie%20Journal
Cardiology Discovery,Wolters Kluwer Health/LWW,No APC (DOAJ),20 weeks,Q4,Indexed,https://journalsearches.com/journal.php?title=Cardiology%20Discovery
Indian Heart Journal,Elsevier,No APC (DOAJ),53 weeks,Q3,Indexed,https://journalsearches.com/journal.php?title=Indian%20Heart%20Journal
"The Egyptian Journal of Neurology, Psychiatry and Neurosurgery",SpringerOpen,Free (MU Directory),Not Available,Not Available,Not Available,https://journalsearches.com/journal.php?title=The%20Egyptian%20Journal%20of%20Neurology%2C%20Psychiatry%20and%20Neurosurgery
Health Behavior Research,New Prairie Press,Free (MU Directory),8 weeks,Not Available,Not Indexed,https://journalsearches.com/journal.php?title=Health%20Behavior%20Research
ACG Case Reports Journal,Wolters Kluwer Health,500 USD (DOAJ),12 weeks,Not Available,Indexed,https://journalsearches.com/journal.php?title=ACG%20Case%20Reports%20Journal
Cardiovascular Medicine,EMH Swiss Medical Publishers Ltd.,No APC (DOAJ),Not Available,Q4,Indexed,https://journalsearches.com/journal.php?title=Cardiovascular%20Medicine
BIO Integration,Compuscript Ltd,No APC (DOAJ),17 weeks,Q3,Indexed,https://journalsearches.com/journal.php?title=BIO%20Integration
Japanese Dental Science Review,Elsevier,No APC (DOAJ),30 weeks,Q1,Indexed,https://journalsearches.com/journal.php?title=Japanese%20Dental%20Science%20Review
Asian Journal of Urology,Elsevier,No APC (DOAJ),16 weeks,Q2,Indexed,https://journalsearches.com/journal.php?title=Asian%20Journal%20of%20Urology
Chinese Medicine and Culture,Wolters Kluwer Health/LWW,Free (MU Directory),20 weeks,Q2,Indexed,https://journalsearches.com/journal.php?title=Chinese%20Medicine%20and%20Culture
Revista Brasileira de Hematologia e Hemoterapia,Elsevier,No APC (DOAJ),21 weeks,Not Available,Not Indexed (Coverage ended),https://journalsearches.com/journal.php?title=Revista%20Brasileira%20de%20Hematologia%20e%20Hemoterapia
Global Biosecurity,University of New South Wales,No APC (DOAJ),16 weeks,Q3,Indexed,https://journalsearches.com/journal.php?title=Global%20Biosecurity
Acta Pharmaceutica Sinica B,Elsevier,2600 USD (DOAJ),19 weeks,Q1,Indexed,https://journalsearches.com/journal.php?title=Acta%20Pharmaceutica%20Sinica%20B
Inspira,Cappelen Damm Akademisk NOASP,No APC (DOAJ),6 weeks,Not Available,Not Indexed,https://journalsearches.com/journal.php?title=Inspira
Skin,National Society for Cutaneous Medicine,2200 USD (DOAJ),4 weeks,Not Available,Not Indexed,https://journalsearches.com/journal.php?title=Skin
Rwanda Medical Journal,Rwanda Biomedical Centre (RBC)/Rwanda Health Communication Center,No APC (DOAJ),7 weeks,Q4,Indexed,https://journalsearches.com/journal.php?title=Rwanda%20Medical%20Journal
Plasmatology,SAGE Publishing,Free (MU Directory),25 weeks,Q4,Indexed,https://journalsearches.com/journal.php?title=Plasmatology
Perspectives on Medical Education,Springer / Bohn Stafleu van Loghum,1068 GBP (DOAJ),28 weeks,Q1,Indexed,https://journalsearches.com/journal.php?title=Perspectives%20on%20Medical%20Education
Deutsches Ärzteblatt,Deutscher Ärzte-Verlag,No APC (DOAJ),Not Available,Not Available,Not Available,https://journalsearches.com/journal.php?title=Deutsches%20%C3%84rzteblatt
Animal Models and Experimental Medicine,Wiley,Free (MU Directory),12 weeks,Q1,Indexed,https://journalsearches.com/journal.php?title=Animal%20Models%20and%20Experimental%20Medicine
Journal of Appalachian Health,University of Kentucky,No APC (DOAJ),9 weeks,Not Available,Not Indexed,https://journalsearches.com/journal.php?title=Journal%20of%20Appalachian%20Health
International Journal of Strength and Conditioning,International Universities Strength and Conditioning Association,No APC (DOAJ),16 weeks,Not Available,Not Indexed,https://journalsearches.com/journal.php?title=International%20Journal%20of%20Strength%20and%20Conditioning
Australian Prescriber,NPS MedicineWise,No APC (DOAJ),36 weeks,Q2,Indexed,https://journalsearches.com/journal.php?title=Australian%20Prescriber
International Journal of Arrhythmia,BMC,Not Available,31 weeks,Not Available,Not Indexed,https://journalsearches.com/journal.php?title=International%20Journal%20of%20Arrhythmia
Gut Microbiome,Cambridge University Press,No APC (DOAJ),5 weeks,Not Available,Not Indexed,https://journalsearches.com/journal.php?title=Gut%20Microbiome
Online Journal of Rural Nursing and Health Care,Rural Nurse Organization; Binghamton University,No APC (DOAJ),24 weeks,Not Available,Not Indexed,https://journalsearches.com/journal.php?title=Online%20Journal%20of%20Rural%20Nursing%20and%20Health%20Care
Biomedical Journal,Elsevier,No APC (DOAJ),40 weeks,Q1,Indexed,https://journalsearches.com/journal.php?title=Biomedical%20Journal
Middle East Fertility Society Journal,SpringerOpen,Free (MU Directory),45 weeks,Q3,Indexed,https://journalsearches.com/journal.php?title=Middle%20East%20Fertility%20Society%20Journal
Global Health: Science and Practice Journal,Johns Hopkins University,No APC (DOAJ),Not Available,Not Available,Not Available,https://journalsearches.com/journal.php?title=Global%20Health%3A%20Science%20and%20Practice%20Journal
GMS Ophthalmology Cases,German Medical Science GMS Publishing House,No APC (DOAJ),6 weeks,Not Available,Not Indexed,https://journalsearches.com/journal.php?title=GMS%20Ophthalmology%20Cases
Giornale Italiano di Endodonzia,Ariesdue,No APC (DOAJ),24 weeks,Q3,Not Indexed (Coverage ended),https://journalsearches.com/journal.php?title=Giornale%20Italiano%20di%20Endodonzia
Qualitative Research in Medicine & Healthcare,PAGEPress Publications,900 USD (DOAJ),Not Available,Not Available,Not Indexed,https://journalsearches.com/journal.php?title=Qualitative%20Research%20in%20Medicine%20%26%20Healthcare
Swiss Archives of Neurology and Psychiatry,EMH Swiss Medical Publishers Ltd.,Not Available,Not Available,Not Available,Not Indexed,https://journalsearches.com/journal.php?title=Swiss%20Archives%20of%20Neurology%20and%20Psychiatry
AIMS Medical Science,American Institute of Mathematical Sciences,Free (MU Directory),12 weeks,Not Available,Not Indexed,https://journalsearches.com/journal.php?title=AIMS%20Medical%20Science
European Medical Journal Diabetes,European Medical Journal,Free (MU Directory),20 weeks,Not Available,Not Indexed,https://journalsearches.com/journal.php?title=European%20Medical%20Journal%20Diabetes
Therapeutic Advances in Rare Disease,SAGE Publishing,No APC (DOAJ),15 weeks,Q2,Indexed,https://journalsearches.com/journal.php?title=Therapeutic%20Advances%20in%20Rare%20Disease
International Journal of Particle Therapy,Particle Therapy Co-operative Group,1700 USD (DOAJ),20 weeks,Q1,Indexed,https://journalsearches.com/journal.php?title=International%20Journal%20of%20Particle%20Therapy
Health and Social Care Delivery Research,NIHR Journals Library,Free (MU Directory),75 weeks,Q1,Indexed,https://journalsearches.com/journal.php?title=Health%20and%20Social%20Care%20Delivery%20Research
The Egyptian Journal of Internal Medicine,SpringerOpen,Free (MU Directory),9 weeks,Not Available,Not Indexed,https://journalsearches.com/journal.php?title=The%20Egyptian%20Journal%20of%20Internal%20Medicine
Annals of Urologic Oncology,Asian Medical Press Ltd.(H.K.),No APC (DOAJ),4 weeks,Not Available,Not Indexed,https://journalsearches.com/journal.php?title=Annals%20of%20Urologic%20Oncology
People Living with And Inspired by Diabetes,Florida State University College of Medicine,Not Available,Not Available,Not Available,Not Indexed,https://journalsearches.com/journal.php?title=People%20Living%20with%20And%20Inspired%20by%20Diabetes
Leprosy Review,LEPRA (The British Leprosy Relief Association),No APC (DOAJ),8 weeks,Q3,Not Indexed (Coverage ended),https://journalsearches.com/journal.php?title=Leprosy%20Review
Voices in Bioethics,Columbia University Libraries,Free (MU Directory),6 weeks,Not Available,Not Indexed,https://journalsearches.com/journal.php?title=Voices%20in%20Bioethics
International Journal of Medical Device and Adjuvant Treatments,Verduci Editore,No APC (DOAJ),5 weeks,Not Available,Not Indexed,https://journalsearches.com/journal.php?title=International%20Journal%20of%20Medical%20Device%20and%20Adjuvant%20Treatments
Radiography Open,OsloMet — Oslo Metropolitan University,No APC (DOAJ),6 weeks,Not Available,Not Indexed,https://journalsearches.com/journal.php?title=Radiography%20Open
Maternal-Fetal Medicine,Wolters Kluwer Health,Free (MU Directory),10 weeks,Q2,Indexed,https://journalsearches.com/journal.php?title=Maternal-Fetal%20Medicine
Journal of Sports Medicine and Allied Health Sciences: Official Journal of the Ohio Athletic Trainers' Association,Bowling Green State University,Free (MU Directory),Not Available,Not Available,Not Available,https://journalsearches.com/journal.php?title=Journal%20of%20Sports%20Medicine%20and%20Allied%20Health%20Sciences%3A%20Official%20Journal%20of%20the%20Ohio%20Athletic%20Trainers%27%20Association
Aging Medicine,Wiley,Free (MU Directory),12 weeks,Q3,Indexed,https://journalsearches.com/journal.php?title=Aging%20Medicine
Canadian Oncology Nursing Journal,Pappin Communications,Not Available,Not Available,Not Available,Not Indexed (Coverage ended),https://journalsearches.com/journal.php?title=Canadian%20Oncology%20Nursing%20Journal
The Journal of Forensic Science Education,Texas Digital Library,No APC (DOAJ),10 weeks,Not Available,Not Indexed,https://journalsearches.com/journal.php?title=The%20Journal%20of%20Forensic%20Science%20Education
Journal of Perioperative Nursing,Australian College of Perioperative Nurses,No APC (DOAJ),12 weeks,Q3,Indexed,https://journalsearches.com/journal.php?title=Journal%20of%20Perioperative%20Nursing
Journal of Long-Term Care,LSE Press,Free (MU Directory),33 weeks,Q2,Indexed,https://journalsearches.com/journal.php?title=Journal%20of%20Long-Term%20Care
Journal of Arrhythmia,Wiley,1540 USD (DOAJ),45 weeks,Q2,Indexed,https://journalsearches.com/journal.php?title=Journal%20of%20Arrhythmia
Burns & Trauma,Oxford University Press,Free (MU Directory),Not Available,Not Available,Not Indexed,https://journalsearches.com/journal.php?title=Burns%20%26%20Trauma
Advances in Clinical Neuroscience & Rehabilitation,Whitehouse Publishing,Free (MU Directory),Not Available,Not Available,Not Indexed,https://journalsearches.com/journal.php?title=Advances%20in%20Clinical%20Neuroscience%20%26%20Rehabilitation
Murmurations,Everything is Connected Press,No APC (DOAJ),20 weeks,Not Available,Not Indexed,https://journalsearches.com/journal.php?title=Murmurations
Current Urology,Wolters Kluwer Health,Free (MU Directory),24 weeks,Q3,Indexed,https://journalsearches.com/journal.php?title=Current%20Urology
Journal of Patient-Centered Research and Reviews,Aurora Health Care,Free (MU Directory),24 weeks,Not Available,Not Indexed,https://journalsearches.com/journal.php?title=Journal%20of%20Patient-Centered%20Research%20and%20Reviews
Renal Replacement Therapy,BMC,Free (MU Directory),19 weeks,Q3,Indexed,https://journalsearches.com/journal.php?title=Renal%20Replacement%20Therapy
Indian Journal of Neurosurgery,"Thieme Medical Publishers, Inc.",Free (MU Directory),12 weeks,Q4,Not Indexed (Coverage ended),https://journalsearches.com/journal.php?title=Indian%20Journal%20of%20Neurosurgery
Journal of Pharmacy & Pharmaceutical Sciences,Canadian Society for Pharmaceutical Sciences,Free (MU Directory),Not Available,Not Available,Not Indexed,https://journalsearches.com/journal.php?title=Journal%20of%20Pharmacy%20%26%20Pharmaceutical%20Sciences
Journal of Early Hearing Detection and Intervention,Utah State University,No APC (DOAJ),16 weeks,Not Available,Not Indexed,https://journalsearches.com/journal.php?title=Journal%20of%20Early%20Hearing%20Detection%20and%20Intervention
European Journal of Health Communication (EJHC),"University of Zurich, IKMZ – Department of Communication and Media Research",No APC (DOAJ),48 weeks,Not Available,Not Indexed,https://journalsearches.com/journal.php?title=European%20Journal%20of%20Health%20Communication%20%28EJHC%29
JMIR Dermatology,JMIR Publications,1500 USD (DOAJ),18 weeks,Q3,Indexed,https://journalsearches.com/journal.php?title=JMIR%20Dermatology
GE: Portuguese Journal of Gastroenterology,Karger Publishers,No APC (DOAJ),Not Available,Not Available,Not Available,https://journalsearches.com/journal.php?title=GE%3A%20Portuguese%20Journal%20of%20Gastroenterology
Progress in Orthodontics,SpringerOpen,Free (MU Directory),13 weeks,Q1,Indexed,https://journalsearches.com/journal.php?title=Progress%20in%20Orthodontics
Health Promotion and Chronic Disease Prevention in Canada,Public Health Agency of Canada,No APC (DOAJ),40 weeks,Not Available,Not Indexed,https://journalsearches.com/journal.php?title=Health%20Promotion%20and%20Chronic%20Disease%20Prevention%20in%20Canada
Animal Diseases,BMC,Free (MU Directory),12 weeks,Q1,Indexed,https://journalsearches.com/journal.php?title=Animal%20Diseases
Reumatismo,PAGEPress Publications,No APC (DOAJ),10 weeks,Q3,Not Indexed (Coverage ended),https://journalsearches.com/journal.php?title=Reumatismo
Asian Journal of Oncology,"Thieme Medical Publishers, Inc.",Free (MU Directory),22 weeks,Not Available,Not Indexed,https://journalsearches.com/journal.php?title=Asian%20Journal%20of%20Oncology
Norsk Epidemiologi,Norsk Forening for Epidemiologi,Not Available,12 weeks,Q3,Not Indexed (Coverage ended),https://journalsearches.com/journal.php?title=Norsk%20Epidemiologi
European Medical Journal Urology,European Medical Journal,Free (MU Directory),17 weeks,Not Available,Not Indexed,https://journalsearches.com/journal.php?title=European%20Medical%20Journal%20Urology
Reconstructive Review,Joint Implant Surgery & Research Foundation,Free (MU Directory),Not Available,Not Available,Not Indexed,https://journalsearches.com/journal.php?title=Reconstructive%20Review
Christian Journal for Global Health,Health for All Nations,Free (MU Directory),8 weeks,Q4,Indexed,https://journalsearches.com/journal.php?title=Christian%20Journal%20for%20Global%20Health
International Journal of Health Preference Research,CybelePress,Not Available,Not Available,Not Available,Not Indexed,https://journalsearches.com/journal.php?title=International%20Journal%20of%20Health%20Preference%20Research
AIMS Allergy and Immunology,American Institute of Mathematical Sciences,Free (MU Directory),4 weeks,Not Available,Not Indexed,https://journalsearches.com/journal.php?title=AIMS%20Allergy%20and%20Immunology
Philosophy of Medicine,"University Library System, University of Pittsburgh",Free (MU Directory),12 weeks,Not Available,Not Indexed,https://journalsearches.com/journal.php?title=Philosophy%20of%20Medicine
World Journal of Pediatric Surgery,BMJ Publishing Group,Free (MU Directory),13 weeks,Q3,Indexed,https://journalsearches.com/journal.php?title=World%20Journal%20of%20Pediatric%20Surgery
Brain Science Advances,SAGE Publishing,No APC (DOAJ),10 weeks,Not Available,Not Indexed,https://journalsearches.com/journal.php?title=Brain%20Science%20Advances
Irish Journal of Paramedicine,Irish College of Paramedics,Not Available,Not Available,Not Available,Not Indexed,https://journalsearches.com/journal.php?title=Irish%20Journal%20of%20Paramedicine
Proceedings of Singapore Healthcare,SAGE Publishing,Free (MU Directory),15 weeks,Q3,Indexed,https://journalsearches.com/journal.php?title=Proceedings%20of%20Singapore%20Healthcare
The Saudi Journal of Health Systems Research,Karger Publishers,No APC (DOAJ),6 weeks,Not Available,Not Indexed,https://journalsearches.com/journal.php?title=The%20Saudi%20Journal%20of%20Health%20Systems%20Research
International Journal of Therapeutic Massage & Bodywork,Massage Therapy Foundation,No APC (DOAJ),Not Available,Not Available,Not Indexed,https://journalsearches.com/journal.php?title=International%20Journal%20of%20Therapeutic%20Massage%20%26%20Bodywork
Therapeutic Advances in Ophthalmology,SAGE Publishing,Free (MU Directory),12 weeks,Q1,Indexed,https://journalsearches.com/journal.php?title=Therapeutic%20Advances%20in%20Ophthalmology
Annals of Pediatric Surgery,SpringerOpen,Free (MU Directory),9 weeks,Not Available,Not Indexed,https://journalsearches.com/journal.php?title=Annals%20of%20Pediatric%20Surgery
Global Rheumatology,Panamerican League of Associations of Rheumatology (PANLAR),No APC (DOAJ),12 weeks,Not Available,Not Indexed,https://journalsearches.com/journal.php?title=Global%20Rheumatology
healthbook TIMES. Oncology Hematology,THE HEALTHBOOK COMPANY LTD.,No APC (DOAJ),6 weeks,Not Available,Not Indexed,https://journalsearches.com/journal.php?title=healthbook%20TIMES.%20Oncology%20Hematology
Ain Shams Journal of Anesthesiology,SpringerOpen,Free (MU Directory),10 weeks,Not Available,Not Indexed,https://journalsearches.com/journal.php?title=Ain%20Shams%20Journal%20of%20Anesthesiology
Optometric Education,Association of Schools and Colleges of Optometry,No APC (DOAJ),30 weeks,Not Available,Not Indexed,https://journalsearches.com/journal.php?title=Optometric%20Education
Journal of Student-Run Clinics,Society of Student-Run Free Clinics,No APC (DOAJ),54 weeks,Not Available,Not Indexed,https://journalsearches.com/journal.php?title=Journal%20of%20Student-Run%20Clinics
Journal of the Georgia Public Health Association,Georgia Southern University,Free (MU Directory),10 weeks,Not Available,Not Indexed,https://journalsearches.com/journal.php?title=Journal%20of%20the%20Georgia%20Public%20Health%20Association
Dr. Sulaiman Al Habib Medical Journal,Springer,Free (MU Directory),49 weeks,Not Available,Not Indexed,https://journalsearches.com/journal.php?title=Dr.%20Sulaiman%20Al%20Habib%20Medical%20Journal
BJPsych Bulletin,Cambridge University Press,Free (MU Directory),15 weeks,Q2,Indexed,https://journalsearches.com/journal.php?title=BJPsych%20Bulletin
Cooper Rowan Medical Journal,Rowan Digital Works,No APC (DOAJ),12 weeks,Not Available,Not Indexed,https://journalsearches.com/journal.php?title=Cooper%20Rowan%20Medical%20Journal
BME Frontiers,American Association for the Advancement of Science,Free (MU Directory),16 weeks,Q1,Indexed,https://journalsearches.com/journal.php?title=BME%20Frontiers
Impulse: The Premier Undergraduate Neuroscience Journal,Appalachian State University Honors College,Free (MU Directory),Not Available,Not Available,Not Available,https://journalsearches.com/journal.php?title=Impulse%3A%20The%20Premier%20Undergraduate%20Neuroscience%20Journal
Witness,York University Libraries,No APC (DOAJ),20 weeks,Not Available,Not Indexed,https://journalsearches.com/journal.php?title=Witness
Promotion de la santé et prévention des maladies chroniques au Canada,Agence de la santé publique du Canada,No APC (DOAJ),Not Available,Not Available,Not Available,https://journalsearches.com/journal.php?title=Promotion%20de%20la%20sant%C3%A9%20et%20pr%C3%A9vention%20des%20maladies%20chroniques%20au%20Canada
Reproductive and Developmental Medicine,Wolters Kluwer Health/LWW,Free (MU Directory),20 weeks,Q3,Indexed,https://journalsearches.com/journal.php?title=Reproductive%20and%20Developmental%20Medicine
Surgical and Experimental Pathology,BMC,Free (MU Directory),37 weeks,Not Available,Not Indexed,https://journalsearches.com/journal.php?title=Surgical%20and%20Experimental%20Pathology
Journal of the Egyptian Public Health Association,SpringerOpen,Free (MU Directory),10 weeks,Not Available,Not Indexed,https://journalsearches.com/journal.php?title=Journal%20of%20the%20Egyptian%20Public%20Health%20Association
European Respiratory Review,European Respiratory Society,Free (MU Directory),24 weeks,Q1,Not Indexed (Coverage ended),https://journalsearches.com/journal.php?title=European%20Respiratory%20Review
Oncobiology and Targets,HATASO,Free (MU Directory),Not Available,Not Available,Not Indexed,https://journalsearches.com/journal.php?title=Oncobiology%20and%20Targets
Basic and Applied Myology,Unipress Padova,No APC (DOAJ),10 weeks,Not Available,Not Indexed,https://journalsearches.com/journal.php?title=Basic%20and%20Applied%20Myology
Journal of Medical Physics,Wolters Kluwer Medknow Publications,Free (MU Directory),25 weeks,Q3,Indexed,https://journalsearches.com/journal.php?title=Journal%20of%20Medical%20Physics
Pediatric Anesthesia and Critical Care Journal (PACCJ),Pediatric Anesthesia and Critical Care Journal,530 EUR (DOAJ),4 weeks,Not Available,Not Indexed,https://journalsearches.com/journal.php?title=Pediatric%20Anesthesia%20and%20Critical%20Care%20Journal%20%28PACCJ%29
Neuropsychological Trends,LED Edizioni Universitarie,No APC (DOAJ),12 weeks,Q4,Indexed,https://journalsearches.com/journal.php?title=Neuropsychological%20Trends
Observational Studies,University of Pennsylvania Press,No APC (DOAJ),20 weeks,Q3,Indexed,https://journalsearches.com/journal.php?title=Observational%20Studies
Egyptian Rheumatologist,Elsevier,Not Available,Not Available,Q3,Indexed,https://journalsearches.com/journal.php?title=Egyptian%20Rheumatologist
Journal of Geriatric Mental Health,Wolters Kluwer Medknow Publications,Free (MU Directory),23 weeks,Not Available,Not Indexed,https://journalsearches.com/journal.php?title=Journal%20of%20Geriatric%20Mental%20Health
Journal of Craniovertebral Junction and Spine,Wolters Kluwer Medknow Publications,Free (MU Directory),13 weeks,Q2,Indexed,https://journalsearches.com/journal.php?title=Journal%20of%20Craniovertebral%20Junction%20and%20Spine
Indian Journal of Paediatric Dermatology,Wolters Kluwer Medknow Publications,Free (MU Directory),16 weeks,Not Available,Not Indexed,https://journalsearches.com/journal.php?title=Indian%20Journal%20of%20Paediatric%20Dermatology
Journal of Vector Borne Diseases,Wolters Kluwer Medknow Publications,Free (MU Directory),15 weeks,Q3,Indexed,https://journalsearches.com/journal.php?title=Journal%20of%20Vector%20Borne%20Diseases
Muller Journal of Medical Sciences and Research,Wolters Kluwer Medknow Publications,Free (MU Directory),27 weeks,Not Available,Not Indexed,https://journalsearches.com/journal.php?title=Muller%20Journal%20of%20Medical%20Sciences%20and%20Research
Journal of the Indian Academy of Geriatrics,Wolters Kluwer Medknow Publications,Free (MU Directory),17 weeks,Not Available,Not Indexed,https://journalsearches.com/journal.php?title=Journal%20of%20the%20Indian%20Academy%20of%20Geriatrics
Journal of Postgraduate Medicine,Wolters Kluwer Medknow Publications,Free (MU Directory),Not Available,Q3,Indexed,https://journalsearches.com/journal.php?title=Journal%20of%20Postgraduate%20Medicine
Saudi Journal of Kidney Diseases and Transplantation,Wolters Kluwer Medknow Publications,Free (MU Directory),18 weeks,Not Available,Not Indexed,https://journalsearches.com/journal.php?title=Saudi%20Journal%20of%20Kidney%20Diseases%20and%20Transplantation
Saudi Endodontic Journal,Wolters Kluwer Medknow Publications,Free (MU Directory),32 weeks,Q3,Indexed,https://journalsearches.com/journal.php?title=Saudi%20Endodontic%20Journal
Journal of Clinical Ophthalmology and Research,Wolters Kluwer Medknow Publications,Free (MU Directory),21 weeks,Q4,Indexed,https://journalsearches.com/journal.php?title=Journal%20of%20Clinical%20Ophthalmology%20and%20Research
Hellenic Journal of Cardiology,Elsevier,No APC (DOAJ),52 weeks,Q2,Not Indexed (Coverage ended),https://journalsearches.com/journal.php?title=Hellenic%20Journal%20of%20Cardiology
"Cancer Research, Statistics, and Treatment",Wolters Kluwer Medknow Publications,Free (MU Directory),Not Available,Not Available,Not Available,https://journalsearches.com/journal.php?title=Cancer%20Research%2C%20Statistics%2C%20and%20Treatment
MAMC Journal of Medical Sciences,Wolters Kluwer Medknow Publications,Free (MU Directory),18 weeks,Not Available,Not Indexed,https://journalsearches.com/journal.php?title=MAMC%20Journal%20of%20Medical%20Sciences
The Journal of Indian Prosthodontic Society,Wolters Kluwer Medknow Publications,Free (MU Directory),18 weeks,Not Available,Not Indexed,https://journalsearches.com/journal.php?title=The%20Journal%20of%20Indian%20Prosthodontic%20Society
Urological Science,Wolters Kluwer Medknow Publications,Free (MU Directory),15 weeks,Q3,Indexed,https://journalsearches.com/journal.php?title=Urological%20Science
Archives of Mental Health,Wolters Kluwer Medknow Publications,Free (MU Directory),44 weeks,Q4,Indexed,https://journalsearches.com/journal.php?title=Archives%20of%20Mental%20Health
Archives of Medicine and Health Sciences,Wolters Kluwer Medknow Publications,Free (MU Directory),25 weeks,Not Available,Not Indexed,https://journalsearches.com/journal.php?title=Archives%20of%20Medicine%20and%20Health%20Sciences
Journal of Nature and Science of Medicine,Wolters Kluwer Medknow Publications,Free (MU Directory),28 weeks,Q3,Indexed,https://journalsearches.com/journal.php?title=Journal%20of%20Nature%20and%20Science%20of%20Medicine
Apollo Medicine,Wolters Kluwer Medknow Publications,Free (MU Directory),13 weeks,Not Available,Not Indexed,https://journalsearches.com/journal.php?title=Apollo%20Medicine
Indian Dermatology Online Journal,Wolters Kluwer Medknow Publications,Free (MU Directory),34 weeks,Q2,Indexed,https://journalsearches.com/journal.php?title=Indian%20Dermatology%20Online%20Journal
Journal of Mid-Life Health,Wolters Kluwer Medknow Publications,Free (MU Directory),23 weeks,Q3,Indexed,https://journalsearches.com/journal.php?title=Journal%20of%20Mid-Life%20Health
Journal of Indian Society of Pedodontics and Preventive Dentistry,Wolters Kluwer Medknow Publications,10000 INR (DOAJ),17 weeks,Q2,Not Indexed (Coverage ended),https://journalsearches.com/journal.php?title=Journal%20of%20Indian%20Society%20of%20Pedodontics%20and%20Preventive%20Dentistry
Indian Journal of Medical Research,Wolters Kluwer Medknow Publications,Free (MU Directory),Not Available,Q2,Not Indexed (Coverage ended),https://journalsearches.com/journal.php?title=Indian%20Journal%20of%20Medical%20Research
Research in Cardiovascular Medicine,Wolters Kluwer Medknow Publications,Free (MU Directory),25 weeks,Not Available,Not Indexed,https://journalsearches.com/journal.php?title=Research%20in%20Cardiovascular%20Medicine
World Journal of Traditional Chinese Medicine,Wolters Kluwer Medknow Publications,No APC (DOAJ),24 weeks,Q2,Indexed,https://journalsearches.com/journal.php?title=World%20Journal%20of%20Traditional%20Chinese%20Medicine
Revista Portuguesa de Cardiologia,Elsevier,No APC (DOAJ),36 weeks,Q3,Indexed,https://journalsearches.com/journal.php?title=Revista%20Portuguesa%20de%20Cardiologia
Journal of Surgical Specialties and Rural Practice,Wolters Kluwer Medknow Publications,Free (MU Directory),33 weeks,Not Available,Not Indexed,https://journalsearches.com/journal.php?title=Journal%20of%20Surgical%20Specialties%20and%20Rural%20Practice
Dentistry and Medical Research,Wolters Kluwer Medknow Publications,Free (MU Directory),17 weeks,Not Available,Not Indexed,https://journalsearches.com/journal.php?title=Dentistry%20and%20Medical%20Research
Chinese Journal of Traumatology,Elsevier,No APC (DOAJ),28 weeks,Not Available,Not Indexed,https://journalsearches.com/journal.php?title=Chinese%20Journal%20of%20Traumatology
Journal of Diabetology,Wolters Kluwer Medknow Publications,Free (MU Directory),19 weeks,Q4,Indexed,https://journalsearches.com/journal.php?title=Journal%20of%20Diabetology
Nefrología (English Edition),Elsevier,No APC (DOAJ),Not Available,Not Available,Not Available,https://journalsearches.com/journal.php?title=Nefrolog%C3%ADa%20%28English%20Edition%29
Current Medicine Research and Practice,Wolters Kluwer Medknow Publications,Free (MU Directory),18 weeks,Not Available,Not Indexed,https://journalsearches.com/journal.php?title=Current%20Medicine%20Research%20and%20Practice
Taiwan Journal of Ophthalmology,Wolters Kluwer Medknow Publications,Free (MU Directory),11 weeks,Q2,Indexed,https://journalsearches.com/journal.php?title=Taiwan%20Journal%20of%20Ophthalmology
Eurasian Journal of Pulmonology,Wolters Kluwer Medknow Publications,Not Available,4 weeks,Not Available,Not Indexed,https://journalsearches.com/journal.php?title=Eurasian%20Journal%20of%20Pulmonology
Indian Journal of Health Sciences and Biomedical Research KLEU,Wolters Kluwer Medknow Publications,Free (MU Directory),Not Available,Not Available,Not Indexed,https://journalsearches.com/journal.php?title=Indian%20Journal%20of%20Health%20Sciences%20and%20Biomedical%20Research%20KLEU
Turkish Journal of Plastic Surgery,Wolters Kluwer Medknow Publications,Free (MU Directory),21 weeks,Q4,Not Indexed (Coverage ended),https://journalsearches.com/journal.php?title=Turkish%20Journal%20of%20Plastic%20Surgery
Journal of Orofacial Sciences,Wolters Kluwer Medknow Publications,Free (MU Directory),21 weeks,Q3,Indexed,https://journalsearches.com/journal.php?title=Journal%20of%20Orofacial%20Sciences
Kerala Journal of Ophthalmology,Wolters Kluwer Medknow Publications,Free (MU Directory),21 weeks,Not Available,Not Indexed,https://journalsearches.com/journal.php?title=Kerala%20Journal%20of%20Ophthalmology
Asian Journal of Social Health and Behavior,Wolters Kluwer Medknow Publications,Free (MU Directory),18 weeks,Q1,Indexed,https://journalsearches.com/journal.php?title=Asian%20Journal%20of%20Social%20Health%20and%20Behavior
Tzu-Chi Medical Journal,Wolters Kluwer Medknow Publications,Free (MU Directory),4 weeks,Not Available,Not Indexed,https://journalsearches.com/journal.php?title=Tzu-Chi%20Medical%20Journal
Annals of Movement Disorders,Wolters Kluwer Medknow Publications,Free (MU Directory),37 weeks,Q3,Indexed,https://journalsearches.com/journal.php?title=Annals%20of%20Movement%20Disorders
Hamdan Medical Journal,Wolters Kluwer Medknow Publications,Free (MU Directory),Not Available,Not Available,Not Indexed,https://journalsearches.com/journal.php?title=Hamdan%20Medical%20Journal
Asian Pacific Journal of Tropical Medicine,Wolters Kluwer Medknow Publications,Free (MU Directory),19 weeks,Q3,Indexed,https://journalsearches.com/journal.php?title=Asian%20Pacific%20Journal%20of%20Tropical%20Medicine
Journal of Sport and Health Science,Elsevier,No APC (DOAJ),22 weeks,Q1,Indexed,https://journalsearches.com/journal.php?title=Journal%20of%20Sport%20and%20Health%20Science
Indian Journal of Psychological Medicine,SAGE Publishing,Free (MU Directory),12 weeks,Q2,Indexed,https://journalsearches.com/journal.php?title=Indian%20Journal%20of%20Psychological%20Medicine
Indian Journal of Allergy Asthma and Immunology,Wolters Kluwer Medknow Publications,Free (MU Directory),16 weeks,Not Available,Not Indexed,https://journalsearches.com/journal.php?title=Indian%20Journal%20of%20Allergy%20Asthma%20and%20Immunology
Indian Journal of Respiratory Care,Wolters Kluwer Medknow Publications,No APC (DOAJ),16 weeks,Not Available,Indexed,https://journalsearches.com/journal.php?title=Indian%20Journal%20of%20Respiratory%20Care
Journal of the Scientific Society,Wolters Kluwer Medknow Publications,Free (MU Directory),48 weeks,Not Available,Not Indexed,https://journalsearches.com/journal.php?title=Journal%20of%20the%20Scientific%20Society
Journal of Indian Orthodontic Society,SAGE Publishing,No APC (DOAJ),10 weeks,Not Available,Not Indexed,https://journalsearches.com/journal.php?title=Journal%20of%20Indian%20Orthodontic%20Society
TNOA Journal of Ophthalmic Science and Research,Wolters Kluwer Medknow Publications,Free (MU Directory),23 weeks,Not Available,Not Indexed,https://journalsearches.com/journal.php?title=TNOA%20Journal%20of%20Ophthalmic%20Science%20and%20Research
Annals of Cardiac Anaesthesia,Wolters Kluwer Medknow Publications,Free (MU Directory),31 weeks,Q3,Indexed,https://journalsearches.com/journal.php?title=Annals%20of%20Cardiac%20Anaesthesia
Heart Views,Wolters Kluwer Medknow Publications,Free (MU Directory),25 weeks,Not Available,Not Indexed,https://journalsearches.com/journal.php?title=Heart%20Views
Brain Circulation,Wolters Kluwer Medknow Publications,Free (MU Directory),26 weeks,Not Available,Not Indexed,https://journalsearches.com/journal.php?title=Brain%20Circulation
Acta Medica International,Wolters Kluwer Medknow Publications,Not Available,25 weeks,Not Available,Not Indexed,https://journalsearches.com/journal.php?title=Acta%20Medica%20International
"Journal of Orthopedics, Traumatology and Rehabilitation",Wolters Kluwer Medknow Publications,Free (MU Directory),Not Available,Not Available,Not Available,https://journalsearches.com/journal.php?title=Journal%20of%20Orthopedics%2C%20Traumatology%20and%20Rehabilitation
Journal of Pharmaceutical Analysis,Elsevier,1850 USD (DOAJ),22 weeks,Q1,Indexed,https://journalsearches.com/journal.php?title=Journal%20of%20Pharmaceutical%20Analysis
Telangana Journal of Psychiatry,Wolters Kluwer Medknow Publications,Free (MU Directory),19 weeks,Not Available,Not Indexed,https://journalsearches.com/journal.php?title=Telangana%20Journal%20of%20Psychiatry
Journal of Integrative Nursing,Wolters Kluwer Medknow Publications,Free (MU Directory),20 weeks,Q4,Indexed,https://journalsearches.com/journal.php?title=Journal%20of%20Integrative%20Nursing
Indian Journal of Rheumatology,Wolters Kluwer Medknow Publications,Free (MU Directory),8 weeks,Q4,Indexed,https://journalsearches.com/journal.php?title=Indian%20Journal%20of%20Rheumatology
Journal of Taibah University Medical Sciences,Elsevier,625 USD (DOAJ),43 weeks,Q3,Indexed,https://journalsearches.com/journal.php?title=Journal%20of%20Taibah%20University%20Medical%20Sciences
Archives of Trauma Research,Wolters Kluwer Medknow Publications,Free (MU Directory),8 weeks,Not Available,Not Indexed,https://journalsearches.com/journal.php?title=Archives%20of%20Trauma%20Research
Saudi Journal of Anaesthesia,Wolters Kluwer Medknow Publications,Free (MU Directory),23 weeks,Q2,Indexed,https://journalsearches.com/journal.php?title=Saudi%20Journal%20of%20Anaesthesia
Cancer Translational Medicine,Wolters Kluwer Medknow Publications,Not Available,Not Available,Not Available,Not Indexed,https://journalsearches.com/journal.php?title=Cancer%20Translational%20Medicine
Bali Journal of Anesthesiology,Wolters Kluwer Medknow Publications,Free (MU Directory),18 weeks,Q3,Indexed,https://journalsearches.com/journal.php?title=Bali%20Journal%20of%20Anesthesiology
Journal of Clinical and Scientific Research,Wolters Kluwer Medknow Publications,Free (MU Directory),35 weeks,Not Available,Not Indexed,https://journalsearches.com/journal.php?title=Journal%20of%20Clinical%20and%20Scientific%20Research
Journal of Head & Neck Physicians and Surgeons,Wolters Kluwer Medknow Publications,Free (MU Directory),Not Available,Not Available,Not Indexed,https://journalsearches.com/journal.php?title=Journal%20of%20Head%20%26%20Neck%20Physicians%20and%20Surgeons
Journal of Limb Lengthening & Reconstruction,Wolters Kluwer Medknow Publications,400 USD (DOAJ),Not Available,Not Available,Not Indexed,https://journalsearches.com/journal.php?title=Journal%20of%20Limb%20Lengthening%20%26%20Reconstruction
Annals of Thoracic Medicine,Wolters Kluwer Medknow Publications,32000 INR (DOAJ),29 weeks,Q2,Indexed,https://journalsearches.com/journal.php?title=Annals%20of%20Thoracic%20Medicine
Journal of Optometry,Elsevier,1680 USD (DOAJ),12 weeks,Q1,Indexed,https://journalsearches.com/journal.php?title=Journal%20of%20Optometry
Revista de Gastroenterología de México (English Edition),Elsevier,1200 USD (DOAJ),Not Available,Not Available,Not Available,https://journalsearches.com/journal.php?title=Revista%20de%20Gastroenterolog%C3%ADa%20de%20M%C3%A9xico%20%28English%20Edition%29
Indian Journal of Anaesthesia,Wolters Kluwer Medknow Publications,Free (MU Directory),17 weeks,Q2,Indexed,https://journalsearches.com/journal.php?title=Indian%20Journal%20of%20Anaesthesia
Indian Journal of Urology,Wolters Kluwer Medknow Publications,Free (MU Directory),16 weeks,Q3,Not Indexed (Coverage ended),https://journalsearches.com/journal.php?title=Indian%20Journal%20of%20Urology
International Journal of the Cardiovascular Academy,Wolters Kluwer Medknow Publications,Free (MU Directory),24 weeks,Q4,Not Indexed (Coverage ended),https://journalsearches.com/journal.php?title=International%20Journal%20of%20the%20Cardiovascular%20Academy
Journal of Current Research in Scientific Medicine,Wolters Kluwer Medknow Publications,Free (MU Directory),10 weeks,Not Available,Not Indexed,https://journalsearches.com/journal.php?title=Journal%20of%20Current%20Research%20in%20Scientific%20Medicine
Scientific Dental Journal,Wolters Kluwer Medknow Publications,Free (MU Directory),23 weeks,Not Available,Not Indexed,https://journalsearches.com/journal.php?title=Scientific%20Dental%20Journal
International Journal of Noncommunicable Diseases,Wolters Kluwer Medknow Publications,Free (MU Directory),15 weeks,Q4,Indexed,https://journalsearches.com/journal.php?title=International%20Journal%20of%20Noncommunicable%20Diseases
Vascular Investigation and Therapy,Wolters Kluwer Medknow Publications,Free (MU Directory),11 weeks,Not Available,Not Indexed,https://journalsearches.com/journal.php?title=Vascular%20Investigation%20and%20Therapy
Journal of Cutaneous and Aesthetic Surgery,Wolters Kluwer Medknow Publications,Free (MU Directory),Not Available,Q2,Indexed,https://journalsearches.com/journal.php?title=Journal%20of%20Cutaneous%20and%20Aesthetic%20Surgery
Ancient Science of Life,Wolters Kluwer Medknow Publications,Free (MU Directory),Not Available,Not Available,Not Indexed,https://journalsearches.com/journal.php?title=Ancient%20Science%20of%20Life
Journal of the Practice of Cardiovascular Sciences,Wolters Kluwer Medknow Publications,Free (MU Directory),14 weeks,Not Available,Not Indexed,https://journalsearches.com/journal.php?title=Journal%20of%20the%20Practice%20of%20Cardiovascular%20Sciences
Journal of Medical Evidence,Wolters Kluwer Medknow Publications,Free (MU Directory),21 weeks,Not Available,Not Indexed,https://journalsearches.com/journal.php?title=Journal%20of%20Medical%20Evidence
Indian Journal of Nephrology,Wolters Kluwer Medknow Publications,Free (MU Directory),Not Available,Q3,Indexed,https://journalsearches.com/journal.php?title=Indian%20Journal%20of%20Nephrology
Journal of Cancer Research and Practice,Wolters Kluwer Medknow Publications,Free (MU Directory),11 weeks,Not Available,Not Indexed,https://journalsearches.com/journal.php?title=Journal%20of%20Cancer%20Research%20and%20Practice
Turkish Journal of Emergency Medicine,Wolters Kluwer Medknow Publications,Free (MU Directory),24 weeks,Q2,Indexed,https://journalsearches.com/journal.php?title=Turkish%20Journal%20of%20Emergency%20Medicine
Journal of Indian Society of Periodontology,Wolters Kluwer Medknow Publications,Free (MU Directory),20 weeks,Q2,Indexed,https://journalsearches.com/journal.php?title=Journal%20of%20Indian%20Society%20of%20Periodontology
Saudi Journal of Medicine and Medical Sciences,Wolters Kluwer Medknow Publications,Free (MU Directory),35 weeks,Q3,Indexed,https://journalsearches.com/journal.php?title=Saudi%20Journal%20of%20Medicine%20and%20Medical%20Sciences
Indian Spine Journal,Wolters Kluwer Medknow Publications,Free (MU Directory),35 weeks,Q4,Indexed,https://journalsearches.com/journal.php?title=Indian%20Spine%20Journal
Annals of Indian Academy of Neurology,Wolters Kluwer Medknow Publications,Free (MU Directory),22 weeks,Q3,Indexed,https://journalsearches.com/journal.php?title=Annals%20of%20Indian%20Academy%20of%20Neurology
Saudi Journal for Health Sciences,Wolters Kluwer Medknow Publications,Free (MU Directory),18 weeks,Not Available,Not Indexed,https://journalsearches.com/journal.php?title=Saudi%20Journal%20for%20Health%20Sciences
Journal of Obstetric Anaesthesia and Critical Care,Wolters Kluwer Medknow Publications,Free (MU Directory),29 weeks,Not Available,Not Indexed,https://journalsearches.com/journal.php?title=Journal%20of%20Obstetric%20Anaesthesia%20and%20Critical%20Care
Journal of Anaesthesiology Clinical Pharmacology,Wolters Kluwer Medknow Publications,Free (MU Directory),18 weeks,Q2,Not Indexed (Coverage ended),https://journalsearches.com/journal.php?title=Journal%20of%20Anaesthesiology%20Clinical%20Pharmacology
Endodontology,Wolters Kluwer Medknow Publications,Free (MU Directory),34 weeks,Q3,Indexed,https://journalsearches.com/journal.php?title=Endodontology
Taiwanese Journal of Psychiatry,Wolters Kluwer Medknow Publications,Free (MU Directory),11 weeks,Not Available,Not Indexed,https://journalsearches.com/journal.php?title=Taiwanese%20Journal%20of%20Psychiatry
Journal of Dental Research and Review,Wolters Kluwer Medknow Publications,Free (MU Directory),4 weeks,Not Available,Not Indexed,https://journalsearches.com/journal.php?title=Journal%20of%20Dental%20Research%20and%20Review
Social Health and Behavior,Wolters Kluwer Medknow Publications,Free (MU Directory),17 weeks,Not Available,Not Indexed (Coverage ended),https://journalsearches.com/journal.php?title=Social%20Health%20and%20Behavior
Asian Pacific Journal of Tropical Biomedicine,Wolters Kluwer Medknow Publications,Free (MU Directory),12 weeks,Q3,Indexed,https://journalsearches.com/journal.php?title=Asian%20Pacific%20Journal%20of%20Tropical%20Biomedicine
Journal of Traditional and Complementary Medicine,Elsevier,No APC (DOAJ),12 weeks,Q1,Indexed,https://journalsearches.com/journal.php?title=Journal%20of%20Traditional%20and%20Complementary%20Medicine
Indian Journal of Research in Homoeopathy,Wolters Kluwer Medknow Publications,Not Available,Not Available,Q3,Indexed,https://journalsearches.com/journal.php?title=Indian%20Journal%20of%20Research%20in%20Homoeopathy
The Journal of Association of Chest Physicians,Wolters Kluwer Medknow Publications,Free (MU Directory),31 weeks,Not Available,Not Indexed,https://journalsearches.com/journal.php?title=The%20Journal%20of%20Association%20of%20Chest%20Physicians
Heart and Mind,Wolters Kluwer Medknow Publications,Free (MU Directory),14 weeks,Q3,Indexed,https://journalsearches.com/journal.php?title=Heart%20and%20Mind
Journal of Mahatma Gandhi Institute of Medical Sciences,Wolters Kluwer Medknow Publications,Free (MU Directory),24 weeks,Not Available,Not Indexed,https://journalsearches.com/journal.php?title=Journal%20of%20Mahatma%20Gandhi%20Institute%20of%20Medical%20Sciences
International Archives of Health Sciences,Wolters Kluwer Medknow Publications,Free (MU Directory),8 weeks,Not Available,Not Indexed,https://journalsearches.com/journal.php?title=International%20Archives%20of%20Health%20Sciences
Perspectives in Clinical Research,Wolters Kluwer Medknow Publications,Free (MU Directory),26 weeks,Q2,Indexed,https://journalsearches.com/journal.php?title=Perspectives%20in%20Clinical%20Research
Journal of Orthopaedic Diseases and Traumatology,Wolters Kluwer Medknow Publications,5000 INR (DOAJ),32 weeks,Not Available,Not Indexed,https://journalsearches.com/journal.php?title=Journal%20of%20Orthopaedic%20Diseases%20and%20Traumatology
International Journal of Advanced Medical and Health Research,Wolters Kluwer Medknow Publications,Free (MU Directory),27 weeks,Not Available,Not Indexed,https://journalsearches.com/journal.php?title=International%20Journal%20of%20Advanced%20Medical%20and%20Health%20Research
مجلة المستنصرية الطبية,Wolters Kluwer Medknow Publications,Not Available,Not Available,Not Available,Not Available,https://journalsearches.com/journal.php?title=%D9%85%D8%AC%D9%84%D8%A9%20%D8%A7%D9%84%D9%85%D8%B3%D8%AA%D9%86%D8%B5%D8%B1%D9%8A%D8%A9%20%D8%A7%D9%84%D8%B7%D8%A8%D9%8A%D8%A9
Journal of Applied Hematology,Wolters Kluwer Medknow Publications,180 USD (DOAJ),14 weeks,Q4,Indexed,https://journalsearches.com/journal.php?title=Journal%20of%20Applied%20Hematology
"Visual Computing for Industry, Biomedicine, and Art",SpringerOpen,Free (MU Directory),Not Available,Not Available,Not Available,https://journalsearches.com/journal.php?title=Visual%20Computing%20for%20Industry%2C%20Biomedicine%2C%20and%20Art
Indian Journal of Dermatopathology and Diagnostic Dermatology,Wolters Kluwer Medknow Publications,Free (MU Directory),31 weeks,Not Available,Not Indexed,https://journalsearches.com/journal.php?title=Indian%20Journal%20of%20Dermatopathology%20and%20Diagnostic%20Dermatology
Journal of Acute Disease,Wolters Kluwer Medknow Publications,Free (MU Directory),13 weeks,Not Available,Not Indexed,https://journalsearches.com/journal.php?title=Journal%20of%20Acute%20Disease
Indian Journal of Vascular and Endovascular Surgery,Wolters Kluwer Medknow Publications,Free (MU Directory),23 weeks,Not Available,Not Indexed,https://journalsearches.com/journal.php?title=Indian%20Journal%20of%20Vascular%20and%20Endovascular%20Surgery
Journal of Current Ophthalmology,Wolters Kluwer Medknow Publications,Free (MU Directory),34 weeks,Q3,Indexed,https://journalsearches.com/journal.php?title=Journal%20of%20Current%20Ophthalmology
Journal of Forensic Science and Medicine,Wolters Kluwer Medknow Publications,Free (MU Directory),15 weeks,Q3,Indexed,https://journalsearches.com/journal.php?title=Journal%20of%20Forensic%20Science%20and%20Medicine
Journal of Oral Research and Review,Wolters Kluwer Medknow Publications,Free (MU Directory),29 weeks,Not Available,Not Indexed,https://journalsearches.com/journal.php?title=Journal%20of%20Oral%20Research%20and%20Review
Iraqi Journal of Hematology,Wolters Kluwer Medknow Publications,Free (MU Directory),19 weeks,Not Available,Not Indexed,https://journalsearches.com/journal.php?title=Iraqi%20Journal%20of%20Hematology
BLDE University Journal of Health Sciences,Wolters Kluwer Medknow Publications,Free (MU Directory),39 weeks,Not Available,Not Indexed,https://journalsearches.com/journal.php?title=BLDE%20University%20Journal%20of%20Health%20Sciences
Journal of Ayurveda,Wolters Kluwer Medknow Publications,No APC (DOAJ),24 weeks,Not Available,Not Indexed,https://journalsearches.com/journal.php?title=Journal%20of%20Ayurveda
Oman Journal of Ophthalmology,Wolters Kluwer Medknow Publications,Free (MU Directory),31 weeks,Q3,Indexed,https://journalsearches.com/journal.php?title=Oman%20Journal%20of%20Ophthalmology
Journal of Cleft Lip Palate and Craniofacial Anomalies,Wolters Kluwer Medknow Publications,Free (MU Directory),22 weeks,Not Available,Not Indexed,https://journalsearches.com/journal.php?title=Journal%20of%20Cleft%20Lip%20Palate%20and%20Craniofacial%20Anomalies
Asian Pacific Journal of Reproduction,Wolters Kluwer Medknow Publications,Free (MU Directory),27 weeks,Q3,Indexed,https://journalsearches.com/journal.php?title=Asian%20Pacific%20Journal%20of%20Reproduction
Journal of Indian Academy of Oral Medicine and Radiology,Wolters Kluwer Medknow Publications,11800 INR (DOAJ),23 weeks,Q3,Not Indexed (Coverage ended),https://journalsearches.com/journal.php?title=Journal%20of%20Indian%20Academy%20of%20Oral%20Medicine%20and%20Radiology
Indian Journal of Burns,Wolters Kluwer Medknow Publications,Free (MU Directory),29 weeks,Not Available,Not Indexed,https://journalsearches.com/journal.php?title=Indian%20Journal%20of%20Burns
Indian Journal of Dermatology,Wolters Kluwer Medknow Publications,Free (MU Directory),31 weeks,Q3,Not Indexed (Coverage ended),https://journalsearches.com/journal.php?title=Indian%20Journal%20of%20Dermatology
Educación Médica,Elsevier,500 EUR (DOAJ),Not Available,Not Available,Not Available,https://journalsearches.com/journal.php?title=Educaci%C3%B3n%20M%C3%A9dica
Journal of Medical Sciences,Wolters Kluwer Medknow Publications,Free (MU Directory),11 weeks,Not Available,Not Indexed,https://journalsearches.com/journal.php?title=Journal%20of%20Medical%20Sciences
The Indian Anaesthetists' Forum,Wolters Kluwer Medknow Publications,Free (MU Directory),Not Available,Not Available,Not Indexed,https://journalsearches.com/journal.php?title=The%20Indian%20Anaesthetists%27%20Forum
APIK Journal of Internal Medicine,Wolters Kluwer Medknow Publications,Free (MU Directory),34 weeks,Not Available,Not Indexed,https://journalsearches.com/journal.php?title=APIK%20Journal%20of%20Internal%20Medicine
Prostate International,Elsevier,1800 USD (DOAJ),12 weeks,Q1,Indexed,https://journalsearches.com/journal.php?title=Prostate%20International
MRIMS Journal of Health Sciences,Wolters Kluwer Medknow Publications,Free (MU Directory),24 weeks,Not Available,Not Indexed,https://journalsearches.com/journal.php?title=MRIMS%20Journal%20of%20Health%20Sciences
Osteoporosis and Sarcopenia,Elsevier,No APC (DOAJ),20 weeks,Not Available,Not Indexed,https://journalsearches.com/journal.php?title=Osteoporosis%20and%20Sarcopenia
Saudi Journal of Oral Sciences,Wolters Kluwer Medknow Publications,Free (MU Directory),15 weeks,Not Available,Not Indexed,https://journalsearches.com/journal.php?title=Saudi%20Journal%20of%20Oral%20Sciences
Delta Journal of Ophthalmology,Wolters Kluwer Medknow Publications,Free (MU Directory),29 weeks,Q4,Indexed,https://journalsearches.com/journal.php?title=Delta%20Journal%20of%20Ophthalmology
Indian Journal of Social Psychiatry,Wolters Kluwer Medknow Publications,Free (MU Directory),12 weeks,Q4,Not Indexed (Coverage ended),https://journalsearches.com/journal.php?title=Indian%20Journal%20of%20Social%20Psychiatry
Asian Journal of Transfusion Science,Wolters Kluwer Medknow Publications,Free (MU Directory),51 weeks,Q4,Indexed,https://journalsearches.com/journal.php?title=Asian%20Journal%20of%20Transfusion%20Science
Journal of Marine Medical Society,Wolters Kluwer Medknow Publications,No APC (DOAJ),38 weeks,Not Available,Not Indexed,https://journalsearches.com/journal.php?title=Journal%20of%20Marine%20Medical%20Society
Current Medical Issues,Wolters Kluwer Medknow Publications,Free (MU Directory),27 weeks,Not Available,Not Indexed,https://journalsearches.com/journal.php?title=Current%20Medical%20Issues
Journal of Clinical and Preventive Cardiology,Wolters Kluwer Medknow Publications,Free (MU Directory),26 weeks,Not Available,Not Indexed,https://journalsearches.com/journal.php?title=Journal%20of%20Clinical%20and%20Preventive%20Cardiology
Saudi Dental Journal,Elsevier,1790 GBP (DOAJ),22 weeks,Q2,Indexed,https://journalsearches.com/journal.php?title=Saudi%20Dental%20Journal
Indian Journal of Endocrinology and Metabolism,Wolters Kluwer Medknow Publications,Free (MU Directory),24 weeks,Q3,Indexed,https://journalsearches.com/journal.php?title=Indian%20Journal%20of%20Endocrinology%20and%20Metabolism
Journal of Primary Care Specialties,Wolters Kluwer Medknow Publications,Free (MU Directory),27 weeks,Not Available,Not Indexed,https://journalsearches.com/journal.php?title=Journal%20of%20Primary%20Care%20Specialties
Gynecology and Minimally Invasive Therapy,Wolters Kluwer Medknow Publications,Free (MU Directory),34 weeks,Q2,Indexed,https://journalsearches.com/journal.php?title=Gynecology%20and%20Minimally%20Invasive%20Therapy
The Journal of the International Society of Physical and Rehabilitation Medicine,Wolters Kluwer Medknow Publications,Free (MU Directory),15 weeks,Not Available,Not Indexed,https://journalsearches.com/journal.php?title=The%20Journal%20of%20the%20International%20Society%20of%20Physical%20and%20Rehabilitation%20Medicine
Journal of the Egyptian Women’s Dermatologic Society,Wolters Kluwer Medknow Publications,No APC (DOAJ),Not Available,Not Available,Not Available,https://journalsearches.com/journal.php?title=Journal%20of%20the%20Egyptian%20Women%E2%80%99s%20Dermatologic%20Society
"Hematology, Transfusion and Cell Therapy",Elsevier,No APC (DOAJ),Not Available,Not Available,Not Available,https://journalsearches.com/journal.php?title=Hematology%2C%20Transfusion%20and%20Cell%20Therapy
