Journal Name,Publisher,Initial Link,ISSN,APC,Quartile,Scopus Status,Review Time
Allergologia et Immunopathologia,Codon Publications,https://www.journals.elsevier.com/allergologia-et-immunopathologia,Not Available,Unknown,Q3,Indexed,Not Available
Anaesthesia and Intensive Care,Zaslavsky O.Yu.,https://aaic.net.au/subscribers/,"2224-0586, 2307-1230",Has APC (See https://emergency-journal.com/index.php/journal/article-processing),Q2,Indexed,Not Available
Annals of Vascular Surgery,Elsevier,https://www.elsevier.com/journals/annals-of-vascular-surgery/0890-5096/open-access-options,2772-6878,Has APC (See https://www.sciencedirect.com/journal/annals-of-vascular-surgery-brief-reports-and-innovations/publish/open-access-options),Q2,Indexed,Not Available
International Heart Journal,Elsevier,http://square.umin.ac.jp/ihj/EN/Subscription.htm,2352-9067,Has APC (See https://www.sciencedirect.com/journal/ijc-heart-and-vasculature/publish/open-access-options),Q3,Indexed,Not Available
Heart and Vessels,Center for Scientific Research and Development of Education.,https://www.springer.com/journal/380/how-to-publish-with-us#Fees%20and%20Funding,"1694-7886, 1694-7894",Has APC (See http://hvt-journal.com/pages/aims-scope),Q3,Indexed,Not Available
Herz,Springer Medizin,https://www.springer.com/journal/59/how-to-publish-with-us#Fees%20and%20Funding,Not Available,Unknown,Q3,Indexed,Not Available
Hand Surgery & Rehabilitation,"World Scientific Publishing Co OBERE EXTREMITAET-SCHULTER-ELLENBOGEN-HAND-UPPER EXTREMITY-SHOULDER ELBOW HANDE-ISSN: 1862-6602Publisher: SPRINGER HEIDELBERG HAND SURGERY & REHABILITATIONE-ISSN: 2468-1210Publisher: ELSEVIER Hand Surgery and RehabilitationE-ISSN: Publisher: Elsevier B.V. JOURNAL OF PLASTIC SURGERY AND HAND SURGERYE-ISSN: 2000-6764Publisher: TAYLOR & FRANCIS LTD CASE REPORTS IN PLASTIC SURGERY AND HAND SURGERYE-ISSN: 2332-0885Publisher: TAYLOR & FRANCIS LTD GMS German Plastic, Reconstructive and Aesthetic Surgery – Burn and Hand SurgeryE-ISSN: 2193-7052Publisher: German Medical Science GMS Publishing House Case Reports in Plastic Surgery and Hand SurgeryE-ISSN: 23320885Publisher: Taylor and Francis Ltd. Journal of Plastic Surgery and Hand SurgeryE-ISSN: 20006764Publisher: Informa Healthcare Scandinavian Journal of Plastic and Reconstructive Surgery and Hand SurgeryE-ISSN: Publisher: Taylor & Francis Scandinavian Journal of Plastic and Reconstructive Surgery and Hand Surgery, SupplementE-ISSN: Publisher: Almgvist & Wiksells Case Reports in Plastic Surgery & Hand SurgeryE-ISSN: 2332-0885Publisher: Taylor & Francis JOURNAL OF HAND SURGERY-AMERICAN VOLUMEE-ISSN: 1531-6564Publisher: W B SAUNDERS CO-ELSEVIER INC JOURNAL OF HAND SURGERY-EUROPEAN VOLUMEE-ISSN: 2043-6289Publisher: SAGE PUBLICATIONS LTD JOURNAL OF HAND SURGERY-ASIAN-PACIFIC VOLUMEE-ISSN: 2424-8363Publisher: WORLD SCIENTIFIC PUBL CO PTE LTDNot getting the journal you are searching for? So it most likely not indexed in Scopus, WOS, PubMed, DOAJ, UGC CARE. You might also try: Enter the correct title.Check the spelling of the wordsMake sure you have added spaces between words",https://www.elsevier.com/journals/hand-surgery-and-rehabilitation/2468-1229/open-access-options,Not Available,Unknown,Not Available,Likely Indexed,Not Available
Anatolian Journal of Cardiology,Turkish Society of Cardiology,https://anatoljcardiol.com/en/aims-and-scope-102,Not Available,Unknown,Q3,Indexed,12 weeks
Brazilian Journal of Cardiovascular Surgery,Sociedade Brasileira de Cirurgia Cardiovascular,https://www.bjcvs.org/,Not Available,Unknown,Q3,Indexed,20 weeks
Journal of Electrocardiology,Wiley,https://www.elsevier.com/journals/journal-of-electrocardiology/0022-0736/open-access-options,"1082-720X, 1542-474X",Has APC (See https://onlinelibrary.wiley.com/page/journal/homepage/1542474x/articlepublicationcharges.html),Q3,Indexed,Not Available
General Thoracic and Cardiovascular Surgery,Oxford University Press,https://www.springer.com/journal/11748/how-to-publish-with-us#Fees%20and%20Funding,2753-670X,Has APC (See https://academic.oup.com/icvts/pages/Submission_Online),Q2,Indexed,Not Available
Seminars in Vascular Surgery,W.B. Saunders,https://www.elsevier.com/journals/seminars-in-vascular-surgery/0895-7967/open-access-options,Not Available,Unknown,Q1,Indexed,Not Available
Pediatric Neurosurgery,Brazilian Society for Pediatric Neurosurgery,https://www.karger.com/Journal/Guidelines/224273#sec62,2675-3626,No APC (DOAJ),Q2,Indexed,Not Available
Vascular and Endovascular Surgery,SAGE Publications Inc.,https://journals.sagepub.com/author-instructions/VES,Not Available,Unknown,Q3,Indexed,Not Available
Transplantation Proceedings,Elsevier Inc.,https://www.elsevier.com/journals/transplantation-proceedings/0041-1345/open-access-options,Not Available,Unknown,Q3,Indexed,Not Available
Cardiology in the Young,Cambridge University Press,https://www.cambridge.org/core/journals/cardiology-in-the-young/information/cty-open-access-faqs,Not Available,Unknown,Q3,Indexed,Not Available
Seminars in Pediatric Neurology,W.B. Saunders,https://www.elsevier.com/journals/seminars-in-pediatric-neurology/1071-9091/open-access-options,Not Available,Unknown,Q2,Indexed,Not Available
Journal of Neurosurgical Sciences,Edizioni Minerva Medica S.p.A.,https://www.minervamedica.it/en/journals/neurosurgical-sciences/notice-to-authors.php,Not Available,Unknown,Q2,Indexed,Not Available
Journal of Child Neurology,SAGE Publications Inc.,https://journals.sagepub.com/home/jcn,Not Available,Unknown,Q2,Indexed,Not Available
Neurorehabilitation,SAGE Publications Ltd,https://www.iospress.com/catalog/journals/neurorehabilitation,Not Available,Unknown,Q2,Indexed,Not Available
Clinical Neurology and Neurosurgery,Elsevier B.V.,https://www.elsevier.com/journals/clinical-neurology-and-neurosurgery/0303-8467/open-access-options,Not Available,Unknown,Q2,Indexed,Not Available
Clinical Neuropathology,Elsevier,https://www.dustri.com/nc/journals-in-english/mag/clinical-neuropathology.html,2772-5286,Has APC (See https://www.sciencedirect.com/journal/neuroscience-informatics/publish/open-access-options),Q3,Indexed,Not Available
Seminars In Respiratory And Critical Care Medicine,"Thieme Medical Publishers, Inc.",https://www.thieme.com/books-main/internal-medicine/product/2166-seminars-in-respiratory-and-critical-care-medicine,Not Available,Unknown,Q1,Indexed,Not Available
Critical Care Nurse,American Association of Critical-Care Nurses,https://aacnjournals.org/ccnonline/pages/instructions_for_authors,Not Available,Unknown,Q2,Indexed,Not Available
Cutis,Frontline Medical Communications Inc.,https://www.mdedge.com/dermatology/page/information-authors,Not Available,Unknown,Q3,Indexed,Not Available
Wound Management & Prevention,"HMP WOUND MANAGEMENT & PREVENTIONE-ISSN: 2640-5245Publisher: HMP Wound Management and PreventionE-ISSN: 26405245Publisher: HMP Communications Advances in wound care : the journal for prevention and healingE-ISSN: Publisher: Lippincott Williams & Wilkins Ltd. CHRONIC WOUND CARE MANAGEMENT AND RESEARCHE-ISSN: 2324-481XPublisher: DOVE MEDICAL PRESS LTD Chronic Wound Care Management and ResearchE-ISSN: 2324-481XPublisher: Dove Medical Press Journal of Wound Management and ResearchE-ISSN: 25860410Publisher: Korean Wound Management Society Ostomy Wound ManagementE-ISSN: Publisher: H M P Communications ADVANCES IN SKIN & WOUND CAREE-ISSN: 1538-8654Publisher: LIPPINCOTT WILLIAMS & WILKINS ADVANCES IN WOUND CAREE-ISSN: 2162-1934Publisher: MARY ANN LIEBERT, INC INTERNATIONAL WOUND JOURNALE-ISSN: 1742-481XPublisher: WILEY JOURNAL OF WOUND CAREE-ISSN: 2062-2916Publisher: MA HEALTHCARE LTD JOURNAL OF WOUND OSTOMY AND CONTINENCE NURSINGE-ISSN: 1528-3976Publisher: LIPPINCOTT WILLIAMS & WILKINS WOUND REPAIR AND REGENERATIONE-ISSN: 1524-475XPublisher: WILEY ADVANCES IN SKIN & WOUND CAREE-ISSN: 1538-8654Publisher: LIPPINCOTT WILLIAMS & WILKINSNot getting the journal you are searching for? So it most likely not indexed in Scopus, WOS, PubMed, DOAJ, UGC CARE. You might also try: Enter the correct title.Check the spelling of the wordsMake sure you have added spaces between words",https://www.hmpgloballearningnetwork.com/site/wmp/author-instructions,Not Available,Unknown,Not Available,Likely Indexed,Not Available
Australasian Emergency Care,Elsevier Australia,https://www.elsevier.com/journals/australasian-emergency-care/2588-994x/open-access-options,Not Available,Unknown,Q1,Indexed,Not Available
Archives of Osteoporosis,Springer London,https://www.springer.com/journal/11657/how-to-publish-with-us#Fees%20and%20Funding,Not Available,Unknown,Q1,Indexed,Not Available
Neuroimmunomodulation,S. Karger AG,https://www.karger.com/Journal/SubscriptionRates/224176,Not Available,Unknown,Q3,Indexed,20 weeks
Canadian Journal of Diabetes,Elsevier B.V.,https://www.elsevier.com/journals/canadian-journal-of-diabetes/1499-2671/open-access-options,Not Available,Unknown,Q1,Indexed,Not Available
Steroids,Elsevier Inc.,https://www.elsevier.com/journals/steroids/0039-128x/open-access-options,Not Available,Unknown,Q2,Indexed,Not Available
Journal of Mammary Gland Biology and Neoplasia,Springer,https://www.springer.com/journal/10911/how-to-publish-with-us#Fees%20and%20Funding,Not Available,Unknown,Q2,Indexed,Not Available
Primary Care Diabetes,Elsevier Ltd,https://www.elsevier.com/journals/primary-care-diabetes/1751-9918/open-access-options,Not Available,Unknown,Q1,Indexed,Not Available
Domestic Animal Endocrinology,Elsevier Inc.,https://www.elsevier.com/journals/domestic-animal-endocrinology/0739-7240/open-access-options,Not Available,Unknown,Q1,Indexed,Not Available
Vitamins and Hormones,Academic Press Inc.,https://www.elsevier.com/books/vitamins-and-hormones/litwack/978-0-12-709852-4,Not Available,Unknown,Q1,Indexed,Not Available
Magnesium Research,John Libbey,https://www.jle.com/en/revues/mrh/abonnement.phtml,Not Available,Unknown,Q4,Indexed,Not Available
Archives of Endocrinology and Metabolism,Sociedade Brasileira de Endocrinologia e Metabologia,https://www.aem-sbem.com/instructions-for-authors/,Not Available,Unknown,Q3,Indexed,7 weeks
"Endocrinología, Diabetes y Nutrición",Not Available,https://www.elsevier.com/journals/endocrinologia-diabetes-y-nutricion/2530-0164/open-access-options,Not Available,Unknown,Not Available,Not Available,Not Available
Endokrynologia Polska,Via Medica,https://journals.viamedica.pl/endokrynologia_polska/about/subscriptions,Not Available,Unknown,Q3,Indexed,20 weeks
Journal of Hepato-Biliary-Pancreatic Sciences,Wiley-Blackwell,https://onlinelibrary.wiley.com/page/journal/18686982/homepage/fundedaccess.html,Not Available,Unknown,Q1,Indexed,Not Available
International Journal of Colorectal Disease,"ISSN: 01791958, 14321262 Journal Scope: Medicine",https://www.springer.com/journal/384/how-to-publish-with-us#Fees%20and%20Funding,Not Available,Unknown,Q2,Indexed,Not Available
Digestive Surgery,S. Karger AG,https://www.karger.com/Journal/Guidelines/223996#sec62,Not Available,Unknown,Q2,Indexed,Not Available
Zeitschrift für Gastroenterologie,Not Available,https://www.thieme.de/de/zeitschrift-gastroenterologie/abonnement-16626.htm,Not Available,Unknown,Not Available,Not Available,Not Available
Biogerontology,Springer Science and Business Media B.V.,https://www.springer.com/journal/10522/how-to-publish-with-us#Fees%20and%20Funding,Not Available,Unknown,Q1,Indexed,Not Available
European Geriatric Medicine,Springer Science and Business Media Deutschland GmbH,https://www.springer.com/journal/41999/how-to-publish-with-us#Fees%20and%20Funding,Not Available,Unknown,Q1,Indexed,Not Available
Zeitschrift für Gerontologie und Geriatrie,Not Available,https://www.springer.com/journal/391/how-to-publish-with-us#Fees%20and%20Funding,Not Available,Unknown,Not Available,Not Available,Not Available
Clinical Hemorheology and Microcirculation,SAGE Publications Ltd,https://www.iospress.com/catalog/journals/clinical-hemorheology-and-microcirculation,Not Available,Unknown,Q2,Indexed,Not Available
Biorheology,SAGE Publications Ltd,https://www.iospress.com/catalog/journals/biorheology,Not Available,Unknown,Q4,Indexed,Not Available
Medical Microbiology and Immunology,Al Muthanna University,https://www.springer.com/journal/430/how-to-publish-with-us#Fees%20and%20Funding,"2226-146X, 2410-4590",No APC (DOAJ),Q1,Indexed,Not Available
European Cytokine Network,John Libbey,https://www.springer.com/journal/40698,Not Available,Unknown,Q3,Indexed,Not Available
Lymphology,Japanese Society of Phlebology,https://journals.librarypublishing.arizona.edu/lymph/site/submit/,"0915-7395, 2186-5523",No APC (DOAJ),Q4,Indexed,Not Available
Acta Microbiologica et Immunologica Hungarica,Akademiai Kiado ZRt.,https://akjournals.com/page/OpenAccessModels/open-access-models,Not Available,Unknown,Q3,Indexed,Not Available
Journal Of Immunological Methods,Elsevier B.V.,https://www.elsevier.com/journals/journal-of-immunological-methods/0022-1759/open-access-options,Not Available,Unknown,Q3,Indexed,Not Available
Transplant Immunology,Wolters Kluwer Medknow Publications,https://www.elsevier.com/journals/transplant-immunology/0966-3274/open-access-options,"2468-8398, 2455-8893",No APC (DOAJ),Q2,Indexed,Not Available
Veterinary Immunology and Immunopathology,Elsevier B.V.,https://www.elsevier.com/journals/veterinary-immunology-and-immunopathology/0165-2427/open-access-options,Not Available,Unknown,Q2,Indexed,Not Available
Critical Reviews in Immunology,Begell House Inc.,https://www.begellhouse.com/journals/critical-reviews-in-immunology.html,Not Available,Unknown,Q3,Indexed,Not Available
International Journal of STD & AIDS,"SAGE PUBLICATIONS LTD International Journal of STD and AIDSE-ISSN: Publisher: SAGE Publications Inc. AIDS/STD health promotion exchangeE-ISSN: Publisher: Royal Tropical Institute (KIT) Archives of STD/HIV ResearchE-ISSN: Publisher: Reproductive Health Center AIDS CARE-PSYCHOLOGICAL AND SOCIO-MEDICAL ASPECTS OF AIDS/HIVE-ISSN: 1360-0451Publisher: ROUTLEDGE JOURNALS, TAYLOR & FRANCIS LTD AIDS Care - Psychological and Socio-Medical Aspects of AIDS/HIVE-ISSN: 13600451Publisher: Carfax Publishing Ltd. AIDS health promotion exchange / World Health Organization, Global Programme on AIDS, Health Promotion UnitE-ISSN: Publisher: Royal Tropical Institute (KIT) BETA bulletin of experimental treatments for AIDS : a publication of the San Francisco AIDS foundationE-ISSN: Publisher: San Francisco AIDS Foundation Canadian HIV/AIDS policy & law review / Canadian HIV/AIDS Legal NetworkE-ISSN: Publisher: Canadian HIV-AIDS Legal Network Canadian HIV-AIDS policy & law newsletter / Canadian HIV-AIDS Legal Network = Reseau juridique canadien VIH-SIDAE-ISSN: Publisher: Canadian HIV-AIDS Legal Network HIV/AIDS policy * law review / Canadian HIV/AIDS Legal Network.E-ISSN: Publisher: Canadian HIV-AIDS Legal Network JOURNAL OF THE INTERNATIONAL AIDS SOCIETYE-ISSN: 1758-2652Publisher: JOHN WILEY & SONS LTD JOURNAL OF THE INTERNATIONAL ASSOCIATION OF PROVIDERS OF AIDS CAREE-ISSN: 2325-9582Publisher: SAGE PUBLICATIONS INC HIV & AIDS",https://journals.sagepub.com/author-instructions/STD#OpenAccess,Not Available,Unknown,Not Available,Likely Indexed,Not Available
Indian Journal of Medical Microbiology,Indian Association of Medical Microbiologists,https://www.elsevier.com/journals/indian-journal-of-medical-microbiology/0255-0857/open-access-options,Not Available,Unknown,Q3,Indexed,Not Available
Japanese Journal of Infectious Diseases,Wolters Kluwer Medknow Publications,https://www.niid.go.jp/niid/en/instructions.html,0972-9062,No APC (DOAJ),Q3,Indexed,Not Available
AIDS Reviews,Permanyer Publications,https://www.aidsreviews.com/instructions.php,Not Available,Unknown,Q3,Indexed,Not Available
Sexual Health,Sociedad Materno Fetal,https://www.publish.csiro.au/sh/forauthors/OpenAccess,2519-9994,No APC (DOAJ),Q2,Indexed,Not Available
Surgical Infections,Mary Ann Liebert Inc.,https://home.liebertpub.com/publications/surgical-infections/53/for-authors#openaccess,Not Available,Unknown,Q2,Indexed,Not Available
AIDS Research and Human Retroviruses,Not Available,https://home.liebertpub.com/publications/aids-research-and-human-retroviruses/2/for-authors#openaccess,Not Available,Unknown,Not Available,Not Available,Not Available
Current HIV Research,Bentham Science Publishers,https://benthamscience.com/journal-subscriptions/2022,Not Available,Unknown,Q3,Indexed,Not Available
Journal of Vector Borne Diseases,Wolters Kluwer Medknow Publications,https://www.jvbd.org/contributors.asp,0972-9062,Free (MU Directory),Not Available,Not Available,Not Available
Infectious Diseases Now,Not Available,https://www.elsevier.com/journals/infectious-diseases-now/2666-9919/open-access-options,Not Available,Unknown,Not Available,Not Available,Not Available
Chronic Illness,De Gruyter,https://journals.sagepub.com/author-instructions/CHI,2568-2407,Has APC (See https://www.degruyter.com/publication/journal_key/JTM/downloadAsset/JTM_Instructions%20for%20Authors.pdf),Not Available,Not Available,Not Available
Journal of Postgraduate Medicine,Wolters Kluwer Medknow Publications,https://www.jpgmonline.com/contributors.asp,"1117-1936, 2468-6875",Free (MU Directory),Not Available,Not Available,Not Available
African Health Sciences,University of the Witwatersrand,https://www.ajol.info/index.php/ahs/about/submissions,2308-7854,Has APC (See https://aps.journals.ac.za/pub/about/editorialPolicies#custom-2),Not Available,Not Available,Not Available
Acta Clinica Croatica,"Sestre Milosrdnice University hospital, Institute of Clinical Medical Research",http://actaclinica.eu/subscription/,"0353-9466, 1333-9451",No APC (DOAJ),Not Available,Not Available,Not Available
Southern Medical Journal,South African Medical Association,https://sma.org/subscribe/,"1562-8264, 2078-676X",No APC (DOAJ),Not Available,Not Available,Not Available
Clinical EEG and Neuroscience,Not Available,https://journals.sagepub.com/author-instructions/EEG,Not Available,Unknown,Not Available,Not Available,Not Available
Brain and Language,SpringerOpen,https://www.elsevier.com/journals/brain-and-language/0093-934x/open-access-options,2363-5169,Has APC (See https://sfleducation.springeropen.com/about),Not Available,Not Available,Not Available
Gait & Posture,Not Available,https://www.elsevier.com/journals/gait-and-posture/0966-6362/open-access-options,Not Available,Unknown,Not Available,Not Available,Not Available
Brain and Cognition,SpringerOpen,https://www.elsevier.com/journals/brain-and-cognition/0278-2626/open-access-options,"2198-4018, 2198-4026",Has APC (See https://braininformatics.springeropen.com/about),Not Available,Not Available,Not Available
Progress in Brain Research,Not Available,https://www.elsevier.com/books-and-journals/book-series/progress-in-brain-research,Not Available,Unknown,Not Available,Not Available,Not Available
Neuroimaging Clinics of North America,W.B. Saunders,https://www.elsevier.com/journals/institutional/neuroimaging-clinics-of-north-america/1052-5149,Not Available,Unknown,Q2,Indexed,Not Available
Human Movement Science,"Society of Transparency, Openness, and Replication in Kinesiology",https://www.elsevier.com/journals/human-movement-science/0167-9457/open-access-options,2767-0732,No APC (DOAJ),Not Available,Not Available,Not Available
Behavioral Neuroscience,Wolters Kluwer Medknow Publications,https://www.apa.org/pubs/journals/bne/pricing,"2589-9171, 2589-918X",No APC (DOAJ),Not Available,Not Available,Not Available
Vision Research,Not Available,https://www.elsevier.com/journals/vision-research/0042-6989/open-access-options,Not Available,Unknown,Not Available,Not Available,Not Available
Visual Neuroscience,MDPI AG,https://www.cambridge.org/core/journals/visual-neuroscience/information/open-access-options,2411-5150,Has APC (See https://www.mdpi.com/journal/vision/apc),Not Available,Not Available,Not Available
Actas Españolas de Psiquiatría,Not Available,https://actaspsiquiatria.es/,Not Available,Unknown,Not Available,Not Available,Not Available
Neurology India,Wolters Kluwer Medknow Publications,https://www.neurologyindia.com/contributors.asp,"0976-7800, 0976-7819",No APC (DOAJ),Q3,Indexed,Not Available
Acta Neurobiologiae Experimentalis,Nencki Institute of Experimental Biology,https://ane.pl/subscription,Not Available,Unknown,Q3,Indexed,Not Available
Fetal Diagnosis and Therapy,Not Available,https://www.karger.com/Journal/SubscriptionRates/224239,Not Available,Unknown,Not Available,Not Available,Not Available
Journal of Gynecology Obstetrics and Human Reproduction,BMC,https://www.elsevier.com/journals/journal-of-gynecology-obstetrics-and-human-reproduction/2468-7847/open-access-options,1477-7827,Has APC (See https://rbej.biomedcentral.com/about),Not Available,Not Available,Not Available
Journal of Pediatric and Adolescent Gynecology,Not Available,https://www.elsevier.com/journals/journal-of-pediatric-and-adolescent-gynecology/1083-3188/open-access-options,Not Available,Unknown,Not Available,Not Available,Not Available
Clinical Obstetrics and Gynecology,BMJ Publishing Group,https://shop.lww.com/Clinical-Obstetrics-and-Gynecology/p/0009-9201,"2097-0587, 2667-1646",No APC (DOAJ),Not Available,Not Available,Not Available
Taiwanese Journal of Obstetrics & Gynecology,"ELSEVIER TAIWAN Taiwanese Journal of Obstetrics & GynecologyE-ISSN: Publisher: Elsevier Taiwanese Journal of Obstetrics and GynecologyE-ISSN: Publisher: Elsevier Taiwan AMERICAN JOURNAL OF OBSTETRICS AND GYNECOLOGYE-ISSN: 1097-6868Publisher: MOSBY-ELSEVIER AMERICAN JOURNAL OF OBSTETRICS & GYNECOLOGY MFME-ISSN: 2589-9333Publisher: ELSEVIER EUROPEAN JOURNAL OF OBSTETRICS & GYNECOLOGY AND REPRODUCTIVE BIOLOGYE-ISSN: 1872-7654Publisher: ELSEVIER INTERNATIONAL JOURNAL OF GYNECOLOGY & OBSTETRICSE-ISSN: 1879-3479Publisher: WILEY JOURNAL OF GYNECOLOGY OBSTETRICS AND HUMAN REPRODUCTIONE-ISSN: 1773-0430Publisher: ELSEVIER MASSON, CORPORATION OFFICE JOURNAL OF PSYCHOSOMATIC OBSTETRICS & GYNECOLOGYE-ISSN: 1743-8942Publisher: TAYLOR & FRANCIS LTD JOURNAL OF PSYCHOSOMATIC OBSTETRICS & GYNECOLOGYE-ISSN: 1743-8942Publisher: TAYLOR & FRANCIS LTD JOURNAL OF CLINICAL OBSTETRICS AND GYNECOLOGYE-ISSN: 2619-9467Publisher: TURKIYE KLINIKLERI JOURNAL OF OBSTETRICS AND GYNECOLOGY OF INDIAE-ISSN: 0975-6434Publisher: SPRINGER INDIA TURKISH JOURNAL OF OBSTETRICS AND GYNECOLOGYE-ISSN: 2149-9330Publisher: GALENOS PUBL HOUSE Indonesian Journal of Obstetrics and GynecologyE-ISSN: 2338-7335Publisher: Indonesian Society of Obstetrics and Gynecology European Journal of Obstetrics & Gynecology and Reproductive Biology: XE-ISSN: 2590-1613Publisher: ElsevierNot getting the journal you are searching for? So it most likely not indexed in Scopus, WOS, PubMed, DOAJ, UGC CARE. You might also try: Enter the correct title.Check the spelling of the wordsMake sure you have added spaces between words",https://www.elsevier.com/journals/taiwanese-journal-of-obstetrics-and-gynecology/1028-4559/open-access-journal,Not Available,Unknown,Not Available,Likely Indexed,Not Available
International Urogynecology Journal,PAGEPress Publications,https://www.springer.com/journal/192/how-to-publish-with-us#Fees%20and%20Funding,"1121-3086, 2038-8314",No APC (DOAJ),Not Available,Not Available,Not Available
Seminars in Reproductive Medicine,Not Available,https://www.thieme.in/seminars-in-reproductive-medicine,Not Available,Unknown,Not Available,Not Available,Not Available
Zeitschrift für Geburtshilfe und Neonatologie,Not Available,https://www.thieme.de/de/zeitschrift-geburtshilfe-neonatologie/abonnement-16632.htm,Not Available,Unknown,Not Available,Not Available,Not Available
Current Cancer Drug Targets,Bentham Science Publishers,https://benthamscience.com/journal/ccdt,Not Available,Unknown,Q2,Indexed,Not Available
Cancer Epidemiology,Elsevier,https://www.elsevier.com/journals/cancer-epidemiology/1877-7821/open-access-options,2666-6790,Has APC (See https://www.elsevier.com/journals/tumour-virus-research/2666-6790/open-access-journal),Not Available,Not Available,Not Available
Oncology Research and Treatment,Wolters Kluwer Medknow Publications,https://www.karger.com/Journal/SubscriptionRates/224106,"2590-3233, 2590-3225",No APC (DOAJ),Q2,Indexed,Not Available
Cancer Nursing,Elsevier,https://journals.lww.com/cancernursingonline/_layouts/15/1033/oaks.journals/subscriptionservices.aspx,"2347-5625, 2349-6673",Has APC (See https://www.sciencedirect.com/journal/asia-pacific-journal-of-oncology-nursing/publish/open-access-options),Not Available,Not Available,Not Available
Anti-Cancer Agents in Medicinal Chemistry,Not Available,https://www.eurekaselect.com/journal/1,Not Available,Unknown,Not Available,Not Available,Not Available
Familial Cancer,Springer Science and Business Media B.V.,https://www.springer.com/journal/10689/how-to-publish-with-us#Fees%20and%20Funding,Not Available,Unknown,Q2,Indexed,Not Available
Brachytherapy,Termedia Publishing House,https://www.elsevier.com/journals/brachytherapy/1538-4721/open-access-options,"1689-832X, 2081-2841",Has APC (See http://www.termedia.pl/Journal/Journal_of_Contemporary_Brachytherapy-54/Strona-774),Not Available,Not Available,Not Available
Anticancer Research,Dove Medical Press,https://ar.iiarjournals.org/content/subscriptions,1179-1322,Has APC (See https://www.dovepress.com/journal_pricing_bands.php?journal_id=55),Not Available,Not Available,Not Available
Surgical Oncology Clinics of North America,W.B. Saunders,https://www.journals.elsevier.com/surgical-oncology-clinics-of-north-america,Not Available,Unknown,Q1,Indexed,Not Available
Anti-Cancer Drugs,Not Available,https://journals.lww.com/anti-cancerdrugs/_layouts/15/1033/oaks.journals/subscriptionservices.aspx,Not Available,Unknown,Not Available,Not Available,Not Available
Current Problems in Cancer,Elsevier,https://www.elsevier.com/journals/current-problems-in-cancer/0147-0272/open-access-options,2666-6219,Has APC (See https://www.sciencedirect.com/journal/current-problems-in-cancer-case-reports/publish/open-access-options),Not Available,Not Available,Not Available
Cancer Genetics,Zabansaraye Parsian Novin Mehr Institute,https://www.elsevier.com/journals/cancer-genetics/2210-7762/open-access-options,2783-3127,No APC (DOAJ),Not Available,Not Available,Not Available
Asia-Pacific Journal of Clinical Oncology,Not Available,https://onlinelibrary.wiley.com/page/journal/17437563/homepage/fundedaccess.html,Not Available,Unknown,Not Available,Not Available,Not Available
Oncology Nursing Forum,Not Available,https://www.ons.org/onf/authors,Not Available,Unknown,Not Available,Not Available,Not Available
Journal of Adolescent and Young Adult Oncology,Mary Ann Liebert Inc.,https://ecommerce.liebertpub.com/institutional-pricing/jayao,Not Available,Unknown,Q1,Indexed,Not Available
Indian Journal of Cancer,Wolters Kluwer Medknow Publications,https://www.indianjcancer.com/contributors.asp,Not Available,Unknown,Q3,Indexed,Not Available
Journal of Cancer Research and Therapeutics,Frontiers Media S.A.,https://www.cancerjournal.net/subscribe.asp,2813-1169,Has APC (See https://www.frontiersin.org/journals/gastroenterology/for-authors/publishing-fees),Not Available,Not Available,Not Available
Bulletin du Cancer,John Libbey,https://www.elsevier.com/journals/bulletin-du-cancer/0007-4551/open-access-options,Not Available,Unknown,Q3,Indexed,Not Available
Clinical Journal of Oncology Nursing,Oncology Nursing Society,https://www.ons.org/cjon/authors,Not Available,Unknown,Q3,Indexed,Not Available
European Journal of Ophthalmology,Not Available,https://journals.sagepub.com/author-instructions/EJO,Not Available,Unknown,Not Available,Not Available,Not Available
Perception,Mimesis Edizioni,https://journals.sagepub.com/author-instructions/PEC,"0585-4733, 1825-8646",No APC (DOAJ),Not Available,Not Available,Not Available
Arquivos Brasileiros de Oftalmologia,Conselho Brasileiro De Oftalmologia,http://www.aboonline.org.br/instructions-for-authors,Not Available,Unknown,Q3,Indexed,Not Available
Hand Clinics,W.B. Saunders,https://www.journals.elsevier.com/hand-clinics,Not Available,Unknown,Q2,Indexed,Not Available
Journal of Back and Musculoskeletal Rehabilitation,Not Available,https://www.iospress.com/catalog/journals/journal-of-back-and-musculoskeletal-rehabilitation,Not Available,Unknown,Not Available,Not Available,Not Available
Clinics in Podiatric Medicine and Surgery,W.B. Saunders,https://www.journals.elsevier.com/clinics-in-podiatric-medicine-and-surgery,Not Available,Unknown,Q3,Indexed,Not Available
Journal of the American Podiatric Medical Association,American Podiatric Medical Association,https://japmaonline.org/page/authorcenter,Not Available,Unknown,Q3,Indexed,Not Available
American Journal of Audiology,Elsevier,https://pubs.asha.org/journal/aja,"0196-0709, 1532-818X",Has APC (See https://www.sciencedirect.com/journal/american-journal-of-otolaryngology/publish/open-access-options),Not Available,Not Available,Not Available
International Journal Of Pediatric Otorhinolaryngology,Not Available,https://www.elsevier.com/journals/international-journal-of-pediatric-otorhinolaryngology/0165-5876/open-access-options,Not Available,Unknown,Not Available,Not Available,Not Available
Laryngo- Rhino- Otologie,Georg Thieme Verlag,https://www.thieme.de/de/laryngo-rhino-otologie/33169.htm,Not Available,Unknown,Q3,Indexed,Not Available
HNO,Springer Verlag,https://www.springer.com/journal/106/how-to-publish-with-us#Fees%20and%20Funding,Not Available,Unknown,Q3,Indexed,Not Available
Journal of the American Academy of Audiology,Not Available,https://www.thieme.in/journal-of-the-american-academy-of-audiology,Not Available,Unknown,Not Available,Not Available,Not Available
Toxicologic Pathology,SAGE Publications Inc.,https://journals.sagepub.com/author-instructions/TPX,Not Available,Unknown,Q2,Indexed,Not Available
International Journal of Paleopathology,Elsevier Inc.,https://www.elsevier.com/journals/international-journal-of-paleopathology/1879-9817/open-access-options,Not Available,Unknown,Q1,Indexed,Not Available
Journal of Comparative Pathology,W.B. Saunders Ltd,https://www.elsevier.com/journals/journal-of-comparative-pathology/0021-9975/open-access-options,Not Available,Unknown,Q2,Indexed,Not Available
Annales de Pathologie,Elsevier Masson s.r.l.,https://www.elsevier.com/journals/annales-de-pathologie/0242-6498/open-access-options,Not Available,Unknown,Q4,Indexed,Not Available
Primary Care,Fundacion MF,https://www.elsevier.com/journals/primary-care-clinics-in-office-practice/0095-4543/subscribe?subscriptiontype=institutional,"1667-5703, 1851-9776",No APC (DOAJ),Not Available,Likely Indexed,Not Available
Australian Journal of Primary Health,CSIRO Publishing,https://www.publish.csiro.au/py/forauthors/OpenAccess,Not Available,Unknown,Q2,Indexed,Not Available
Journal of Aging and Physical Activity,Human Kinetics Publishers Inc.,https://journals.humankinetics.com/view/journals/japa/japa-overview.xml?tab_body=author-guidelines,Not Available,Unknown,Q2,Indexed,Not Available
Journal of Applied Biomechanics,SAGE Publishing,https://journals.humankinetics.com/view/journals/jab/jab-overview.xml?tab_body=author-guidelines,2280-8000,Has APC (See https://journals.sagepub.com/author-instructions/JBF),Q2,Indexed,Not Available
Wilderness & Environmental Medicine,ELSEVIER SCIENCE INC Wilderness and Environmental MedicineE-ISSN: 15451534Publisher: Elsevier Ltd Journal of Wilderness MedicineE-ISSN: Publisher: Alliance Communications Group JOURNAL OF ENVIRONMENTAL SCIENCE AND HEALTH PART A-TOXIC/HAZARDOUS SUBSTANCES & ENVIRONMENTAL ENGINEERINGE-ISSN: 1532-4117Publisher: TAYLOR & FRANCIS INC Environmental sciences : an international journal of environmental physiology and toxicology.E-ISSN: Publisher: M Y U Scientific Publishing Division Journal of Environmental Science and Health - Part A Environmental Science and EngineeringE-ISSN: Publisher: Dekker Journal of Environmental Science and Health - Part A Environmental Science and Engineering and Toxic and Hazardous Substance ControlE-ISSN: Publisher: Marcel Dekker Inc. Journal of Environmental Science and Health - Part A Toxic/Hazardous Substances and Environmental EngineeringE-ISSN: 15324117Publisher: Marcel Dekker Inc. Journal of Environmental Science and Health - Part C Environmental Carcinogenesis and Ecotoxicology,https://www.elsevier.com/journals/wilderness-and-environmental-medicine/1080-6032/open-access-options,Not Available,Unknown,Not Available,Likely Indexed,Not Available
Tropical Doctor,SAGE Publications Ltd,https://journals.sagepub.com/author-instructions/TDO,Not Available,Unknown,Q3,Indexed,Not Available
Journal of Pediatric Urology,Elsevier Ltd,https://www.elsevier.com/journals/journal-of-pediatric-urology/1477-5131/open-access-options,Not Available,Unknown,Q2,Indexed,Not Available
Investigative and Clinical Urology,Korean Urological Association,https://icurology.org/index.php?body=charge,"2466-0493, 2466-054X",Free (MU Directory),Q1,Indexed,4 weeks
Urology Journal,Urology and Nephrology Research Centre,https://journals.sbmu.ac.ir/urolj/index.php/uj/about/submissions,Not Available,Unknown,Q3,Indexed,12 weeks
Néphrologie & Thérapeutique,Not Available,https://www.elsevier.com/journals/nephrologie-and-therapeutique/1769-7255/open-access-options,Not Available,Unknown,Not Available,Not Available,Not Available
Aktuelle Urologie,Georg Thieme Verlag,https://www.thieme.de/de/aktuelle-urologie/autoren-6937.htm,Not Available,Unknown,Q4,Indexed,Not Available
Journal of Medicinal Food,Mary Ann Liebert Inc.,https://ecommerce.liebertpub.com/personal-pricing/jmf,Not Available,Unknown,Q3,Indexed,Not Available
Food and Nutrition Bulletin,The National Nutrition Institute,https://journals.sagepub.com/author-instructions/FNB,"1110-0974, 2537-0987",Has APC (See https://bnni.journals.ekb.eg/journal/authors.note),Q2,Indexed,Not Available
Lipids,BMC,https://aocs.onlinelibrary.wiley.com/hub/journal/15589307/fundedaccess.html,1476-511X,Has APC (See https://lipidworld.biomedcentral.com/about),Q2,Indexed,Not Available
Asia Pacific Journal of Clinical Nutrition,HEC Press,https://apjcn.nhri.org.tw/server/APJCN/authorguide.pdf,Not Available,Unknown,Q3,Indexed,Not Available
Ecology of Food and Nutrition,Universidad de Guadalajara,https://www.tandfonline.com/action/authorSubmission?show=instructions&journalCode=gefn20#open-access,2954-4947,No APC (DOAJ),Q2,Indexed,Not Available
Pharmacopsychiatry,Georg Thieme Verlag,https://www.thieme.de/de/pharmacopsychiatry/27339.htm,Not Available,Unknown,Q1,Indexed,Not Available
Journal of Psychiatric Practice,"Helwan University, Faculty of Nursing",https://journals.lww.com/practicalpsychiatry/Pages/subscription-services.aspx,"2735-5799, 2786-0183",Has APC (See https://hijnrp.journals.ekb.eg/journal/authors.note),Q3,Indexed,Not Available
Archives of Psychiatric Nursing,Not Available,https://www.elsevier.com/journals/archives-of-psychiatric-nursing/0883-9417/open-access-options,Not Available,Unknown,Not Available,Not Available,Not Available
Clinical Child Psychology and Psychiatry,Mesut Çetin,https://journals.sagepub.com/author-instructions/CCP,2475-0581,Has APC (See http://psychiatry-psychopharmacology.com/en/aims-and-scope-103),Q1,Indexed,Not Available
Journal of the American Psychiatric Nurses Association,SAGE Publications Inc.,https://journals.sagepub.com/author-instructions/JAP,Not Available,Unknown,Q2,Indexed,Not Available
International Clinical Psychopharmacology,Lippincott Williams and Wilkins Ltd.,https://journals.lww.com/intclinpsychopharm/_layouts/15/1033/oaks.journals/subscriptionservices.aspx,Not Available,Unknown,Q2,Indexed,Not Available
Psychiatria Polska,Polish Psychiatric Association,"https://www.psychiatriapolska.pl/For-Authors,1777.html",Not Available,Unknown,Q3,Indexed,Not Available
International Journal of Psychiatry in Medicine,Wiley,https://journals.sagepub.com/author-instructions/IJP,"1049-8931, 1557-0657",Has APC (See https://onlinelibrary.wiley.com/page/journal/15570657/article_publication_charges.html),Q3,Indexed,Not Available
Zeitschrift für Psychosomatische Medizin und Psychotherapie,Not Available,https://www.vr-elibrary.de/zptm/about#submit,Not Available,Unknown,Not Available,Not Available,Not Available
Neurocase,Taylor and Francis Ltd.,https://www.tandfonline.com/pricing/journal/nncs20,Not Available,Unknown,Q2,Indexed,Not Available
Substance Use & Misuse,"TAYLOR & FRANCIS INC SUBSTANCE USE & MISUSEE-ISSN: 1532-2491Publisher: TAYLOR & FRANCIS INC Substance Use and MisuseE-ISSN: 15322491Publisher: Marcel Dekker Inc. Journal of Substance MisuseE-ISSN: Publisher: Taylor & Francis Substance and alcohol actions/misuseE-ISSN: Publisher: Pergamon Press Ltd. JOURNAL OF SUBSTANCE USEE-ISSN: 1475-9942Publisher: TAYLOR & FRANCIS INC Journal of Substance UseE-ISSN: Publisher: Taylor & Francis Mental Health and Substance Use: Dual DiagnosisE-ISSN: Publisher: Routledge, Taylor & Francis Group JOURNAL OF LAND USE SCIENCEE-ISSN: 1747-4248Publisher: TAYLOR & FRANCIS LTD SOIL USE AND MANAGEMENTE-ISSN: 1475-2743Publisher: WILEY JOURNAL OF TRANSPORT AND LAND USEE-ISSN: 1938-7849Publisher: UNIV MINNESOTA, CENTER TRANSPORTATION STUDIES LAND USE POLICYE-ISSN: 1873-5754Publisher: ELSEVIER SCI LTD TEMA-JOURNAL OF LAND USE MOBILITY AND ENVIRONMENTE-ISSN: 1970-9870Publisher: UNIV STUDI NAPOLI FEDERICO II, DIPT PIANIFICAZIONE & SCIENZA TERRITORIO TOBACCO USE INSIGHTSE-ISSN: 1179-173XPublisher: SAGE PUBLICATIONS LTD Tobacco Use InsightsE-ISSN: 1179-173XPublisher: SAGE PublishingNot getting the journal you are searching for? So it most likely not indexed in Scopus, WOS, PubMed, DOAJ, UGC CARE. You might also try: Enter the correct title.Check the spelling of the wordsMake sure you have added spaces between words",https://www.tandfonline.com/pricing/journal/isum20,Not Available,Unknown,Not Available,Likely Indexed,Not Available
Nordic Journal of Psychiatry,Informa Healthcare,https://www.tandfonline.com/pricing/journal/ipsc20,Not Available,Unknown,Q2,Indexed,Not Available
Cognitive Neuropsychiatry,Cambridge University Press,https://www.tandfonline.com/pricing/journal/pcnp20,"0924-9338, 1778-3585",Has APC (See https://www.cambridge.org/core/journals/european-psychiatry/information/author-instructions/fees-and-pricing),Q2,Indexed,Not Available
Issues in Mental Health Nursing,Informa Healthcare,https://www.tandfonline.com/pricing/journal/imhn20,Not Available,Unknown,Q2,Indexed,Not Available
Journal of the Academy of Consultation-Liaison Psychiatry,Elsevier B.V.,https://www.elsevier.com/journals/journal-of-the-academy-of-consultation-liaison-psychiatry/2667-2960/open-access-options,Not Available,Unknown,Q2,Indexed,Not Available
Traffic Injury Prevention,"Technology and Society, Faculty of Engineering, LTH, Lund University",https://www.tandfonline.com/toc/gcpi20/current,2004-3082,Has APC (See https://tsr.international/TSR/financing#PublicationFees),Q2,Indexed,Not Available
High Altitude Medicine & Biology,"MARY ANN LIEBERT, INC High Altitude Medicine and BiologyE-ISSN: Publisher: Mary Ann Liebert Inc. High Altitude Medicine & BiologyE-ISSN: 1557-8682Publisher: Mary Ann Liebert, Inc. HIGH TEMPERATURES-HIGH PRESSURESE-ISSN: 1472-3441Publisher: OLD CITY PUBLISHING INC High Temperatures - High PressuresE-ISSN: Publisher: Old City Publishing Annual International Conference of the IEEE Engineering in Medicine and Biology Society. IEEE Engineering in Medicine and Biology Society. Annual International ConferenceE-ISSN: 26940604Publisher: Institute of Electrical and Electronics Engineers Inc. Proceedings of the Society for Experimental Biology and Medicine. Society for Experimental Biology and Medicine (New York, N. Y.)E-ISSN: Publisher: Society for Experimental Biology and Medicine JOURNAL OF INVESTIGATIVE MEDICINE HIGH IMPACT CASE REPORTSE-ISSN: 2324-7096Publisher: SAGE PUBLICATIONS LTD Journal of Investigative Medicine High Impact Case ReportsE-ISSN: 2324-7096Publisher: SAGE Publishing Journal of Investigative Medicine High Impact Case ReportsE-ISSN: 23247096Publisher: SAGE Publications Ltd Journal of Investigative Medicine High Impact Case ReportsE-ISSN: 2324-7096Publisher: SAGE Publications ADVANCES IN HIGH ENERGY PHYSICSE-ISSN: 1687-7365Publisher: HINDAWI LTD COMBINATORIAL CHEMISTRY & HIGH THROUGHPUT SCREENINGE-ISSN: 1875-5402Publisher: BENTHAM SCIENCE PUBL LTD HIGH ENERGY CHEMISTRYE-ISSN: 1608-3148Publisher: MAIK NAUKA/INTERPERIODICA/SPRINGER HIGH ENERGY DENSITY PHYSICSE-ISSN: 1878-0563Publisher: ELSEVIERNot getting the journal you are searching for? So it most likely not indexed in Scopus, WOS, PubMed, DOAJ, UGC CARE. You might also try: Enter the correct title.Check the spelling of the wordsMake sure you have added spaces between words",https://www.liebertpub.com/loi/ham,Not Available,Unknown,Not Available,Likely Indexed,Not Available
Public Health Genomics,Wiley,https://www.karger.com/Journal/Home/224224,2054-4200,Has APC (See https://onlinelibrary.wiley.com/page/journal/gheg/homepage/open-access),Q3,Indexed,42 weeks
Journal Of Agromedicine,"University of Jember, Faculty of Medicine",https://www.tandfonline.com/toc/wagr20/current,"2460-9048, 2714-5654",No APC (DOAJ),Q2,Indexed,Not Available
Toxicology And Industrial Health,Universitas Airlangga,https://journals.sagepub.com/home/tih,"2301-8046, 2540-7872",No APC (DOAJ),Q3,Indexed,Not Available
Archives Of Environmental & Occupational Health,"Shahid Sadoughi University of Medical Science, Yazd, Iran",https://www.tandfonline.com/toc/vaeh20/current,"2588-3070, 2588-3690",No APC (DOAJ),Not Available,Likely Indexed,Not Available
Journal Of Medical Screening,Dove Medical Press,https://journals.sagepub.com/home/msc,1179-1314,Has APC (See https://www.dovepress.com/journal_pricing_bands.php?journal_id=69),Q2,Indexed,Not Available
Noise & Health,Wolters Kluwer Medknow Publications,https://www.noiseandhealth.org/,"1463-1741, 1998-4030",Has APC (See https://journals.lww.com/nohe/Pages/informationforauthors.aspx),Not Available,Likely Indexed,Not Available
Diving And Hyperbaric Medicine,Not Available,https://www.dhmjournal.com/,Not Available,Unknown,Not Available,Not Available,Not Available
Aerospace Medicine And Human Performance,Not Available,https://www.asma.org/journal,Not Available,Unknown,Not Available,Not Available,Not Available
Radiation Protection Dosimetry,Elsevier,https://academic.oup.com/rpd,2666-5557,Free (MU Directory),Q3,Indexed,Not Available
Anales Del Sistema Sanitario De Navarra,"Departamento de Salud del Gobierno de Navarra (Health Department, Goverment of Navarra)",https://scielo.isciii.es/scielo.php?script=sci_serial&pid=1137-6627,2340-3527,No APC (DOAJ),Q4,Indexed,26 weeks
Puerto Rico Health Sciences Journal,University of Puerto Rico Medical Sciences Campus,https://prhsj.rcm.upr.edu/,Not Available,Unknown,Q4,Indexed,Not Available
Radiation And Environmental Biophysics,Springer Science and Business Media Deutschland GmbH,https://www.springer.com/journal/411,Not Available,Unknown,Q2,Indexed,Not Available
Current Radiopharmaceuticals,Bentham Science Publishers,https://www.benthamscience.com/index.php,Not Available,Unknown,Q3,Indexed,Not Available
Radiologic Clinics Of North America,W.B. Saunders,https://www.sciencedirect.com/journal/radiologic-clinics-of-north-america,Not Available,Unknown,Q2,Indexed,Not Available
Journal Of Medical Imaging And Radiation Oncology,Wiley,https://onlinelibrary.wiley.com/journal/17549485,1526-9914,Has APC (See https://aapm.onlinelibrary.wiley.com/hub/journal/15269914/about/open-access),Q2,Indexed,Not Available
Magnetic Resonance Imaging Clinics Of North America,W.B. Saunders,https://www.journals.elsevier.com/magnetic-resonance-imaging-clinics-of-north-america,Not Available,Unknown,Q2,Indexed,Not Available
Hellenic Journal Of Nuclear Medicine,Hellenic Society of Nuclear Medicine,https://www.nuclmed.gr/,Not Available,Unknown,Q3,Indexed,Not Available
Seminars In Roentgenology,W.B. Saunders,https://www.sciencedirect.com/journal/seminars-in-roentgenology,Not Available,Unknown,Q3,Indexed,Not Available
Clinical Linguistics & Phonetics,"TAYLOR & FRANCIS INC CLINICAL LINGUISTICS & PHONETICSE-ISSN: 1464-5076Publisher: TAYLOR & FRANCIS INC Clinical Linguistics and PhoneticsE-ISSN: 14645076Publisher: Taylor & Francis JOURNAL OF PHONETICSE-ISSN: 1095-8576Publisher: ACADEMIC PRESS LTD- ELSEVIER SCIENCE LTD JOURNAL OF PHONETICSE-ISSN: 1095-8576Publisher: ACADEMIC PRESS LTD- ELSEVIER SCIENCE LTD Journal of PhoneticsE-ISSN: 10958576Publisher: Elsevier Inc. AMERICAN JOURNAL OF CLINICAL ONCOLOGY-CANCER CLINICAL TRIALSE-ISSN: 1537-453XPublisher: LIPPINCOTT WILLIAMS & WILKINS Journal of Pre-Clinical and Clinical ResearchE-ISSN: 1898-7516Publisher: Institute of Rural Health American Society of Clinical Oncology educational book / ASCO. American Society of Clinical Oncology. MeetingE-ISSN: Publisher: American Society of Clinical Oncology Clinical Trials and Meta-analysis/Clinical Trials JournalE-ISSN: Publisher: Elsevier B.V. European Journal of Clinical Chemistry and Clinical BiochemistryE-ISSN: Publisher: Walter de Gruyter GmbH Journal of Clinical Chemistry and Clinical BiochemistryE-ISSN: Publisher: Walter de Gruyter GmbH Journal of Clinical Pathology - Clinical Molecular PathologyE-ISSN: Publisher: BMJ Publishing Group Journal of Clinical Pathology - Clinical Molecular PathologyE-ISSN: Publisher: BMJ Publishing Group Allergy, Asthma, and Clinical Immunology : Official Journal of the Canadian Society of Allergy and Clinical ImmunologyE-ISSN: 1710-1492Publisher: BioMed CentralNot getting the journal you are searching for? So it most likely not indexed in Scopus, WOS, PubMed, DOAJ, UGC CARE. You might also try: Enter the correct title.Check the spelling of the wordsMake sure you have added spaces between words",https://www.tandfonline.com/toc/iclp20/current,Not Available,Unknown,Not Available,Likely Indexed,Not Available
American Annals Of The Deaf,Gallaudet University Press,https://gupress.gallaudet.edu/annals/index.htm,Not Available,Unknown,Q3,Indexed,Not Available
Respiratory Physiology & Neurobiology,"ELSEVIER Respiratory Physiology and NeurobiologyE-ISSN: Publisher: Elsevier B.V. Journal of Applied Physiology Respiratory Environmental and Exercise PhysiologyE-ISSN: Publisher: American Physiological Society Perspectives in respiratory nursing : a publication of the Respiratory Nursing SocietyE-ISSN: Publisher: Respiratory Nursing Society Clinical Respiratory PhysiologyE-ISSN: Publisher: Pergamon Press Ltd. AMERICAN JOURNAL OF PHYSIOLOGY-CELL PHYSIOLOGYE-ISSN: 1522-1563Publisher: AMER PHYSIOLOGICAL SOC AMERICAN JOURNAL OF PHYSIOLOGY-GASTROINTESTINAL AND LIVER PHYSIOLOGYE-ISSN: 1522-1547Publisher: AMER PHYSIOLOGICAL SOC AMERICAN JOURNAL OF PHYSIOLOGY-HEART AND CIRCULATORY PHYSIOLOGYE-ISSN: 1522-1539Publisher: AMER PHYSIOLOGICAL SOC AMERICAN JOURNAL OF PHYSIOLOGY-LUNG CELLULAR AND MOLECULAR PHYSIOLOGYE-ISSN: 1522-1504Publisher: AMER PHYSIOLOGICAL SOC AMERICAN JOURNAL OF PHYSIOLOGY-REGULATORY, INTEGRATIVE AND COMPARATIVE PHYSIOLOGYE-ISSN: 1522-1490Publisher: AMER PHYSIOLOGICAL SOC AMERICAN JOURNAL OF PHYSIOLOGY-RENAL PHYSIOLOGYE-ISSN: 1522-1466Publisher: AMER PHYSIOLOGICAL SOC COMPARATIVE BIOCHEMISTRY AND PHYSIOLOGY A-MOLECULAR & INTEGRATIVE PHYSIOLOGYE-ISSN: 1531-4332Publisher: ELSEVIER SCIENCE INC JOURNAL OF COMPARATIVE PHYSIOLOGY A-NEUROETHOLOGY SENSORY NEURAL AND BEHAVIORAL PHYSIOLOGYE-ISSN: 1432-1351Publisher: SPRINGER HEIDELBERG JOURNAL OF COMPARATIVE PHYSIOLOGY B-BIOCHEMICAL SYSTEMS AND ENVIRONMENTAL PHYSIOLOGYE-ISSN: 1432-136XPublisher: SPRINGER HEIDELBERG American Journal of Physiology - Advances in Physiology EducationE-ISSN: 15221229Publisher: American Physiological SocietyNot getting the journal you are searching for? So it most likely not indexed in Scopus, WOS, PubMed, DOAJ, UGC CARE. You might also try: Enter the correct title.Check the spelling of the wordsMake sure you have added spaces between words",https://www.sciencedirect.com/journal/respiratory-physiology-and-neurobiology,Not Available,Unknown,Not Available,Likely Indexed,Not Available
Respiratory Care,Society of Mechanical Ventilation,https://rc.rcjournal.com/,2694-0450,No APC (DOAJ),Q2,Indexed,Not Available
Modern Rheumatology,Oxford University Press,https://academic.oup.com/mr,Not Available,Unknown,Q2,Indexed,Not Available
International Journal Of Rheumatic Diseases,John Wiley and Sons Inc,https://onlinelibrary.wiley.com/journal/1756185X,Not Available,Unknown,Q3,Indexed,Not Available
Immunology And Allergy Clinics Of North America,W.B. Saunders,https://www.journals.elsevier.com/immunology-and-allergy-clinics-of-north-america,Not Available,Unknown,Q2,Indexed,Not Available
Minerva Anestesiologica,Edizioni Minerva Medica S.p.A.,https://www.minervamedica.it/en/journals/minerva-anestesiologica/publishing_options.php,Not Available,Unknown,Q2,Indexed,Not Available
International Journal of Obstetric Anesthesia,Churchill Livingstone,https://www.elsevier.com/journals/international-journal-of-obstetric-anesthesia/0959-289X/open-access-options,Not Available,Unknown,Q2,Indexed,Not Available
Journal of Cardiothoracic and Vascular Anesthesia,W.B. Saunders,https://www.elsevier.com/journals/journal-of-cardiothoracic-and-vascular-anesthesia/1053-0770/open-access-options,Not Available,Unknown,Q2,Indexed,Not Available
Acta Anaesthesiologica Scandinavica,Blackwell Munksgaard,https://onlinelibrary.wiley.com/page/journal/13996576/homepage/fundedaccess.html,Not Available,Unknown,Q2,Indexed,Not Available
Surgical Oncology,University Hospital for Tumors,https://www.elsevier.com/journals/surgical-oncology/0960-7404/open-access-options,"0300-8142, 2584-3826",No APC (DOAJ),Q1,Indexed,Not Available
Journal of Cardiovascular Translational Research,Diponegoro University,https://www.springer.com/journal/12265/how-to-publish-with-us#Fees%20and%20Funding,2503-2178,Has APC (See https://ejournal2.undip.ac.id/index.php/jbtr/about/editorialPolicies#custom-1),Q1,Indexed,Not Available
Archives of Cardiovascular Diseases,Elsevier Masson s.r.l.,https://www.elsevier.com/journals/archives-of-cardiovascular-diseases/1875-2136/open-access-options,Not Available,Unknown,Q2,Indexed,Not Available
Journal of Cardiology,Wiley,https://www.elsevier.com/journals/journal-of-cardiology/0914-5087/open-access-options,"2090-6404, 2090-6412",Has APC (See https://onlinelibrary.wiley.com/page/journal/4208/homepage/open-access),Q2,Indexed,Not Available
Facial Plastic Surgery & Aesthetic Medicine,"MARY ANN LIEBERT, INC Facial Plastic Surgery and Aesthetic MedicineE-ISSN: 26893622Publisher: Mary Ann Liebert Inc. Facial Plastic Surgery & Aesthetic MedicineE-ISSN: 2689-3622Publisher: Mary Ann Liebert, Inc. GMS German Plastic, Reconstructive and Aesthetic Surgery – Burn and Hand SurgeryE-ISSN: 2193-7052Publisher: German Medical Science GMS Publishing House Plastic Surgery and Aesthetic MedicineE-ISSN: 27133389Publisher: Media Sphera Publishing Group FACIAL PLASTIC SURGERYE-ISSN: 1098-8793Publisher: THIEME MEDICAL PUBL INC FACIAL PLASTIC SURGERY CLINICS OF NORTH AMERICAE-ISSN: 1558-1926Publisher: W B SAUNDERS CO-ELSEVIER INC Archives of Facial Plastic SurgeryE-ISSN: Publisher: American Medical Association Facial Plastic SurgeryE-ISSN: 10988793Publisher: Thieme Medical Publishers Facial Plastic Surgery Clinics of North AmericaE-ISSN: Publisher: W. B. Saunders Co., Ltd. JAMA Facial Plastic SurgeryE-ISSN: 21686092Publisher: American Medical Association AESTHETIC PLASTIC SURGERYE-ISSN: 1432-5241Publisher: SPRINGER JOURNAL OF PLASTIC RECONSTRUCTIVE AND AESTHETIC SURGERYE-ISSN: 1878-0539Publisher: ELSEVIER SCI LTD ARCHIVES OF AESTHETIC PLASTIC SURGERYE-ISSN: 2288-9337Publisher: KOREAN SOC AESTHETIC PLASTIC SURGERY Archives of Aesthetic Plastic SurgeryE-ISSN: 2288-9337Publisher: Korean Society for Aesthetic Plastic SurgeryNot getting the journal you are searching for? So it most likely not indexed in Scopus, WOS, PubMed, DOAJ, UGC CARE. You might also try: Enter the correct title.Check the spelling of the wordsMake sure you have added spaces between words",https://home.liebertpub.com/publications/facial-plastic-surgery-and-aesthetic-medicine/655/for-authors#manuscript,Not Available,Unknown,Not Available,Likely Indexed,Not Available
World Neurosurgery,Elsevier,https://www.elsevier.com/journals/world-neurosurgery/1878-8750/open-access-options,2590-1397,Has APC (See https://www.sciencedirect.com/journal/world-neurosurgery-x/publish/open-access-options),Q2,Indexed,Not Available
Heart Failure Clinics,Elsevier Inc.,https://www.journals.elsevier.com/heart-failure-clinics,Not Available,Unknown,Q2,Indexed,Not Available
CardioVascular and Interventional Radiology,Akadémiai Kiadó,https://www.springer.com/journal/270/how-to-publish-with-us#Fees%20and%20Funding,"2061-1617, 2061-5094",No APC (DOAJ),Q2,Indexed,Not Available
Cardiovascular Toxicology,Springer,https://www.springer.com/journal/12012/how-to-publish-with-us#Fees%20and%20Funding,Not Available,Unknown,Q2,Indexed,Not Available
Arquivos Brasileiros de Cardiologia,Sociedade Brasileira de Cardiologia (SBC),https://abccardiol.org/en/publication-guidelines/,"0066-782X, 1678-4170",Has APC (See https://www.scielo.br/journal/abc/about/#instructions),Q3,Indexed,10 weeks
Cardiology Clinics,W.B. Saunders,https://www.journals.elsevier.com/cardiology-clinics,Not Available,Unknown,Q2,Indexed,Not Available
Cardiovascular Engineering and Technology,MDPI AG,https://www.springer.com/journal/13239/how-to-publish-with-us#Fees%20and%20Funding,2673-8430,Has APC (See https://www.mdpi.com/journal/biomed/apc),Q3,Indexed,Not Available
Minerva Cardiology and Angiology,Edizioni Minerva Medica S.p.A.,https://www.minervamedica.it/en/journals/minerva-cardiology-angiology/notice-to-authors.php,Not Available,Unknown,Q3,Indexed,Not Available
Pediatric Surgery International,International College of Surgeons,https://www.springer.com/journal/383/how-to-publish-with-us#Fees%20and%20Funding,2520-2456,Has APC (See https://international-surgery.kglmeridian.com/page/for_authors),Q2,Indexed,Not Available
Seminars in Pediatric Surgery,W.B. Saunders,https://www.elsevier.com/journals/seminars-in-pediatric-surgery/1055-8586/open-access-options,Not Available,Unknown,Q2,Indexed,Not Available
Facial Plastic Surgery Clinics of North America,W.B. Saunders,https://www.journals.elsevier.com/facial-plastic-surgery-clinics-of-north-america,Not Available,Unknown,Q1,Indexed,Not Available
Surgical Innovation,SAGE Publications Inc.,https://journals.sagepub.com/author-instructions/SRI,Not Available,Unknown,Q2,Indexed,Not Available
Journal of Reconstructive Microsurgery,"Thieme Medical Publishers, Inc.",https://shop.thieme.de/en/Journal-of-Reconstructive-Microsurgery/0743-684X,"2234-6163, 2234-6171",Has APC (See https://cdn0.scrvt.com/9ca5761af4a1cf7bf49dd51537e8f4d1/0cd2156449e6a3a5/bf08e18b76ea/Jan31_APC-list-price-for-2025.xlsx),Q1,Indexed,Not Available
Revue Neurologique,Elsevier Masson s.r.l.,https://www.elsevier.com/journals/revue-neurologique/0035-3787/open-access-options,Not Available,Unknown,Q2,Indexed,Not Available
Muscle & Nerve,"WILEY Muscle & nerve. SupplementE-ISSN: Publisher: John Wiley & Sons Inc. Muscle and NerveE-ISSN: 10974598Publisher: John Wiley & Sons Inc. JOURNAL OF BRACHIAL PLEXUS AND PERIPHERAL NERVE INJURYE-ISSN: 1749-7221Publisher: THIEME MEDICAL PUBL INC Journal of Brachial Plexus and Peripheral Nerve InjuryE-ISSN: 1749-7221Publisher: Georg Thieme Verlag KG The NerveE-ISSN: 2465-891XPublisher: The Korean Society of Peripheral Nervous System Brain and NerveE-ISSN: Publisher: Igaku-Shoin Ltd. Brain and nerve = Shinkei kenkyu no shinpoE-ISSN: Publisher: Igaku Shoin Ltd. Journal of Brachial Plexus and Peripheral Nerve InjuryE-ISSN: Publisher: BioMed Central Journal of Brachial Plexus and Peripheral Nerve InjuryE-ISSN: 1749-7221Publisher: Thieme Medical Publishers JOURNAL OF CACHEXIA SARCOPENIA AND MUSCLEE-ISSN: 2190-6009Publisher: WILEY JOURNAL OF MUSCLE RESEARCH AND CELL MOTILITYE-ISSN: 1573-2657Publisher: SPRINGER SKELETAL MUSCLEE-ISSN: 2044-5040Publisher: BMC Journal of Smooth Muscle ResearchE-ISSN: Publisher: Japan Society of Smooth Muscle Research Skeletal MuscleE-ISSN: 2044-5040Publisher: BMCNot getting the journal you are searching for? So it most likely not indexed in Scopus, WOS, PubMed, DOAJ, UGC CARE. You might also try: Enter the correct title.Check the spelling of the wordsMake sure you have added spaces between words",https://onlinelibrary.wiley.com/journal/10974598,Not Available,Unknown,Not Available,Likely Indexed,Not Available
Neurosurgery Clinics of North America,W.B. Saunders,https://www.elsevier.com/journals/neurosurgery-clinics-of-north-america/1042-3680/subscribe?subscriptiontype=institutional,Not Available,Unknown,Q1,Indexed,Not Available
Dementia and Geriatric Cognitive Disorders,Karger Publishers,https://www.karger.com/Journal/Guidelines/224226#sec62,1664-5464,Has APC (See https://www.karger.com/Journal/Guidelines/254733#sec62),Q2,Indexed,Not Available
Seminars in Neurology,"Thieme Medical Publishers, Inc.",https://www.thieme.in/seminars-in-neurology,Not Available,Unknown,Q2,Indexed,Not Available
Brain Tumor Pathology,Springer Japan,https://www.springer.com/journal/10014/how-to-publish-with-us#Fees%20and%20Funding,Not Available,Unknown,Q2,Indexed,Not Available
Neuroradiology,"NAMS of Ukraine, State Organization ""Scientific-Practical Center of Endovascular Neuroradiology, Non-Governmental Organization “All Ukrainian Association of Endovascular Neuroradiology, Shupyk National Healthcare University of Ukraine",https://www.springer.com/journal/234/how-to-publish-with-us#Fees%20and%20Funding,"2786-4855, 2786-4863",Has APC (See https://enj.org.ua/index.php/journal/about/submissions),Q1,Indexed,Not Available
Epilepsy Research,Wiley,https://www.elsevier.com/journals/epilepsy-research/0920-1211/open-access-options,2470-9239,Has APC (See https://onlinelibrary.wiley.com/journal/h/page/journal/24709239/homepage/article_publication_charges.htm),Q2,Indexed,Not Available
Acta Neurochirurgica,Springer,https://www.springer.com/journal/701/how-to-publish-with-us#Fees%20and%20Funding,"0001-6268, 0942-0940",Has APC (See https://link.springer.com/journal/701/how-to-publish-with-us),Q1,Indexed,Not Available
Journal of Geriatric Psychiatry and Neurology,Wolters Kluwer Medknow Publications,https://journals.sagepub.com/author-instructions/JGP,"2348-9995, 2395-3322",No APC (DOAJ),Q2,Indexed,Not Available
Acta Neurologica Belgica,Springer Science and Business Media Deutschland GmbH,https://www.springer.com/journal/13760/how-to-publish-with-us#Fees%20and%20Funding,Not Available,Unknown,Q2,Indexed,Not Available
Journal of Critical Care,SpringerOpen,https://www.elsevier.com/journals/journal-of-critical-care/0883-9441/open-access-options,2110-5820,Has APC (See https://annalsofintensivecare.springeropen.com/about),Q1,Indexed,Not Available
Medicina Intensiva,Associação de Medicina Intensiva Brasileira,https://www.elsevier.com/journals/medicina-intensiva/0210-5691/open-access-options,"0103-507X, 1982-4335",No APC (DOAJ),Q2,Indexed,Not Available
Journal of Cutaneous Medicine and Surgery,Permanyer,https://journals.sagepub.com/author-instructions/CMS,"2795-501X, 2795-5001",No APC (DOAJ),Q1,Indexed,Not Available
Journal of Wound Care,Elsevier,https://www.magonlinelibrary.com/page/jowc/subscribe#,2213-3348,Has APC (See https://www.sciencedirect.com/journal/journal-of-vascular-surgery-venous-and-lymphatic-disorders/publish/open-access-options),Not Available,Not Available,Not Available
Journal of Emergency Nursing,Journal of Nursing Advances in Clinical Sciences,https://www.elsevier.com/journals/journal-of-emergency-nursing/0099-1767/open-access-options,3041-9336,No APC (DOAJ),Q2,Indexed,Not Available
Emergency Medicine Clinics of North America,Not Available,https://www.elsevier.com/journals/emergency-medicine-clinics-of-north-america/0733-8627/subscribe?subscriptiontype=institutional,Not Available,Unknown,Not Available,Not Available,Not Available
Endocrine Pathology,Zaslavsky O.Yu.,https://www.springer.com/journal/12022/how-to-publish-with-us#Fees%20and%20Funding,"2224-0721, 2307-1427",Has APC (See https://iej-journal.com/index.php/journal/article-processing),Q1,Indexed,Not Available
Endocrine,Bioscientifica,https://www.springer.com/journal/12020/how-to-publish-with-us#Fees%20and%20Funding,2634-4793,Free (MU Directory),Q2,Indexed,Not Available
Minerva Endocrinology,Edizioni Minerva Medica S.p.A.,https://www.minervamedica.it/en/journals/minerva-endocrinology/publishing_options.php,Not Available,Unknown,Q2,Indexed,Not Available
Metabolic Brain Disease,Springer,https://www.springer.com/journal/11011/how-to-publish-with-us#Fees%20and%20Funding,Not Available,Unknown,Q2,Indexed,Not Available
Pituitary,Korean Endocrine Society,https://www.springer.com/journal/11102/how-to-publish-with-us#Fees%20and%20Funding,"2093-596X, 2093-5978",No APC (DOAJ),Q2,Indexed,Not Available
Hormones and Behavior,Academic Press Inc.,https://www.elsevier.com/journals/hormones-and-behavior/0018-506x/open-access-options,Not Available,Unknown,Q2,Indexed,Not Available
General and Comparative Endocrinology,Academic Press Inc.,https://www.elsevier.com/journals/general-and-comparative-endocrinology/0016-6480/open-access-options,Not Available,Unknown,Q1,Indexed,Not Available
Journal of Diabetes and its Complications,Elsevier Inc.,https://www.elsevier.com/journals/journal-of-diabetes-and-its-complications/1056-8727/open-access-options,Not Available,Unknown,Q2,Indexed,Not Available
Annales d'Endocrinologie,"MASSON EDITEUR Annales d'EndocrinologieE-ISSN: Publisher: Elsevier Masson EMC - EndocrinologieE-ISSN: Publisher: Editions scientifique et medicales Elsevier SAS Medecine Therapeutique EndocrinologieE-ISSN: Publisher: John Libbey Eurotext Medecine Therapeutique Endocrinologie et ReproductionE-ISSN: Publisher: John Libbey Eurotext Revue Francaise d'Endocrinologie Clinique - Nutrition et MetabolismeE-ISSN: Publisher: Editions de Medecine Pratique Revue Roumaine de Medecine - Serie EndocrinologieE-ISSN: Publisher: Academie De La Republique Socialiste De Roumanie Revue roumaine d'endocrinologieE-ISSN: Publisher: Editions De L Academie De La Republique Socialiste De Roumaine ANNALES BOTANICI FENNICIE-ISSN: 1797-2442Publisher: FINNISH ZOOLOGICAL BOTANICAL PUBLISHING BOARD ANNALES DE BIOLOGIE CLINIQUEE-ISSN: 1950-6112Publisher: JOHN LIBBEY EUROTEXT LTD ANNALES DE CHIRURGIE PLASTIQUE ESTHETIQUEE-ISSN: 1768-319XPublisher: ELSEVIER ANNALES DE DERMATOLOGIE ET DE VENEREOLOGIEE-ISSN: 2214-5451Publisher: MASSON EDITEUR ANNALES DE LA SOCIETE ENTOMOLOGIQUE DE FRANCEE-ISSN: 2168-6351Publisher: TAYLOR & FRANCIS LTD ANNALES DE L INSTITUT FOURIERE-ISSN: 1777-5310Publisher: ANNALES INST FOURIER ANNALES DE L INSTITUT HENRI POINCARE-ANALYSE NON LINEAIREE-ISSN: 1873-1430Publisher: EUROPEAN MATHEMATICAL SOC-EMSNot getting the journal you are searching for? So it most likely not indexed in Scopus, WOS, PubMed, DOAJ, UGC CARE. You might also try: Enter the correct title.Check the spelling of the wordsMake sure you have added spaces between words",https://www.elsevier.com/journals/annales-dendocrinologie/0003-4266/open-access-options,Not Available,Unknown,Not Available,Likely Indexed,Not Available
Journal of Bone and Mineral Metabolism,Oxford University Press,https://www.springer.com/journal/774,2473-4039,Has APC (See https://academic.oup.com/jbmrplus/pages/general-instructions#Publishing%20Agreements%20and%20Charges),Q2,Indexed,Not Available
Gastroenterology Clinics of North America,W.B. Saunders,https://www.elsevier.com/journals/gastroenterology-clinics-of-north-america/0889-8553/subscribe?subscriptiontype=personal&dgcid=SD_ecom_referral_journals,Not Available,Unknown,Q1,Indexed,Not Available
Techniques in Coloproctology,Springer Science and Business Media Deutschland GmbH,https://www.springer.com/journal/10151/how-to-publish-with-us#Fees%20and%20Funding,Not Available,Unknown,Q1,Indexed,Not Available
Digestion,Oxford University Press,https://www.karger.com/Journal/Guidelines/223838#sec62,2755-0230,No APC (DOAJ),Q1,Indexed,Not Available
Journal of Digestive Diseases,BMJ Publishing Group,https://onlinelibrary.wiley.com/page/journal/17512980/homepage/fundedaccess.html,"2766-0125, 2976-7296",No APC (DOAJ),Q2,Indexed,Not Available
Journal of Pediatric Gastroenterology and Nutrition,"Indonesian Society of Pediatric Gastroenterology, Hepatology, and Nutrition",https://edmgr.ovid.com/jpgn/accounts/ifauth.htm#6,"1829-5274, 2830-5442",No APC (DOAJ),Q1,Indexed,Not Available
Clinics and Research in Hepatology and Gastroenterology,Elsevier Masson s.r.l.,https://www.elsevier.com/journals/clinics-and-research-in-hepatology-and-gastroenterology/2210-7401/open-access-options,Not Available,Unknown,Q2,Indexed,Not Available
Minerva Gastroenterology,Edizioni Minerva Medica S.p.A.,https://www.minervamedica.it/en/journals/gastroenterology/publishing_options.php,Not Available,Unknown,Q3,Indexed,Not Available
Aging Clinical and Experimental Research,American Journal of Experimental and Clinical Research,https://www.springer.com/journal/40520/how-to-publish-with-us#Fees%20and%20Funding,"2330-9237, 2330-9245",No APC (DOAJ),Q2,Indexed,Not Available
Archives of Gerontology and Geriatrics,Elsevier,https://www.elsevier.com/journals/archives-of-gerontology-and-geriatrics/0167-4943/open-access-options,2950-3078,Has APC (See https://www.sciencedirect.com/journal/archives-of-gerontology-and-geriatrics-plus/publish/open-access-options),Q1,Indexed,Not Available
Journal of Geriatric Oncology,Elsevier Ltd,https://www.elsevier.com/journals/journal-of-geriatric-oncology/1879-4068/open-access-options,Not Available,Unknown,Q1,Indexed,Not Available
Seminars in Hematology,W.B. Saunders,https://www.elsevier.com/journals/seminars-in-hematology/0037-1963/open-access-options,Not Available,Unknown,Q1,Indexed,Not Available
Leukemia Research,Springer Nature,https://www.elsevier.com/journals/leukemia-research/0145-2126/open-access-options,"2287-979X, 2288-0011",Has APC (See https://link.springer.com/journal/44313/how-to-publish-with-us#Fees%20and%20funding),Q2,Indexed,Not Available
Experimental Hematology,The Japanese Society for Lymphoreticular Tissue Research,https://www.elsevier.com/journals/experimental-hematology/0301-472X/open-access-options,1880-9952,Has APC (See https://www.jsltr.org/eng/POST-ACCEPTANCE%20AND%20TECHNICAL%20INFORMATION.html),Q1,Indexed,Not Available
Hematology/Oncology Clinics of North America,Not Available,https://www.sciencedirect.com/journal/hematology-oncology-clinics-of-north-america,Not Available,Unknown,Not Available,Not Available,Not Available
"Clinical Lymphoma, Myeloma & Leukemia",Not Available,https://www.elsevier.com/journals/clinical-lymphoma-myeloma-and-leukemia/2152-2650/open-access-options,Not Available,Unknown,Not Available,Not Available,Not Available
Microbes And Infection,Universidad Nacional Hermilio Valdizán de Huánuco,https://www.elsevier.com/journals/microbes-and-infection/1286-4579/open-access-options,2789-4274,Has APC (See https://revistas.unheval.edu.pe/index.php/mic/chargesandpayments),Q2,Indexed,Not Available
Inflammopharmacology,Springer Science and Business Media Deutschland GmbH,https://www.springer.com/journal/10787/how-to-publish-with-us#Fees%20and%20Funding,Not Available,Unknown,Q1,Indexed,Not Available
Current Topics in Microbiology and Immunology,Springer Science and Business Media Deutschland GmbH,https://www.springer.com/series/82,Not Available,Unknown,Not Available,Indexed,Not Available
Inflammation,Oxford University Press,https://www.springer.com/journal/10753/how-to-publish-with-us#Fees%20and%20Funding,2754-2483,Has APC (See https://academic.oup.com/discovimmunology/pages/general-instructions#OpenAccess),Q2,Indexed,Not Available
Immunology Letters,Elsevier B.V.,https://www.elsevier.com/journals/immunology-letters/0165-2478/open-access-options,Not Available,Unknown,Q2,Indexed,Not Available
Immunotherapy,Zabansaraye Parsian Novin Mehr Institute,https://www.futuremedicine.com/journal/imt,2783-3127,No APC (DOAJ),Q2,Indexed,Not Available
Cytokine,Al Muthanna University,https://www.elsevier.com/journals/cytokine/1043-4666/open-access-options,"2226-146X, 2410-4590",No APC (DOAJ),Q1,Indexed,Not Available
Microbial Pathogenesis,Frontiers Media S.A.,https://www.elsevier.com/journals/microbial-pathogenesis/0882-4010/open-access-options,2235-2988,Has APC (See https://www.frontiersin.org/journals/cellular-and-infection-microbiology/for-authors/publishing-fees),Q2,Indexed,Not Available
Archivum Immunologiae et Therapiae Experimentalis,"ISSN: 16614917, 0004069X Journal Scope: Immunology and Microbiology; Medicine",https://www.springer.com/journal/5/how-to-publish-with-us#Fees%20and%20Funding,Not Available,Unknown,Q1,Indexed,Not Available
Immunogenetics,Elsevier,https://www.springer.com/journal/251/how-to-publish-with-us#Fees%20and%20Funding,"0171-2985, 1878-3279",Has APC (See https://www.sciencedirect.com/journal/immunobiology/publish/open-access-options),Q2,Indexed,Not Available
Journal of Neuroimmunology,Wiley,https://www.elsevier.com/journals/journal-of-neuroimmunology/0165-5728/open-access-options,2831-3267,Has APC (See https://onlinelibrary.wiley.com/page/journal/28313267/homepage/article-publication-charges.html),Q2,Indexed,Not Available
Immunobiology,Elsevier,https://www.elsevier.com/journals/immunobiology/0171-2985/open-access-options,"0171-2985, 1878-3279",Has APC (See https://www.sciencedirect.com/journal/immunobiology/publish/open-access-options),Q2,Indexed,19 weeks
Human Immunology,Taylor & Francis Group,https://www.elsevier.com/journals/human-immunology/0198-8859/open-access-options,"2164-5515, 2164-554X",Has APC (See https://www.tandfonline.com/action/authorSubmission?show=instructions&journalCode=khvi20),Q2,Indexed,Not Available
American Journal of Infection Control,Elsevier Inc.,https://www.elsevier.com/journals/ajic-american-journal-of-infection-control/0196-6553/open-access-options,Not Available,Unknown,Q1,Indexed,Not Available
Sexually Transmitted Infections,State Scientific Center of Dermatovenereology and Cosmetology,https://sti.bmj.com/pages/authors/#article_publishing_charges,"0042-4609, 2313-6294",Has APC (See https://vestnikdv.ru/jour/about/submissions#authorFees),Q1,Indexed,Not Available
Current Opinion in HIV and AIDS,Lippincott Williams and Wilkins Ltd.,https://edmgr.ovid.com/coha/accounts/ifauth.pdf,Not Available,Unknown,Q1,Indexed,Not Available
Pathogens and Disease,Oxford University Press,https://academic.oup.com/femspd/subscribe,Not Available,Unknown,Q2,Indexed,Not Available
Sexually Transmitted Diseases,Editorial Office of the Chinese Journal of Dermatovenereology,https://journals.lww.com/stdjournal/Pages/informationforauthors.aspx,1001-7089,Has APC (See http://pfxbxzz.paperopen.com/en/#/FixedBody?ItemId=31),Q1,Indexed,Not Available
Medical Mycology,Shahid Sadoughi University of Medical Sciences,https://academic.oup.com/mmy/subscribe,"2345-685X, 2345-6825",No APC (DOAJ),Q1,Indexed,Not Available
Infection and Immunity,Mosstafa Kazemi,https://journals.asm.org/open-access?journal=iai,2981-2003,No APC (DOAJ),Q1,Indexed,Not Available
Diagnostic Microbiology and Infectious Disease,American Society for Microbiology,https://www.elsevier.com/journals/diagnostic-microbiology-and-infectious-disease/0732-8893/open-access-options,"0095-1137, 1098-660X",No APC (DOAJ),Q2,Indexed,Not Available
Zoonoses and Public Health,Compuscript Ltd,https://onlinelibrary.wiley.com/page/journal/18632378/homepage/FundedAccess.html,"2737-7466, 2737-7474",No APC (DOAJ),Q1,Indexed,Not Available
Journal of Medical Economics,Dove Medical Press,https://www.tandfonline.com/action/authorSubmission?show=instructions&journalCode=ijme20#APC,1179-1489,Has APC (See https://www.dovepress.com/journal_pricing_bands.php?journal_id=71),Q1,Indexed,Not Available
Turkish Journal of Medical Sciences,Dean of Medical Faculty,https://journals.tubitak.gov.tr/medical/openaccess.html,"1303-6610, 2547-9598",No APC (DOAJ),Q3,Indexed,Not Available
Journal of Hospital Medicine,Permanyer,https://shmpublications.onlinelibrary.wiley.com/hub/journal/15535606/open-access,"1665-5796, 2530-0709",No APC (DOAJ),Q1,Indexed,Not Available
Journal of the National Medical Association,Ministry of Health of the Russian Federation. National Medical Research Center of Rehabilitation and Balneology,https://www.elsevier.com/journals/journal-of-the-national-medical-association/0027-9684/open-access-options,"2078-1962, 2713-2625",No APC (DOAJ),Q2,Indexed,Not Available
Scottish Medical Journal,SAGE Publications Inc.,https://journals.sagepub.com/author-instructions/SCM,Not Available,Unknown,Q3,Indexed,Not Available
Croatian Medical Journal,Sciendo,http://www.cmj.hr/,1848-6312,Free (MU Directory),Q3,Indexed,10 weeks
Family Practice,Wolters Kluwer Medknow Publications,https://academic.oup.com/fampra/pages/General_Instructions,"2772-3143, 2772-3151",Has APC (See https://journals.lww.com/JSSR/pages/informationforauthors.aspx),Q1,Indexed,Not Available
Wiener klinische Wochenschrift,Springer,https://www.springer.com/journal/508/how-to-publish-with-us#Fees%20and%20Funding,Not Available,Unknown,Q2,Indexed,Not Available
Family Medicine,"Universitas Pembangunan Nasional ""Veteran"" Jakarta, Faculty of Health, Nursing Department",https://journals.stfm.org/media/5166/2022-fm-authors-instructions.pdf,"2407-4284, 2715-6303",Has APC (See https://ejournal.upnvj.ac.id/Gantari/author-fee),Q2,Indexed,Not Available
Irish Journal of Medical Science,Springer Science and Business Media Deutschland GmbH,https://www.springer.com/journal/11845/how-to-publish-with-us#Fees%20and%20Funding,Not Available,Unknown,Q2,Indexed,Not Available
Australian Journal of General Practice,Not Available,https://www1.racgp.org.au/ajgp/reviewers/author-guidelines,Not Available,Unknown,Not Available,Not Available,Not Available
Danish Medical Journal,The Norwegian Medical Society (Det Norske Medicinske Selskab),https://ugeskriftet.dk/dmj/dmj-submit-instruction-authors,"1893-9651, 2703-8874",Has APC (See https://www.michaeljournal.no/page/veiledning),Not Available,Not Available,Not Available
Annals of Saudi Medicine,Wolters Kluwer Medknow Publications,https://www.annsaudimed.net/info_authors/fees,"0974-7796, 0974-7834",Has APC (See https://journals.lww.com/urol/Pages/instructionsforauthors.aspx),Q3,Indexed,8 weeks
Obstetrics and Gynecology Clinics of North America,Not Available,https://www.journals.elsevier.com/obstetrics-and-gynecology-clinics-of-north-america,Not Available,Unknown,Not Available,Not Available,Not Available
Early Human Development,Not Available,https://www.elsevier.com/journals/early-human-development/0378-3782/open-access-options,Not Available,Unknown,Not Available,Not Available,Not Available
Clinics in Perinatology,Not Available,https://www.journals.elsevier.com/clinics-in-perinatology,Not Available,Unknown,Not Available,Not Available,Not Available
Archives of Gynecology and Obstetrics,Springer,https://www.springer.com/journal/404/how-to-publish-with-us#Fees%20and%20Funding,1432-0711,Has APC (See https://link.springer.com/journal/404/how-to-publish-with-us#Fees%20and%20funding),Q1,Indexed,Not Available
Obstetrical & Gynecological Survey,Not Available,https://shop.lww.com/Obstetrical---Gynecological-Survey/p/0029-7828,Not Available,Unknown,Not Available,Not Available,Not Available
Current Hematologic Malignancy Reports,Not Available,https://www.springer.com/journal/11899/how-to-publish-with-us#Fees%20and%20Funding,Not Available,Unknown,Not Available,Not Available,Not Available
Experimental Cell Research,The Japanese Society for Lymphoreticular Tissue Research,https://www.elsevier.com/journals/experimental-cell-research/0014-4827/open-access-options,1880-9952,Has APC (See https://www.jsltr.org/eng/POST-ACCEPTANCE%20AND%20TECHNICAL%20INFORMATION.html),Not Available,Not Available,Not Available
Oncology Reports,Elsevier,https://www.spandidos-publications.com/pages/info_for_authors,2352-5789,Has APC (See https://www.sciencedirect.com/journal/gynecologic-oncology-reports/publish/open-access-options),Not Available,Not Available,Not Available
Clinical Colorectal Cancer,Elsevier Inc.,https://www.elsevier.com/journals/clinical-colorectal-cancer/1533-0028/open-access-options,Not Available,Unknown,Q1,Indexed,Not Available
Current Opinion in Oncology,Not Available,https://journals.lww.com/co-oncology/_layouts/15/1033/oaks.journals/subscriptionservices.aspx,Not Available,Unknown,Not Available,Not Available,Not Available
International Journal of Clinical Oncology,Termedia Publishing House,https://www.springer.com/journal/10147/how-to-publish-with-us#Fees%20and%20Funding,"1233-9687, 2084-9869",Has APC (See http://www.termedia.pl/Journal/Polish_Journal_of_Pathology-55/For-authors),Q1,Indexed,Not Available
Recent Patents on Anti-Cancer Drug Discovery,Bentham Science Publishers,https://drberbecarzeca.roalerts.benthamscience.com/journal/46,Not Available,Unknown,Q2,Indexed,Not Available
Japanese Journal of Clinical Oncology,The Japanese Society for Lymphoreticular Tissue Research,https://academic.oup.com/jjco/subscribe,1880-9952,Has APC (See https://www.jsltr.org/eng/POST-ACCEPTANCE%20AND%20TECHNICAL%20INFORMATION.html),Not Available,Not Available,Not Available
Photodiagnosis and Photodynamic Therapy,"Non-profit partnership for development of domestic photodynamic therapy and photodiagnosis ""Russian Photodynamic Association""",https://www.elsevier.com/journals/photodiagnosis-and-photodynamic-therapy/1572-1000/open-access-options,2413-9432,No APC (DOAJ),Q2,Indexed,10 weeks
Seminars in Oncology Nursing,Not Available,https://www.elsevier.com/journals/seminars-in-oncology-nursing/0749-2081/open-access-options,Not Available,Unknown,Not Available,Not Available,Not Available
JCO Oncology Practice,Not Available,https://ascopubs.org/op/authors/open-access,Not Available,Unknown,Not Available,Not Available,Not Available
Practical Radiation Oncology,Elsevier Inc.,https://www.elsevier.com/journals/practical-radiation-oncology/1879-8500/open-access-options,Not Available,Unknown,Q1,Indexed,Not Available
Molecular Medicine Reports,Elsevier,https://www.spandidos-publications.com/pages/mmr/info_for_authors,2214-4269,Has APC (See https://www.sciencedirect.com/journal/molecular-genetics-and-metabolism-reports/publish/open-access-options),Q2,Indexed,Not Available
Cancer Chemotherapy and Pharmacology,Not Available,https://www.springer.com/journal/280/how-to-publish-with-us#Fees%20and%20Funding,Not Available,Unknown,Not Available,Not Available,Not Available
Melanoma Research,Lippincott Williams and Wilkins,https://journals.lww.com/melanomaresearch/_layouts/15/1033/oaks.journals/subscriptionservices.aspx,Not Available,Unknown,Q2,Indexed,Not Available
Indian Journal of Ophthalmology,Wolters Kluwer Medknow Publications,https://journals.lww.com/ijo/Pages/informationforauthors.aspx,"0301-4738, 1998-3689",Free (MU Directory),Q2,Indexed,25 weeks
Molecular Vision,Molecular Vision,http://www.molvis.org/molvis/,Not Available,Unknown,Q2,Indexed,12 weeks
Journal of Glaucoma,Elsevier,https://journals.lww.com/glaucomajournal/_layouts/15/1033/oaks.journals/subscriptionservices.aspx,2162-0989,Has APC (See https://www.sciencedirect.com/journal/asia-pacific-journal-of-ophthalmology/publish/open-access-options),Not Available,Not Available,Not Available
Japanese Journal of Ophthalmology,Springer,https://www.springer.com/journal/10384,Not Available,Unknown,Q2,Indexed,Not Available
International Ophthalmology,SpringerOpen,https://www.springer.com/journal/10792/how-to-publish-with-us#Fees%20and%20Funding,1869-5760,Has APC (See https://joii-journal.springeropen.com/about),Not Available,Not Available,Not Available
Ophthalmic Plastic and Reconstructive Surgery,Lippincott Williams and Wilkins Ltd.,https://journals.lww.com/op-rs/_layouts/15/1033/oaks.journals/subscriptionservices.aspx,Not Available,Unknown,Q2,Indexed,Not Available
Foot and Ankle Clinics,W.B. Saunders,https://www.journals.elsevier.com/foot-and-ankle-clinics,Not Available,Unknown,Q1,Indexed,Not Available
Prosthetics and Orthotics International,Lippincott Williams and Wilkins,https://journals.sagepub.com/author-instructions/poi,Not Available,Unknown,Q2,Indexed,Not Available
American Journal of Rhinology & Allergy,Elsevier,https://journals.sagepub.com/author-instructions/AJR,"0196-0709, 1532-818X",Has APC (See https://www.sciencedirect.com/journal/american-journal-of-otolaryngology/publish/open-access-options),Not Available,Likely Indexed,Not Available
Otolaryngologic Clinics of North America,W.B. Saunders,https://www.elsevier.com/journals/otolaryngologic-clinics-of-north-america/0030-6665/subscribe?subscriptiontype=institutional,Not Available,Unknown,Q2,Indexed,Not Available
Current Opinion in Otolaryngology & Head and Neck Surgery,"Lippincott Williams & Wilkins Ltd. CURRENT OPINION IN OTOLARYNGOLOGY & HEAD AND NECK SURGERYE-ISSN: 1531-6998Publisher: LIPPINCOTT WILLIAMS & WILKINS HEAD AND NECK-JOURNAL FOR THE SCIENCES AND SPECIALTIES OF THE HEAD AND NECKE-ISSN: 1097-0347Publisher: WILEY ORL-head and neck nursing : official journal of the Society of Otorhinolaryngology and Head-Neck NursesE-ISSN: Publisher: Health Information Publications, Inc. American Journal of Otolaryngology - Head and Neck Medicine and SurgeryE-ISSN: 1532818XPublisher: W. B. Saunders Co., Ltd. Indian Journal of Otolaryngology and Head and Neck SurgeryE-ISSN: 9737707Publisher: Springer Nature Switzerland AG OTOLARYNGOLOGY-HEAD AND NECK SURGERYE-ISSN: 1097-6817Publisher: WILEY INDIAN JOURNAL OF OTOLARYNGOLOGY AND HEAD & NECK SURGERYE-ISSN: 0973-7707Publisher: SPRINGER INDIA Philippine Journal of Otolaryngology Head and Neck SurgeryE-ISSN: 2094-1501Publisher: Philippine Society of Otolaryngology-Head and Neck Surgery, Inc. Journal of Otolaryngology - Head and Neck SurgeryE-ISSN: 1916-0216Publisher: BMC Bengal Journal of Otolaryngology and Head Neck SurgeryE-ISSN: 2395-2407Publisher: The Association of Otolaryngologists of India, West Bengal Archives of Otolaryngology - Head and Neck SurgeryE-ISSN: Publisher: American Medical Association JAMA Otolaryngology - Head and Neck SurgeryE-ISSN: 2168619XPublisher: American Medical Association Journal of Otolaryngology - Head and Neck SurgeryE-ISSN: Publisher: BioMed Central Operative Techniques in Otolaryngology - Head and Neck SurgeryE-ISSN: Publisher: W. B. Saunders Co., Ltd.Not getting the journal you are searching for? So it most likely not indexed in Scopus, WOS, PubMed, DOAJ, UGC CARE. You might also try: Enter the correct title.Check the spelling of the wordsMake sure you have added spaces between words",https://journals.lww.com/co-otolaryngology/_layouts/15/1033/oaks.journals/subscriptionservices.aspx,Not Available,Unknown,Not Available,Likely Indexed,Not Available
Acta Cytologica,S. Karger AG,https://www.karger.com/Journal/Guidelines/254338#sec62,Not Available,Unknown,Q2,Indexed,Not Available
Folia Neuropathologica,Termedia Publishing House,https://www.termedia.pl/Journal/Folia_Neuropathologica-20/Subscribe,"1641-4640, 1509-572X",Has APC (See https://www.termedia.pl/Journal/Folia_Neuropathologica-20/For-authors),Not Available,Not Available,Not Available
Annals of Diagnostic Pathology,W.B. Saunders,https://www.elsevier.com/journals/annals-of-diagnostic-pathology/1092-9134/open-access-options,Not Available,Unknown,Q2,Indexed,Not Available
Medical Molecular Morphology,Springer,https://www.springer.com/journal/795/how-to-publish-with-us#Fees%20and%20Funding,Not Available,Unknown,Q3,Indexed,Not Available
Harvard Review of Psychiatry,Lippincott Williams and Wilkins Ltd.,https://journals.lww.com/hrpjournal/_layouts/15/1033/oaks.journals/subscriptionservices.aspx,Not Available,Unknown,Q2,Indexed,Not Available
Psychosomatic Medicine,Lippincott Williams and Wilkins,https://journals.lww.com/psychosomaticmedicine/_layouts/15/1033/oaks.journals/subscriptionservices.aspx,Not Available,Unknown,Q2,Indexed,Not Available
Psychopathology,S. Karger AG,https://www.karger.com/Journal/SubscriptionRates/224276,Not Available,Unknown,Q2,Indexed,Not Available
Current Sports Medicine Reports,Lippincott Williams and Wilkins Ltd.,https://edmgr.ovid.com/csmr/accounts/ifauth.htm,Not Available,Unknown,Q2,Indexed,Not Available
Sports Medicine and Arthroscopy Review,Lippincott Williams and Wilkins Ltd.,https://www.wolterskluwer.com/en/solutions/lippincott-journals/lippincott-open-access/publish,Not Available,Unknown,Q1,Indexed,Not Available
Pediatric Exercise Science,Human Kinetics Publishers Inc.,https://journals.humankinetics.com/view/journals/pes/pes-overview.xml?tab_body=author-guidelines,Not Available,Unknown,Q2,Indexed,Not Available
Journal of Sport Rehabilitation,Human Kinetics Publishers Inc.,https://journals.humankinetics.com/view/journals/jsr/jsr-overview.xml?tab_body=author-guidelines,Not Available,Unknown,Q2,Indexed,Not Available
Clinics in Sports Medicine,W.B. Saunders,https://www.journals.elsevier.com/clinics-in-sports-medicine,Not Available,Unknown,Q2,Indexed,Not Available
Revista da Sociedade Brasileira de Medicina Tropical,Sociedade Brasileira de Medicina Tropical (SBMT),https://www.scielo.br/journal/rsbmt/about/#about,"0037-8682, 1678-9849",No APC (DOAJ),Q2,Indexed,8 weeks
Transactions of The Royal Society of Tropical Medicine and Hygiene,Oxford University Press,https://academic.oup.com/trstmh/pages/General_Instructions#Open%20Access%20Option%20for%20Authors,Not Available,Unknown,Q2,Indexed,Not Available
Urology,Society of Surgeons of Nepal,https://www.elsevier.com/journals/urology/0090-4295/open-access-options,"1815-3984, 2392-4772",No APC (DOAJ),Q2,Indexed,Not Available
Nutrition Bulletin,The National Nutrition Institute,https://onlinelibrary.wiley.com/page/journal/14673010/homepage/fundedaccess.html,"1110-0974, 2537-0987",Has APC (See https://bnni.journals.ekb.eg/journal/authors.note),Q2,Indexed,Not Available
Journal of Nutrition Education and Behavior,MDPI AG,https://www.elsevier.com/journals/journal-of-nutrition-education-and-behavior/1499-4046/open-access-options,2674-0311,Has APC (See https://www.mdpi.com/journal/dietetics/apc),Q2,Indexed,Not Available
Journal of the American Nutrition Association,Routledge,https://www.tandfonline.com/action/authorSubmission?show=instructions&journalCode=uacn21#open-access,Not Available,Unknown,Q2,Indexed,Not Available
Nutritional Neuroscience,Taylor and Francis Ltd.,https://www.tandfonline.com/action/authorSubmission?show=instructions&journalCode=ynns20#open-access,Not Available,Unknown,Q1,Indexed,Not Available
Experimental and Clinical Psychopharmacology,American Psychological Association,https://www.apa.org/pubs/journals/pha/pricing,Not Available,Unknown,Q1,Indexed,Not Available
Journal of Attention Disorders,Allameh Tabataba'i University Press,https://journals.sagepub.com/author-instructions/JAD,"2252-0031, 2476-647X",No APC (DOAJ),Q1,Indexed,Not Available
Journal of Clinical Psychopharmacology,Lippincott Williams and Wilkins Ltd.,https://journals.lww.com/psychopharmacology/_layouts/15/1033/oaks.journals/subscriptionservices.aspx,Not Available,Unknown,Q2,Indexed,Not Available
Journal of Child and Adolescent Psychopharmacology,Tehran University of Medical Sciences,https://ecommerce.liebertpub.com/personal-pricing/cap/prices,"1735-4587, 2008-2215",Has APC (See https://ijps.tums.ac.ir/index.php/ijps/publication_fee),Q2,Indexed,Not Available
Rivista di Psichiatria,Il Pensiero Scientifico Editore s.r.l.,https://pensiero.it/catalogo/riviste/rivista-di-psichiatria,Not Available,Unknown,Q3,Indexed,Not Available
Eating Disorders,BMC,https://www.tandfonline.com/pricing/journal/uedi20,2050-2974,Has APC (See https://jeatdisord.biomedcentral.com/about),Q1,Indexed,Not Available
Aging & Mental Health,Elsevier,https://www.tandfonline.com/pricing/journal/camh20,1760-4788,Has APC (See https://www.sciencedirect.com/journal/the-journal-of-nutrition-health-and-aging/publish/open-access-options),Not Available,Likely Indexed,Not Available
Behavioral Sleep Medicine,Routledge,https://www.tandfonline.com/pricing/journal/hbsm20,Not Available,Unknown,Q2,Indexed,Not Available
Clinical Gerontologist,Routledge,https://www.tandfonline.com/pricing/journal/wcli20,Not Available,Unknown,Q1,Indexed,Not Available
Scandinavian Journal Of Public Health,Scandinavian University Press,https://journals.sagepub.com/home/sjp,"1503-5034, 2703-9609",No APC (DOAJ),Q1,Indexed,Not Available
Medical Care,SpringerOpen,https://journals.lww.com/lww-medicalcare/pages/default.aspx,2110-5820,Has APC (See https://annalsofintensivecare.springeropen.com/about),Q1,Indexed,Not Available
Journal Of Developmental Origins Of Health And Disease,Cambridge University Press,https://www.cambridge.org/core/journals/journal-of-developmental-origins-of-health-and-disease,Not Available,Unknown,Q2,Indexed,Not Available
International Archives Of Occupational And Environmental Health,Springer Science and Business Media Deutschland GmbH,https://www.springer.com/journal/420,Not Available,Unknown,Q1,Indexed,Not Available
Annals Of Work Exposures And Health,Oxford University Press,https://academic.oup.com/annweh,Not Available,Unknown,Q2,Indexed,Not Available
Rural And Remote Health,James Cook University,https://www.rrh.org.au/,1445-6354,No APC (DOAJ),Q1,Indexed,8 weeks
Ethnicity & Health,"ROUTLEDGE JOURNALS, TAYLOR & FRANCIS LTD ETHNICITY & HEALTHE-ISSN: 1465-3419Publisher: ROUTLEDGE JOURNALS, TAYLOR & FRANCIS LTD Ethnicity and HealthE-ISSN: 14653419Publisher: Carfax Publishing Ltd. Ethnicity and Inequalities in Health and Social CareE-ISSN: 20428367Publisher: Emerald Group Publishing Ltd. ETHNICITY & DISEASEE-ISSN: 1945-0826Publisher: ETHNICITY & DISEASE, INC JOURNAL OF ETHNICITY IN SUBSTANCE ABUSEE-ISSN: 1533-2659Publisher: ROUTLEDGE JOURNALS, TAYLOR & FRANCIS LTD JOURNAL OF ETHNICITY IN SUBSTANCE ABUSEE-ISSN: 1533-2659Publisher: ROUTLEDGE JOURNALS, TAYLOR & FRANCIS LTD NATIONALITIES PAPERS-THE JOURNAL OF NATIONALISM AND ETHNICITYE-ISSN: 1465-3923Publisher: CAMBRIDGE UNIV PRESS RACE ETHNICITY AND EDUCATIONE-ISSN: 1470-109XPublisher: ROUTLEDGE JOURNALS, TAYLOR & FRANCIS LTD SOCIOLOGY OF RACE AND ETHNICITYE-ISSN: 2332-6506Publisher: SAGE PUBLICATIONS INC ASIAN ETHNICITYE-ISSN: 1469-2953Publisher: ROUTLEDGE JOURNALS, TAYLOR & FRANCIS LTD JOURNAL OF ETHNICITY IN CRIMINAL JUSTICEE-ISSN: 1537-7946Publisher: ROUTLEDGE JOURNALS, TAYLOR & FRANCIS LTD STUDIES IN ETHNICITY AND NATIONALISME-ISSN: 1754-9469Publisher: WILEY Journal Committed to Social Change on Race and EthnicityE-ISSN: 2642-2387Publisher: University of Oklahoma Libraries Advances in Race and Ethnicity in EducationE-ISSN: 20512325Publisher: Emerald Group Publishing Ltd.Not getting the journal you are searching for? So it most likely not indexed in Scopus, WOS, PubMed, DOAJ, UGC CARE. You might also try: Enter the correct title.Check the spelling of the wordsMake sure you have added spaces between words",https://www.tandfonline.com/toc/ceth20/current,Not Available,Unknown,Not Available,Likely Indexed,Not Available
Industrial Health,"Islamic Azad University, Isfahan",https://www.jniosh.johas.go.jp/en/indu_hel/,"2676-3303, 2676-5128",Has APC (See https://sanad.iau.ir/en/Journal/jsrp/Page/authors),Q2,Indexed,Not Available
Medicc Review,MEDICC Medical Education Cooperation with Cuba,http://mediccreview.org/,Not Available,Unknown,Q3,Indexed,Not Available
International Journal Of Technology Assessment In Health Care,Cambridge University Press,https://www.cambridge.org/core/journals/international-journal-of-technology-assessment-in-health-care,Not Available,Unknown,Q2,Indexed,Not Available
Journal Of Occupational And Environmental Medicine,Sciendo,https://journals.lww.com/joem/pages/default.aspx,1848-6312,Free (MU Directory),Not Available,Not Available,Not Available
Asia-Pacific Journal Of Public Health,ACHSM,https://us.sagepub.com/en-us/nam/journal-author-gateway?utm_source=journals.sagepub.com&utm_medium=referral&utm_campaign=journalauthorgateway&utm_content=header&_gl=1%2A10o6ad2%2A_ga%2AMjA4MDA2MTMyNy4xNjE0MjUxMjMz%2A_ga_60R758KFDG%2AMTYyMjEwMzg3MC45MC4wLjE2MjIxMDQwNTAuMA..,"1833-3818, 2204-3136",No APC (DOAJ),Q3,Indexed,Not Available
International Journal Of Radiation Biology,Informa Healthcare,https://www.tandfonline.com/toc/irab20/current,Not Available,Unknown,Q2,Indexed,Not Available
Clinical Neuroradiology,"NAMS of Ukraine, State Organization ""Scientific-Practical Center of Endovascular Neuroradiology, Non-Governmental Organization “All Ukrainian Association of Endovascular Neuroradiology, Shupyk National Healthcare University of Ukraine",https://www.springer.com/journal/62,"2786-4855, 2786-4863",Has APC (See https://enj.org.ua/index.php/journal/about/submissions),Q1,Indexed,Not Available
Magnetic Resonance Imaging,Turkish Society of Magnetic Resonance,https://www.sciencedirect.com/journal/magnetic-resonance-imaging,2822-2318,No APC (DOAJ),Q2,Indexed,Not Available
Pediatric Radiology,"ISSN: 14321998, 03010449 Journal Scope: Medicine",https://www.springer.com/journal/247,Not Available,Unknown,Q1,Indexed,Not Available
Nuclear Medicine And Biology,Elsevier,https://www.sciencedirect.com/journal/nuclear-medicine-and-biology,2666-5557,Free (MU Directory),Q2,Indexed,Not Available
Japanese Journal Of Radiology,Japanese Society for Magnetic Resonance in Medicine,https://www.springer.com/journal/11604,"1347-3182, 1880-2206",No APC (DOAJ),Q2,Indexed,Not Available
Clinical Imaging,De Gruyter,https://www.elsevier.com/journals/clinical-imaging/0899-7071/guide-for-authors,2364-5504,No APC (DOAJ),Q2,Indexed,Not Available
Annals Of Nuclear Medicine,Springer Japan,https://www.springer.com/journal/12149,Not Available,Unknown,Q2,Indexed,Not Available
Skeletal Radiology,Springer Science and Business Media Deutschland GmbH,https://www.springer.com/journal/256,Not Available,Unknown,Q2,Indexed,Not Available
Journal Of Intellectual & Developmental Disability,"ROUTLEDGE JOURNALS, TAYLOR & FRANCIS LTD Journal of Intellectual and Developmental DisabilityE-ISSN: 14699532Publisher: Carfax Publishing Ltd. JOURNAL OF INTELLECTUAL DISABILITY RESEARCHE-ISSN: 1365-2788Publisher: WILEY Journal of Intellectual Disability - Diagnosis and TreatmentE-ISSN: 22922598Publisher: Lifescience Global Journal of Intellectual Disability ResearchE-ISSN: 13652788Publisher: Blackwell Publishing Inc. AJIDD-AMERICAN JOURNAL ON INTELLECTUAL AND DEVELOPMENTAL DISABILITIESE-ISSN: 1944-7558Publisher: AMER ASSOC INTELLECTUAL AND DEVELOPMENTAL DISABILITIES - AAIDD American Journal on Intellectual and Developmental DisabilitiesE-ISSN: 19447558Publisher: American Association on Intellectual and Developmental Disabilities INTELLECTUAL AND DEVELOPMENTAL DISABILITIESE-ISSN: 1934-9556Publisher: AMER ASSOC INTELLECTUAL AND DEVELOPMENTAL DISABILITIES - AAIDD RESEARCH AND PRACTICE IN INTELLECTUAL AND DEVELOPMENTAL DISABILITIESE-ISSN: 2329-7026Publisher: ROUTLEDGE JOURNALS, TAYLOR & FRANCIS LTD Intellectual and Developmental DisabilitiesE-ISSN: 19349556Publisher: American Association on Intellectual and Developmental Disabilities Research and Practice in Intellectual and Developmental DisabilitiesE-ISSN: 23297026Publisher: Taylor and Francis Ltd. DISABILITY AND HEALTH JOURNALE-ISSN: 1876-7583Publisher: ELSEVIER SCIENCE INC DISABILITY AND HEALTH JOURNALE-ISSN: 1876-7583Publisher: ELSEVIER SCIENCE INC INTERNATIONAL JOURNAL OF DISABILITY DEVELOPMENT AND EDUCATIONE-ISSN: 1465-346XPublisher: ROUTLEDGE JOURNALS, TAYLOR & FRANCIS LTD JOURNAL OF DISABILITY POLICY STUDIESE-ISSN: 1538-4802Publisher: SAGE PUBLICATIONS INCNot getting the journal you are searching for? So it most likely not indexed in Scopus, WOS, PubMed, DOAJ, UGC CARE. You might also try: Enter the correct title.Check the spelling of the wordsMake sure you have added spaces between words",https://www.tandfonline.com/toc/cjid20/current,Not Available,Unknown,Not Available,Likely Indexed,Not Available
Journal Of Deaf Studies And Deaf Education,Oxford University Press,https://academic.oup.com/jdsde,Not Available,Unknown,Q2,Indexed,Not Available
Journal Of Communication Disorders,University of the National Education Commission in Krakow,https://www.sciencedirect.com/journal/journal-of-communication-disorders,2083-7283,No APC (DOAJ),Q1,Indexed,Not Available
International Journal Of Speech-Language Pathology,Informa Healthcare,https://www.tandfonline.com/toc/iasl20/current,Not Available,Unknown,Q1,Indexed,Not Available
Lung,Elsevier,https://www.springer.com/journal/408,2950-1334,Has APC (See https://www.sciencedirect.com/journal/jhlt-open/publish/open-access-options),Q1,Indexed,Not Available
Respiratory Medicine And Research,Elsevier,https://www.sciencedirect.com/journal/respiratory-medicine-and-research,2949-7892,Has APC (See https://www.sciencedirect.com/journal/chest-pulmonary/publish/open-access-options),Q3,Indexed,Not Available
Thoracic Surgery Clinics,Elsevier,https://www.sciencedirect.com/journal/thoracic-surgery-clinics,2659-6636,Has APC (See https://www.sciencedirect.com/journal/open-respiratory-archives/publish/open-access-options),Q2,Indexed,Not Available
Clinical Rheumatology,World Scientific Publishing,https://www.springer.com/journal/10067,"2661-3417, 2661-3425",Has APC (See https://www.worldscientific.com/jcri/openaccess),Q2,Indexed,Not Available
Rheumatology International,Elsevier,https://www.springer.com/journal/296,2665-9131,Has APC (See https://www.sciencedirect.com/journal/osteoarthritis-and-cartilage-open/publish/open-access-options),Q2,Indexed,Not Available
Molecular Imaging,Akadémiai Kiadó,https://www.hindawi.com/journals/moi/?utm_source=google&utm_medium=cpc&utm_campaign=HDW_MRKT_GBL_SUB_ADWO_PAI_DYNA_SPEC_X_X0000_Nov2022&gclid=EAIaIQobChMI8uj88rmy_AIVmiQrCh0hngUgEAAYASAAEgI_8vD_BwE,2732-0960,No APC (DOAJ),Q2,Indexed,15 weeks
Contrast Media & Molecular Imaging,"Hindawi Limited Contrast Media & Molecular ImagingE-ISSN: 1555-4317Publisher: Hindawi Ltd. and John Wiley and Sons, Inc. GALACTICA MEDIA-JOURNAL OF MEDIA STUDIES - GALAKTIKA MEDIA-ZHURNAL MEDIA ISSLEDOVANIJE-ISSN: 2658-7734Publisher: LTD CO SCIENTIFIC INDUSTRIAL ENTERPRISE GENESIS FRONTIER SCIENCE LANGUAGES IN CONTRASTE-ISSN: 1569-9897Publisher: JOHN BENJAMINS PUBLISHING CO Advances in Cardiac Echo-ContrastE-ISSN: Publisher: Kluwer Academic Publishers Advances in Echo-ContrastE-ISSN: Publisher: Kluwer Medical Information Services Advances in MRI ContrastE-ISSN: Publisher: Kluwer Academic Publishers",https://www.hindawi.com/journals/cmmi/2019/7213829/?utm_source=google&utm_medium=cpc&utm_campaign=HDW_MRKT_GBL_SUB_ADWO_PAI_DYNA_SPEC_X_X0000_Nov2022&gclid=EAIaIQobChMI0Kb-xLqy_AIVTQwrCh2qMg2uEAAYASAAEgJBV_D_BwE,Not Available,Unknown,Not Available,Likely Indexed,Not Available
Health Physics,Springer,https://journals.lww.com/health-physics/pages/default.aspx,3005-1223,No APC (DOAJ),Q3,Indexed,Not Available
Bmc Medical Imaging,BMC,https://bmcmedimaging.biomedcentral.com/,"1740-5025, 1470-7330",Has APC (See https://cancerimagingjournal.biomedcentral.com/submission-guidelines/fees-and-funding),Q2,Indexed,27 weeks
Journal Of Radiation Research,Elsevier,https://academic.oup.com/jrr,"1687-8507, 2314-7164",Has APC (See https://www.sciencedirect.com/journal/journal-of-radiation-research-and-applied-sciences),Q2,Indexed,10 weeks
Journal Of Applied Clinical Medical Physics,Wiley,https://aapm.onlinelibrary.wiley.com/journal/15269914,1526-9914,Has APC (See https://aapm.onlinelibrary.wiley.com/hub/journal/15269914/about/open-access),Q1,Indexed,13 weeks
Journal Of Computer Assisted Tomography,Lippincott Williams and Wilkins Ltd.,https://journals.lww.com/jcat/pages/default.aspx,Not Available,Unknown,Q3,Indexed,Not Available
Occupational Therapy International,Wiley,https://www.hindawi.com/journals/oti/,"0966-7903, 1557-0703",Has APC (See https://onlinelibrary.wiley.com/page/journal/2618/homepage/open-access),Q1,Indexed,28 weeks
Journal Of Aerosol Medicine And Pulmonary Drug Delivery,Mary Ann Liebert Inc.,https://www.liebertpub.com/loi/jamp,Not Available,Unknown,Q2,Indexed,Not Available
Bmc Pulmonary Medicine,BMC,https://bmcpulmmed.biomedcentral.com/,1471-2466,Has APC (See https://bmcpulmmed.biomedcentral.com/about),Q2,Indexed,23 weeks
Npj Primary Care Respiratory Medicine,Nature Portfolio,https://www.nature.com/npjpcrm/,2055-1010,Has APC (See https://www.nature.com/npjpcrm/about/apc),Q1,Indexed,10 weeks
Thoracic Cancer,Elsevier,https://onlinelibrary.wiley.com/journal/17597714,2666-3643,Has APC (See https://www.sciencedirect.com/journal/jto-clinical-and-research-reports/publish/open-access-options),Q2,Indexed,41 weeks
Chronic Respiratory Disease,Wiley,https://journals.sagepub.com/home/crd,"2095-882X, 2589-0514",Has APC (See https://onlinelibrary.wiley.com/page/journal/25890514/homepage/open-access),Q2,Indexed,11 weeks
International Journal Of Chronic Obstructive Pulmonary Disease,Dove Medical Press,https://www.dovepress.com/international-journal-of-chronic-obstructive-pulmonary-disease-journal,"1176-9106, 1178-2005",Has APC (See https://www.dovepress.com/journal_pricing_bands.php?journal_id=6),Not Available,Likely Indexed,Not Available
Scandinavian Journal Of Rheumatology,Informa Healthcare,https://www.tandfonline.com/toc/irhe20/current,Not Available,Unknown,Q2,Indexed,Not Available
Current Allergy and Asthma Reports,Springer,https://www.springer.com/journal/11882/how-to-publish-with-us#Fees%20and%20Funding,Not Available,Unknown,Q1,Indexed,Not Available
Korean Journal of Anesthesiology,Korean Society of Anesthesiologists,https://ekja.org/authors/authors.php,"2005-6419, 2005-7563",No APC (DOAJ),Q1,Indexed,16 weeks
European Journal of Anaesthesiology,Wolters Kluwer - Lippincott Williams & Wilkins,https://shop.lww.com/European-Journal-of-Anaesthesiology/p/0265-0215,2767-7206,Has APC (See https://journals.lww.com/ejaintensivecare/Pages/openaccess.aspx),Q1,Indexed,Not Available
Journal of Surgical Education,GESDAV,https://www.elsevier.com/journals/journal-of-surgical-education/1931-7204/open-access-options,2146-8133,Has APC (See https://www.ejmaces.com/instructionsforauthors.html),Q1,Indexed,Not Available
Journal of Shoulder and Elbow Surgery,Elsevier,https://www.elsevier.com/journals/journal-of-shoulder-and-elbow-surgery/1058-2746/open-access-options,2666-6383,Has APC (See https://www.sciencedirect.com/journal/jses-international/publish/open-access-options),Q1,Indexed,Not Available
Obesity Surgery,Karger Publishers,https://www.springer.com/journal/11695/how-to-publish-with-us#Fees%20and%20Funding,"1662-4025, 1662-4033",Has APC (See https://www.karger.com/Journal/Guidelines/233731#sec62),Q1,Indexed,Not Available
Clinical Transplantation,Wolters Kluwer Medknow Publications,https://onlinelibrary.wiley.com/page/journal/13990012/homepage/fundedaccess.html,"1319-2442, 2320-3838",No APC (DOAJ),Q2,Indexed,Not Available
International Journal of Computer Assisted Radiology and Surgery,Springer Science and Business Media Deutschland GmbH,https://www.springer.com/journal/11548/how-to-publish-with-us#Fees%20and%20Funding,Not Available,Unknown,Q2,Indexed,Not Available
World Journal of Surgery,SpringerOpen,https://www.springer.com/journal/268/how-to-publish-with-us#Fees%20and%20Funding,2090-6226,Free (MU Directory),Q1,Indexed,Not Available
American Journal of Surgery,EDP Sciences,https://www.elsevier.com/journals/the-american-journal-of-surgery/0002-9610/open-access-options,"0022-1058, 2969-8960",Has APC (See https://ject.edpsciences.org/author-information/instructions-for-authors),Q1,Indexed,Not Available
Journal of Visceral Surgery,Elsevier Masson s.r.l.,https://www.elsevier.com/journals/journal-of-visceral-surgery/1878-7886/open-access-options,Not Available,Unknown,Q2,Indexed,Not Available
International Journal of Oral and Maxillofacial Surgery,Nature Publishing Group,https://www.elsevier.com/journals/international-journal-of-oral-and-maxillofacial-surgery/0901-5027/open-access-options,"1674-2818, 2049-3169",Has APC (See https://www.nature.com/ijos/open-access#apc),Q1,Indexed,Not Available
Archives of Orthopaedic and Trauma Surgery,Springer Science and Business Media Deutschland GmbH,https://www.springer.com/journal/402/how-to-publish-with-us#Fees%20and%20Funding,Not Available,Unknown,Q1,Indexed,Not Available
Langenbeck's Archives of Surgery,"Springer Verlag Hand surgery : an international journal devoted to hand and upper limb surgery and related research : journal of the Asia-Pacific Federation of Societies for Surgery of the HandE-ISSN: Publisher: World Scientific Publishing Co ARCHIVES AND RECORDS-THE JOURNAL OF THE ARCHIVES AND RECORDS ASSOCIATIONE-ISSN: 2325-7989Publisher: ROUTLEDGE JOURNALS, TAYLOR & FRANCIS LTD International Archives of the History of Ideas/Archives Internationales d'Histoire des IdeesE-ISSN: 22150307Publisher: Springer Netherlands ARCHIVES OF ORTHOPAEDIC AND TRAUMA SURGERYE-ISSN: 1434-3916Publisher: SPRINGER LANGENBECKS ARCHIVES OF SURGERYE-ISSN: 1435-2451Publisher: SPRINGER ABCD-ARQUIVOS BRASILEIROS DE CIRURGIA DIGESTIVA-BRAZILIAN ARCHIVES OF DIGESTIVE SURGERYE-ISSN: 2317-6326Publisher: COLEGIO BRASILEIRO CIRURGIA DIGESTIVA-CBCD ARCHIVES OF AESTHETIC PLASTIC SURGERYE-ISSN: 2288-9337Publisher: KOREAN SOC AESTHETIC PLASTIC SURGERY ARCHIVES OF BONE AND JOINT SURGERY-ABJSE-ISSN: 2345-461XPublisher: MASHHAD UNIV MED SCIENCES ARCHIVES OF PLASTIC SURGERY-APSE-ISSN: 2234-6171Publisher: GEORG THIEME VERLAG KG Archives of Clinical and Experimental SurgeryE-ISSN: 2146-8133Publisher: GESDAV Archives of Aesthetic Plastic SurgeryE-ISSN: 2288-9337Publisher: Korean Society for Aesthetic Plastic Surgery Archives of Plastic SurgeryE-ISSN: 2234-6171Publisher: Thieme Medical Publishers, Inc. A.M.A. archives of surgeryE-ISSN: Publisher: American Medical Association Archives of Bone and Joint SurgeryE-ISSN: 2345461XPublisher: Mashhad University of Medical SciencesNot getting the journal you are searching for? So it most likely not indexed in Scopus, WOS, PubMed, DOAJ, UGC CARE. You might also try: Enter the correct title.Check the spelling of the wordsMake sure you have added spaces between words",https://www.springer.com/journal/423/how-to-publish-with-us#Fees%20and%20Funding,Not Available,Unknown,Not Available,Likely Indexed,Not Available
Journal of Surgical Oncology,Korean Society of Surgical Oncology,https://onlinelibrary.wiley.com/page/journal/10969098/homepage/fundedaccess.html,"1738-8082, 2288-4084",No APC (DOAJ),Q1,Indexed,Not Available
Current Problems in Surgery,Elsevier,https://www.elsevier.com/journals/current-problems-in-surgery/0011-3840/open-access-options,1535-6337,Has APC (See https://www.sciencedirect.com/journal/current-problems-in-surgery/publish/open-access-options),Q1,Indexed,15 weeks
Neurosurgical Review,Vilnius University Press,https://www.springer.com/journal/10143/how-to-publish-with-us#Fees%20and%20Funding,"1392-3064, 2424-5917",No APC (DOAJ),Q1,Indexed,Not Available
"Photobiomodulation, Photomedicine, and Laser Surgery",Not Available,https://home.liebertpub.com/publications/photobiomodulation-photomedicine-and-laser-surgery/128/for-authors,Not Available,Unknown,Not Available,Not Available,Not Available
Aesthetic Plastic Surgery,"Thieme Medical Publishers, Inc.",https://www.springer.com/journal/266/how-to-publish-with-us#Fees%20and%20Funding,"2234-6163, 2234-6171",Has APC (See https://cdn0.scrvt.com/9ca5761af4a1cf7bf49dd51537e8f4d1/0cd2156449e6a3a5/bf08e18b76ea/Jan31_APC-list-price-for-2025.xlsx),Q1,Indexed,Not Available
Updates in Surgery,Springer-Verlag Italia s.r.l.,https://www.springer.com/journal/13304/how-to-publish-with-us#Fees%20and%20Funding,Not Available,Unknown,Q1,Indexed,Not Available
Lasers in Medical Science,Springer London,https://www.springer.com/journal/10103/how-to-publish-with-us#Fees%20and%20Funding,Not Available,Unknown,Q2,Indexed,Not Available
Journal of Pediatric Surgery,Pediatric Surgery Research Center of Shahid Beheshti University of Medical Sciences,https://www.elsevier.com/journals/journal-of-pediatric-surgery/0022-3468/open-access-options,2423-7612,No APC (DOAJ),Q1,Indexed,Not Available
Surgery Today,Elsevier,https://www.springer.com/journal/595/how-to-publish-with-us#Fees%20and%20Funding,2352-3441,Has APC (See https://www.sciencedirect.com/journal/arthroplasty-today/publish/open-access-options),Q2,Indexed,Not Available
Clinics in Plastic Surgery,W.B. Saunders,https://www.journals.elsevier.com/clinics-in-plastic-surgery,Not Available,Unknown,Q1,Indexed,Not Available
Journal of Robotic Surgery,AME Publishing Company,https://www.springer.com/journal/11701/how-to-publish-with-us#Fees%20and%20Funding,2617-2496,Has APC (See https://jmai.amegroups.org/pages/view/article-processing-charges),Q1,Indexed,Not Available
Heart Rhythm,Elsevier,https://www.elsevier.com/journals/heart-rhythm/1547-5271/open-access-options,2666-6936,Has APC (See https://www.sciencedirect.com/journal/cardiovascular-digital-health-journal/publish/open-access-options),Q1,Indexed,Not Available
Journal of Cardiac Failure,Wolters Kluwer Medknow Publications,https://www.elsevier.com/journals/journal-of-cardiac-failure/1071-9164/open-access-options,"2251-9572, 2251-9580",No APC (DOAJ),Q1,Indexed,Not Available
Journal of Molecular and Cellular Cardiology,Elsevier,https://journals.elsevier.com/journal-of-molecular-and-cellular-cardiology,2772-9761,Has APC (See https://www.sciencedirect.com/journal/journal-of-molecular-and-cellular-cardiology-plus/publish/open-access-options),Q1,Indexed,Not Available
Journal of Thrombosis and Thrombolysis,Springer,https://www.springer.com/journal/11239/how-to-publish-with-us#Fees%20and%20Funding,Not Available,Unknown,Q2,Indexed,Not Available
The Annals of Thoracic Surgery,Wolters Kluwer Medknow Publications,https://www.elsevier.com/journals/the-annals-of-thoracic-surgery/0003-4975/open-access-optionss,"0971-9784, 0974-5181",No APC (DOAJ),Not Available,Likely Indexed,Not Available
American Heart Journal,Elsevier,https://www.elsevier.com/journals/american-heart-journal/0002-8703/open-access-options,2772-3747,Has APC (See https://www.sciencedirect.com/journal/jacc-asia/publish/open-access-options),Q1,Indexed,Not Available
Heart Failure Reviews,IMR Press,https://www.springer.com/journal/10741/how-to-publish-with-us#Fees%20and%20Funding,"1530-6550, 2153-8174",Has APC (See https://www.imrpress.com/journal/RCM/apc),Q1,Indexed,Not Available
International Journal of Cardiology,Elsevier,https://www.elsevier.com/journals/international-journal-of-cardiology/0167-5273/open-access-options,2352-9067,Has APC (See https://www.sciencedirect.com/journal/ijc-heart-and-vasculature/publish/open-access-options),Q1,Indexed,Not Available
Current Cardiology Reports,Springer,https://www.springer.com/journal/11886/how-to-publish-with-us#Fees%20and%20Funding,Not Available,Unknown,Q1,Indexed,Not Available
Cardiovascular Drugs and Therapy,Springer,https://www.springer.com/journal/10557/how-to-publish-with-us#Fees%20and%20Funding,Not Available,Unknown,Q1,Indexed,Not Available
Journal of Cardiovascular Computed Tomography,Elsevier Inc.,https://www.elsevier.com/journals/journal-of-cardiovascular-computed-tomography/1934-5925/open-access-options,Not Available,Unknown,Q1,Indexed,Not Available
European Journal of Cardiovascular Nursing,Oxford University Press,https://academic.oup.com/eurjcn/subscribe,Not Available,Unknown,Q1,Indexed,Not Available
European Archives of Psychiatry and Clinical Neuroscience,D. Steinkopff-Verlag,https://www.springer.com/journal/406/how-to-publish-with-us#Fees%20and%20Funding,Not Available,Unknown,Q1,Indexed,Not Available
Journal of Pain and Symptom Management,Elsevier Inc.,https://www.elsevier.com/journals/journal-of-pain-and-symptom-management/0885-3924/open-access-options,Not Available,Unknown,Q1,Indexed,Not Available
Sleep Medicine,Elsevier,https://www.elsevier.com/journals/sleep-medicine/1389-9457/open-access-options,2949-7892,Has APC (See https://www.sciencedirect.com/journal/chest-pulmonary/publish/open-access-options),Q1,Indexed,Not Available
Multiple Sclerosis and Related Disorders,Elsevier B.V.,https://www.elsevier.com/journals/multiple-sclerosis-and-related-disorders/2211-0348/open-access-options,Not Available,Unknown,Q1,Indexed,Not Available
Journal of Neuromuscular Diseases,Frontiers Media S.A.,https://www.iospress.com/catalog/journals/journal-of-neuromuscular-diseases,2813-2106,Has APC (See https://www.frontierspartnerships.org/journals/dystonia/for-authors/publishing-fees),Q2,Indexed,Not Available
CNS Spectrums,Cambridge University Press,https://www.cambridge.org/core/journals/cns-spectrums/information/open-access-options,Not Available,Unknown,Q2,Indexed,Not Available
Journal of the Neurological Sciences,Bakırköy Prof. Dr. Mazhar Osman Ruh Sağlığı ve Sinir Hastalıkları Eğitim ve Araştırma Hastanesi,https://www.elsevier.com/journals/journal-of-the-neurological-sciences/0022-510X/open-access-options,"1018-8681, 1309-5749",No APC (DOAJ),Q1,Indexed,Not Available
Journal of Neuro-Oncology,Pan Arab Society of Neurosurgery,https://www.springer.com/journal/11060/how-to-publish-with-us#Fees%20and%20Funding,"1319-6995, 2735-4482",Has APC (See https://pajn.journals.ekb.eg/journal/authors.note),Q1,Indexed,Not Available
Neurosurgical Focus,American Association of Neurological Surgeons,https://thejns.org/page/focus-info-for-authors/neurosurgical-focus-information-for-authors#open,Not Available,Unknown,Q1,Indexed,Not Available
Pediatric Neurology,Wiley,https://www.elsevier.com/journals/pediatric-neurology/0887-8994/open-access-options,2831-3267,Has APC (See https://onlinelibrary.wiley.com/page/journal/28313267/homepage/article-publication-charges.html),Q1,Indexed,Not Available
Sleep Health,Elsevier,https://www.elsevier.com/journals/sleep-health/2352-7218/open-access-options,2667-3436,Has APC (See https://www.sciencedirect.com/journal/sleep-epidemiology/publish/open-access-options),Q1,Indexed,Not Available
Current Pain and Headache Reports,"Current Science, Inc.",https://www.springer.com/journal/11916/how-to-publish-with-us#Fees%20and%20Funding,Not Available,Unknown,Q1,Indexed,Not Available
Neurologic Clinics,W.B. Saunders,https://www.neurologic.theclinics.com/action/ecommerce,Not Available,Unknown,Q2,Indexed,Not Available
Neurocritical Care,The Korean Neurocritical Care Society,https://www.springer.com/journal/12028/how-to-publish-with-us#Fees%20and%20Funding,"2005-0348, 2508-1349",No APC (DOAJ),Q1,Indexed,Not Available
Journal of Neuropathology and Experimental Neurology,Oxford University Press,https://academic.oup.com/jnen/subscribe,Not Available,Unknown,Q1,Indexed,Not Available
Current Alzheimer Research,Bentham Science Publishers,https://benthamscience.com/journal/open-access-plus-reprints.php?journalID=car#ifa,Not Available,Unknown,Q3,Indexed,Not Available
Journal of Sleep Research,Elsevier,https://onlinelibrary.wiley.com/page/journal/13652869/homepage/fundedaccess.html,2949-7892,Has APC (See https://www.sciencedirect.com/journal/chest-pulmonary/publish/open-access-options),Q1,Indexed,Not Available
Acta Neurologica Scandinavica,John Wiley and Sons Inc,https://onlinelibrary.wiley.com/page/journal/16000404/homepage/fundedaccess.html,Not Available,Unknown,Q1,Indexed,Not Available
Critical Care Clinics,W.B. Saunders,https://www.elsevier.com/journals/institutional/critical-care-clinics/0749-0704,Not Available,Unknown,Q1,Indexed,Not Available
Journal of Intensive Care Medicine,SpringerOpen,https://journals.sagepub.com/author-instructions/JIC#OpenAccessAuthorArchive,2110-5820,Has APC (See https://annalsofintensivecare.springeropen.com/about),Q1,Indexed,Not Available
Journal of Tissue Viability,Tissue Viability Society,https://www.elsevier.com/journals/journal-of-tissue-viability/0965-206x/open-access-options,Not Available,Unknown,Q2,Indexed,Not Available
Archives of Dermatological Research,"ISSN: 03403696, 1432069X Journal Scope: Medicine",https://www.springer.com/journal/403/how-to-publish-with-us#Fees%20and%20Funding,Not Available,Unknown,Q1,Indexed,Not Available
Clinics in Dermatology,Elsevier Inc.,https://www.elsevier.com/journals/clinics-in-dermatology/0738-081x/open-access-options,Not Available,Unknown,Q2,Indexed,Not Available
Journal of Endocrinological Investigation,Springer Science and Business Media Deutschland GmbH,https://www.springer.com/journal/40618/how-to-publish-with-us#Fees%20and%20Funding,Not Available,Unknown,Q1,Indexed,Not Available
Current Diabetes Reports,Current Medicine Group,https://www.springer.com/journal/11892/how-to-publish-with-us#Fees%20and%20Funding,Not Available,Unknown,Q1,Indexed,Not Available
Obesity Research & Clinical Practice,Society of Endocrinology and Metabolism of Turkey,https://www.elsevier.com/journals/obesity-research-and-clinical-practice/1871-403x/open-access-options,2822-6135,No APC (DOAJ),Not Available,Likely Indexed,Not Available
Current Osteoporosis Reports,"Current Science, Inc.",https://www.springer.com/journal/11914/how-to-publish-with-us#Fees%20and%20Funding,Not Available,Unknown,Q1,Indexed,Not Available
Psycho­neuro­endocrinology,Not Available,https://www.elsevier.com/journals/psychoneuroendocrinology/0306-4530/open-access-options,Not Available,Unknown,Not Available,Not Available,Not Available
BONE,Russian Ilizarov Scientific Center for Restorative Traumatology and Orthopaedics,https://www.elsevier.com/journals/bone/8756-3282/open-access-options,"1028-4427, 2542-131X",No APC (DOAJ),Q1,Indexed,Not Available
Molecular and Cellular Endocrinology,MDPI AG,https://www.elsevier.com/journals/molecular-and-cellular-endocrinology/0303-7207/open-access-options,2673-3897,Has APC (See https://www.mdpi.com/journal/reprodmed/apc),Q1,Indexed,Not Available
Molecular Genetics and Metabolism,Elsevier,https://www.elsevier.com/journals/molecular-genetics-and-metabolism/1096-7192/open-access-options,2214-4269,Has APC (See https://www.sciencedirect.com/journal/molecular-genetics-and-metabolism-reports/publish/open-access-options),Q2,Indexed,Not Available
BMJ Open Diabetes Research & Care,BMJ Publishing Group,https://drc.bmj.com/pages/authors/#article_processing_charges,2052-4897,Has APC (See https://drc.bmj.com/pages/authors/#article_processing_charges),Not Available,Likely Indexed,Not Available
Acta Diabetologica,Springer-Verlag Italia s.r.l.,https://www.springer.com/journal/592/how-to-publish-with-us#Fees%20and%20Funding,Not Available,Unknown,Q1,Indexed,Not Available
Hormone Research in Paediatrics,S. Karger AG,https://www.karger.com/Journal/Guidelines/224036#sec62,Not Available,Unknown,Q1,Indexed,Not Available
Neuroendocrinology,Tsinghua University Press,https://www.karger.com/Journal/Guidelines/223855#sec51,"2709-1325, 2709-0388",No APC (DOAJ),Q2,Indexed,Not Available
Seminars in Liver Disease,"Thieme Medical Publishers, Inc.",https://web.thieme.com/media/ita/pubid-1576378494.pdf,Not Available,Unknown,Q1,Indexed,Not Available
Clinics in Liver Disease,W.B. Saunders,https://www.elsevier.com/journals/clinics-in-liver-disease/1089-3261/subscribe?subscriptiontype=personal&dgcid=SD_ecom_referral_journals,Not Available,Unknown,Q1,Indexed,Not Available
Journal of Gastroenterology and Hepatology,Wiley,https://onlinelibrary.wiley.com/page/journal/14401746/homepage/fundedaccess.html,"2090-3448, 2090-3456",Has APC (See https://onlinelibrary.wiley.com/page/journal/8282/homepage/open-access),Not Available,Likely Indexed,Not Available
International Psychogeriatrics,Elsevier,https://www.cambridge.org/core/journals/international-psychogeriatrics/information/open-access-options,"1041-6102, 1741-203X",Has APC (See https://www.sciencedirect.com/journal/international-psychogeriatrics/publish/open-access-options),Q1,Indexed,9 weeks
Maturitas,Elsevier Ireland Ltd,https://www.elsevier.com/journals/maturitas/0378-5122/open-access-options,Not Available,Unknown,Q1,Indexed,Not Available
Drugs & Aging,"ADIS INT LTD Drugs and AgingE-ISSN: Publisher: Adis International Ltd. AMERICAN JOURNAL OF CARDIOVASCULAR DRUGSE-ISSN: 1179-187XPublisher: ADIS INT LTD ANTI-CANCER DRUGSE-ISSN: 1473-5741Publisher: LIPPINCOTT WILLIAMS & WILKINS CARDIOVASCULAR DRUGS AND THERAPYE-ISSN: 1573-7241Publisher: SPRINGER CNS DRUGSE-ISSN: 1179-1934Publisher: ADIS INT LTD DRUGSE-ISSN: 1179-1950Publisher: ADIS INT LTD DRUGS IN R&DE-ISSN: 1179-6901Publisher: SPRINGER INT PUBL AG DRUGS OF THE FUTUREE-ISSN: 2013-0368Publisher: PROUS SCIENCE, SAU-THOMSON REUTERS DRUGS OF TODAYE-ISSN: 1699-4019Publisher: PROUS SCIENCE, SAU-THOMSON REUTERS EXPERT OPINION ON EMERGING DRUGSE-ISSN: 1744-7623Publisher: TAYLOR & FRANCIS LTD EXPERT OPINION ON INVESTIGATIONAL DRUGSE-ISSN: 1744-7658Publisher: TAYLOR & FRANCIS LTD EXPERT OPINION ON ORPHAN DRUGSE-ISSN: 2167-8707Publisher: TAYLOR & FRANCIS LTD INTERNATIONAL JOURNAL FOR PARASITOLOGY-DRUGS AND DRUG RESISTANCEE-ISSN: 2211-3207Publisher: ELSEVIER SCI LTD INVESTIGATIONAL NEW DRUGSE-ISSN: 1573-0646Publisher: SPRINGERNot getting the journal you are searching for? So it most likely not indexed in Scopus, WOS, PubMed, DOAJ, UGC CARE. You might also try: Enter the correct title.Check the spelling of the wordsMake sure you have added spaces between words",https://www.springer.com/journal/40266/how-to-publish-with-us#Fees%20and%20Funding,Not Available,Unknown,Not Available,Likely Indexed,Not Available
Experimental Gerontology,Elsevier,https://www.elsevier.com/journals/experimental-gerontology/0531-5565/open-access-options,1873-6815,Has APC (See https://www.sciencedirect.com/journal/experimental-gerontology/publish/open-access-options),Q1,Indexed,17 weeks
Clinics in Geriatric Medicine,W.B. Saunders,https://www.geriatric.theclinics.com/action/ecommerce,Not Available,Unknown,Q2,Indexed,Not Available
Critical Reviews in Oncology/Hematology,Elsevier Ireland Ltd,https://www.elsevier.com/journals/critical-reviews-in-oncology-hematology/1040-8428/open-access-options,Not Available,Unknown,Q1,Indexed,Not Available
Seminars in Thrombosis and Hemostasis,"Thieme Medical Publishers, Inc.",https://www.thieme-connect.com/products/ejournals/journal/10.1055/s-00000077,Not Available,Unknown,Q2,Indexed,Not Available
Cytotherapy,Elsevier B.V.,https://www.elsevier.com/journals/cytotherapy/1465-3249/open-access-options,Not Available,Unknown,Q1,Indexed,Not Available
Pediatric Blood & Cancer,iranian pediatric hematology and oncology society,https://onlinelibrary.wiley.com/journal/15455017,"2008-4595, 2008-4609",No APC (DOAJ),Not Available,Likely Indexed,Not Available
Infectious Disease Clinics of North America,W.B. Saunders,https://www.elsevier.com/journals/infectious-disease-clinics-of-north-america/0891-5520/subscribe?subscriptiontype=institutional,Not Available,Unknown,Q1,Indexed,Not Available
Clinical and Experimental Immunology,Termedia Publishing House,"https://onlinelibrary.wiley.com/page/journal/13652249/homepage/productinformation.html#:~:text=Clinical%20%26%20Experimental%20Immunology%20%28established%20in%201966%29%20is,immunopathology%20of%20human%20disease%20and%2For%20change%20clinical%20practice.","1426-3912, 1644-4124",Has APC (See https://www.termedia.pl/Journal/Central_European_Journal_of_nbsp_Immunology-10/For-authors),Q1,Indexed,Not Available
International Immunopharmacology,Elsevier B.V.,https://www.elsevier.com/journals/international-immunopharmacology/1567-5769/open-access-options,Not Available,Unknown,Q1,Indexed,Not Available
Bone Marrow Transplantation,Springer Nature,https://www.nature.com/bmt/open-access#publishing-open-access,Not Available,Unknown,Q1,Indexed,Not Available
Fish & Shellfish Immunology,Elsevier,https://www.elsevier.com/journals/fish-and-shellfish-immunology/1050-4648/open-access-options,2667-0119,Has APC (See https://www.elsevier.com/journals/fish-and-shellfish-immunology-reports/2667-0119/open-access-journal),Not Available,Likely Indexed,Not Available
Cellular Immunology,Springer,https://www.elsevier.com/journals/cellular-immunology/0008-8749/open-access-options,1420-9071,Has APC (See https://link.springer.com/journal/18/how-to-publish-with-us),Q2,Indexed,Not Available
Molecular Immunology,Springer,https://www.elsevier.com/journals/molecular-immunology/0161-5890/open-access-options,1420-9071,Has APC (See https://link.springer.com/journal/18/how-to-publish-with-us),Q2,Indexed,Not Available
Journal of Reproductive Immunology,CSIR-NIScPR,https://www.elsevier.com/journals/journal-of-reproductive-immunology/0165-0378/open-access-options,"0019-5189, 0975-1009",No APC (DOAJ),Q2,Indexed,Not Available
ACS Infectious Diseases,American Chemical Society,https://publish.acs.org/publish/author_guidelines?coden=aidcbc#editorial_policy,Not Available,Unknown,Q1,Indexed,Not Available
Current HIV/AIDS Reports,"Current Science, Inc.",https://www.springer.com/journal/11904/how-to-publish-with-us#Fees%20and%20Funding,Not Available,Unknown,Q1,Indexed,Not Available
Journal of the Pediatric Infectious Diseases Society,Korean Society of Infectious Diseases; Korean Society for Antimicrobial Therapy; The Korean Society for AIDS; Korean Society of Pediatric Infectious,https://academic.oup.com/jpids/subscribe,"2093-2340, 2092-6448",No APC (DOAJ),Q1,Indexed,Not Available
Transboundary and Emerging Diseases,John Wiley and Sons Ltd,https://onlinelibrary.wiley.com/page/journal/18651682/homepage/FundedAccess.html,Not Available,Unknown,Q1,Indexed,Not Available
Expert Review of Anti-Infective Therapy,Taylor and Francis Ltd.,https://www.tandfonline.com/action/authorSubmission?show=instructions&journalCode=ierz20#Publication_charges,Not Available,Unknown,Q1,Indexed,Not Available
AIDS Patient Care and STDs,Mary Ann Liebert Inc.,https://home.liebertpub.com/publications/aids-patient-care-and-stds/1/for-authors#costs,Not Available,Unknown,Q1,Indexed,Not Available
Minerva Medica,Edizioni Minerva Medica,https://www.minervamedica.it/en/open_access.php,"2241-9136, 2241-9144",No APC (DOAJ),Q3,Indexed,Not Available
Internal and Emergency Medicine,Elsevier,https://www.springer.com/journal/11739/how-to-publish-with-us#Fees%20and%20Funding,2688-1152,Has APC (See https://www.sciencedirect.com/journal/jacep-open/publish/open-access-options),Q1,Indexed,Not Available
American Family Physician,American Academy of Family Physicians,https://www.aafp.org/pubs/afp/subscribe/subscription-management.html,Not Available,Unknown,Q2,Indexed,Not Available
Preventive Medicine,simedet,https://www.elsevier.com/journals/preventive-medicine/0091-7435/open-access-options,2704-6222,No APC (DOAJ),Q1,Indexed,Not Available
Postgraduate Medicine,Wolters Kluwer Medknow Publications,https://www.tandfonline.com/action/authorSubmission?show=instructions&journalCode=ipgm20#Copyright_options,"1117-1936, 2468-6875",Has APC (See https://journals.lww.com/NPMJ/pages/informationforauthors.aspx),Q2,Indexed,Not Available
Swiss Medical Weekly,SMW supporting association (Trägerverein Swiss Medical Weekly SMW),https://smw.ch/for-authors,"1424-7860, 1424-3997",No APC (DOAJ),Not Available,Likely Indexed,10 weeks
Balkan Medical Journal,Balkan Medical Union,https://balkanmedicaljournal.org/static.php?id=19,"1584-9244, 2558-815X",Has APC (See https://umbalk.org/instructions-to-authors/),Q2,Indexed,6 weeks
Singapore Medical Journal,Wolters Kluwer – Medknow Publications,https://journals.lww.com/SMJ/Pages/instructionsforauthors.aspx#9,"0037-5675, 2737-5935",No APC (DOAJ),Q3,Indexed,17 weeks
Medicina Clínica,Universidad de Costa Rica,https://www.elsevier.com/journals/medicina-clinica/0025-7753/open-access-options,2215-2741,No APC (DOAJ),Not Available,Not Available,Not Available
Archives of Iranian Medicine,"Islamic Azad University, Tabriz Branch",http://www.aimjournal.ir/InstructionsforAuthors,"2322-4746, 2476-6984",Has APC (See https://sanad.iau.ir/en/Journal/jvcp/Page/authors),Q3,Indexed,Not Available
Revista Clínica Española,Sociedad Española de Medicina de Familia y Comunitaria,https://www.elsevier.com/journals/revista-clinica-espanola/0014-2565/open-access-options,"1699-695X, 2386-8201",No APC (DOAJ),Not Available,Not Available,Not Available
Journal of Assisted Reproduction and Genetics,Wolters Kluwer Medknow Publications,https://www.springer.com/journal/10815/how-to-publish-with-us#Fees%20and%20Funding,"0974-1208, 1998-4766",No APC (DOAJ),Q1,Indexed,Not Available
Seminars in Perinatology,W.B. Saunders,https://www.elsevier.com/journals/seminars-in-perinatology/0146-0005/open-access-options,Not Available,Unknown,Q1,Indexed,Not Available
American Journal of Perinatology,"Thieme Medical Publishers, Inc.",https://www.thieme.in/american-journal-of-perinatology,"2157-6998, 2157-7005",Has APC (See https://cdn0.scrvt.com/9ca5761af4a1cf7bf49dd51537e8f4d1/0cd2156449e6a3a5/bf08e18b76ea/Jan31_APC-list-price-for-2025.xlsx),Q2,Indexed,Not Available
Contraception,Elsevier,https://www.elsevier.com/journals/contraception/0010-7824/open-access-options,2590-1516,Has APC (See https://www.sciencedirect.com/journal/contraception-x/publish/open-access-options),Q1,Indexed,Not Available
Molecular Cancer Therapeutics,Nature Portfolio,https://aacrjournals.org/mct,2731-9377,Has APC (See https://www.nature.com/bjcreports/open-access),Q1,Indexed,Not Available
Current Oncology Reports,Elsevier,https://www.springer.com/journal/11912/how-to-publish-with-us#Fees%20and%20Funding,2666-6219,Has APC (See https://www.sciencedirect.com/journal/current-problems-in-cancer-case-reports/publish/open-access-options),Q1,Indexed,Not Available
Endocrine-Related Cancer,BioScientifica Ltd.,https://erc.bioscientifica.com/page/open-access/openaccess-policy,Not Available,Unknown,Q1,Indexed,Not Available
International Journal of Oncology,Tehran University of Medical Sciences,https://www.spandidos-publications.com/pages/ijo/info_for_authors,"2008-3009, 2008-2207",No APC (DOAJ),Q2,Indexed,Not Available
JCO Precision Oncology,Lippincott Williams and Wilkins,https://ascopubs.org/po/author-center/open-access,Not Available,Unknown,Q1,Indexed,Not Available
Cancer Gene Therapy,"KeAi Communications Co., Ltd.",https://www.nature.com/cgt/open-access#fees,2699-9404,Has APC (See https://www.keaipublishing.com/en/journals/global-medical-genetics/open-access/),Q1,Indexed,Not Available
Seminars in Radiation Oncology,W.B. Saunders,https://www.elsevier.com/journals/seminars-in-radiation-oncology/1053-4296/open-access-options,Not Available,Unknown,Q1,Indexed,Not Available
Seminars in Oncology,W.B. Saunders,https://www.elsevier.com/journals/seminars-in-oncology/0093-7754/open-access-options,Not Available,Unknown,Q1,Indexed,Not Available
Gynecologic Oncology,Elsevier,https://www.elsevier.com/journals/gynecologic-oncology/0090-8258/open-access-options,2352-5789,Has APC (See https://www.sciencedirect.com/journal/gynecologic-oncology-reports/publish/open-access-options),Q1,Indexed,Not Available
Current Treatment Options in Oncology,Springer New York,https://www.springer.com/journal/11864/how-to-publish-with-us#Fees%20and%20Funding,Not Available,Unknown,Q1,Indexed,Not Available
Targeted Oncology,China Anti-Cancer Association,https://www.springer.com/journal/11523/how-to-publish-with-us#Fees%20and%20Funding,2095-3941,Has APC (See https://www.cancerbiomed.org/content/instructions-authors#CHARGES),Q1,Indexed,Not Available
Clinical Lung Cancer,Elsevier,https://www.elsevier.com/journals/clinical-lung-cancer/1525-7304/open-access-options,2666-3643,Has APC (See https://www.sciencedirect.com/journal/jto-clinical-and-research-reports/publish/open-access-options),Q1,Indexed,Not Available
Carcinogenesis,Kasr Al-Ainy Center of Clinical Oncology and Nuclear Medicine,https://academic.oup.com/carcin/subscribe,"2357-0687, 2357-0695",Has APC (See https://resoncol.journals.ekb.eg/journal/authors.note),Q1,Indexed,Not Available
Breast Cancer Research and Treatment,"Russian Academy of Sciences, Tomsk National Research Medical Center",https://www.springer.com/journal/10549/how-to-publish-with-us#Fees%20and%20Funding,"1814-4861, 2312-3168",No APC (DOAJ),Q1,Indexed,Not Available
Clinical & Experimental Metastasis,SPRINGER Clinical and Experimental MetastasisE-ISSN: Publisher: Kluwer Academic Publishers CANCER AND METASTASIS REVIEWSE-ISSN: 1573-7233Publisher: SPRINGER JOURNAL OF CANCER METASTASIS AND TREATMENTE-ISSN: 2454-2857Publisher: OAE PUBLISHING INC Advances in Cancer Biology - MetastasisE-ISSN: 2667-3940Publisher: Elsevier Ahmar Metastasis Health JournalE-ISSN: 2797-4952Publisher: Yayasan Ahmad Mansyur Nasirah Advances in Cancer Biology - MetastasisE-ISSN: 26673940Publisher: Elsevier Inc. Cancer and Metastasis,https://www.springer.com/journal/10585/how-to-publish-with-us#Fees%20and%20Funding,Not Available,Unknown,Not Available,Likely Indexed,Not Available
Annals of Surgical Oncology,Korean Society of Coloproctology,https://www.springer.com/journal/10434/how-to-publish-with-us#Fees%20and%20Funding,"2287-9714, 2287-9722",Has APC (See https://coloproctol.org/authors/charge.php),Q1,Indexed,Not Available
Journal of Cancer Research and Clinical Oncology,Kasr Al-Ainy Center of Clinical Oncology and Nuclear Medicine,https://www.springer.com/journal/432/how-to-publish-with-us#Fees%20and%20Funding,"2357-0687, 2357-0695",Has APC (See https://resoncol.journals.ekb.eg/journal/authors.note),Q1,Indexed,10 weeks
Experimental Eye Research,Academic Press,https://www.elsevier.com/journals/experimental-eye-research/0014-4835/open-access-options,Not Available,Unknown,Q1,Indexed,Not Available
Journal of Cataract and Refractive Surgery,Wolters Kluwer Health,https://journals.lww.com/jcrs/Pages/subscriptionservices.aspx,Not Available,Unknown,Q1,Indexed,Not Available
Cornea,Elsevier,https://journals.lww.com/corneajrnl/_layouts/15/1033/oaks.journals/subscriptionservices.aspx,2451-9936,Has APC (See https://www.sciencedirect.com/journal/american-journal-of-ophthalmology-case-reports/publish/open-access-options),Q1,Indexed,Not Available
Foot & Ankle International,"SAGE PUBLICATIONS INC Foot and Ankle InternationalE-ISSN: Publisher: SAGE Publications Inc. FOOT AND ANKLE CLINICSE-ISSN: 1558-1934Publisher: W B SAUNDERS CO-ELSEVIER INC FOOT AND ANKLE SURGERYE-ISSN: 1460-9584Publisher: ELSEVIER JOURNAL OF FOOT AND ANKLE RESEARCHE-ISSN: 1757-1146Publisher: BMC JOURNAL OF FOOT & ANKLE SURGERYE-ISSN: 1542-2224Publisher: ELSEVIER SCIENCE INC FOOT & ANKLE SPECIALISTE-ISSN: 1938-7636Publisher: SAGE PUBLICATIONS INC TECHNIQUES IN FOOT AND ANKLE SURGERYE-ISSN: 1538-1943Publisher: LIPPINCOTT WILLIAMS & WILKINS Journal of Foot and Ankle ResearchE-ISSN: 1757-1146Publisher: BMC Foot & Ankle OrthopaedicsE-ISSN: 2473-0114Publisher: SAGE Publishing Foot & Ankle Surgery: Techniques, Reports & CasesE-ISSN: 2667-3967Publisher: Elsevier Journal of the Foot & AnkleE-ISSN: 2675-2980Publisher: Associação Brasileira de Medicina e Cirurgia do Tornozelo e Pé - ABTPé Diabetic Foot and AnkleE-ISSN: Publisher: Co-Action Publishing Foot and AnkleE-ISSN: Publisher: Data Trace Publishing Co. Foot and Ankle ClinicsE-ISSN: Publisher: W. B. Saunders Co., Ltd.Not getting the journal you are searching for? So it most likely not indexed in Scopus, WOS, PubMed, DOAJ, UGC CARE. You might also try: Enter the correct title.Check the spelling of the wordsMake sure you have added spaces between words",https://journals.sagepub.com/author-instructions/FAI#NIHAndWellcomeTrust-FundedSubmissions,Not Available,Unknown,Not Available,Likely Indexed,Not Available
Dysphagia,AOSIS,https://www.springer.com/journal/455/how-to-publish-with-us#Fees%20and%20Funding,"0379-8046, 2225-4765",Has APC (See https://sajcd.org.za/index.php/sajcd/pages/view/publication-fees),Q1,Indexed,Not Available
Experimental and Molecular Pathology,Elsevier,https://www.elsevier.com/journals/experimental-and-molecular-pathology/0014-4800/open-access-options,1096-0945,Has APC (See https://www.sciencedirect.com/journal/experimental-and-molecular-pathology/publish/open-access-options),Q1,Indexed,25 weeks
Seminars in Diagnostic Pathology,W.B. Saunders,https://www.elsevier.com/journals/seminars-in-diagnostic-pathology/0740-2570/open-access-options,Not Available,Unknown,Q1,Indexed,Not Available
Human Pathology,"Zagazig University, Faculty of Medicine",https://www.elsevier.com/journals/human-pathology/0046-8177/open-access-options,"1687-160X, 2536-9849",No APC (DOAJ),Q1,Indexed,Not Available
European Child & Adolescent Psychiatry,"SPRINGER EUROPEAN CHILD & ADOLESCENT PSYCHIATRYE-ISSN: 1435-165XPublisher: SPRINGER European Child and Adolescent PsychiatryE-ISSN: 1435165XPublisher: Springer Nature Switzerland AG European Child and Adolescent Psychiatry, SupplementE-ISSN: Publisher: Hogrefe & Huber Publishers CHILD AND ADOLESCENT PSYCHIATRY AND MENTAL HEALTHE-ISSN: 1753-2000Publisher: BMC JOURNAL OF THE AMERICAN ACADEMY OF CHILD AND ADOLESCENT PSYCHIATRYE-ISSN: 1527-5418Publisher: ELSEVIER SCIENCE INC CHILD AND ADOLESCENT PSYCHIATRY AND MENTAL HEALTHE-ISSN: 1753-2000Publisher: BMC JOURNAL OF THE AMERICAN ACADEMY OF CHILD AND ADOLESCENT PSYCHIATRYE-ISSN: 1527-5418Publisher: ELSEVIER SCIENCE INC JOURNAL OF THE CANADIAN ACADEMY OF CHILD AND ADOLESCENT PSYCHIATRYE-ISSN: 1719-8429Publisher: CANADIAN ACAD CHILD & ADOLESCENT PSYCHIATRY JOURNAL OF THE KOREAN ACADEMY OF CHILD AND ADOLESCENT PSYCHIATRYE-ISSN: 2233-9183Publisher: KOREAN ACAD CHILD & ADOLESCENT PSYCHIATRY SCANDINAVIAN JOURNAL OF CHILD AND ADOLESCENT PSYCHIATRY AND PSYCHOLOGYE-ISSN: 2245-8875Publisher: SCIENDO Child and Adolescent Psychiatry and Mental HealthE-ISSN: 1753-2000Publisher: BMC Scandinavian Journal of Child and Adolescent Psychiatry and PsychologyE-ISSN: 2245-8875Publisher: Sciendo Child and Adolescent Psychiatry and Mental HealthE-ISSN: Publisher: BioMed Central Journal of the American Academy of Child and Adolescent PsychiatryE-ISSN: Publisher: Elsevier B.V.Not getting the journal you are searching for? So it most likely not indexed in Scopus, WOS, PubMed, DOAJ, UGC CARE. You might also try: Enter the correct title.Check the spelling of the wordsMake sure you have added spaces between words",https://www.springer.com/journal/787/how-to-publish-with-us#Fees%20and%20Funding,Not Available,Unknown,Not Available,Likely Indexed,Not Available
Journal of Psychiatric Research,Elsevier Ltd,https://www.elsevier.com/journals/journal-of-psychiatric-research/0022-3956/open-access-options,Not Available,Unknown,Q1,Indexed,Not Available
Progress In Neuro-Psychopharmacology & Biological Psychiatry,"PERGAMON-ELSEVIER SCIENCE LTD Progress in Neuro-Psychopharmacology and Biological PsychiatryE-ISSN: Publisher: Elsevier B.V. Progress in Neuro-PsychopharmacologyE-ISSN: Publisher: Elsevier B.V. Psychopharmacology and Biological NarcologyE-ISSN: 20705670Publisher: SRL Archive PSYCHIATRY AND CLINICAL PSYCHOPHARMACOLOGYE-ISSN: 2475-0581Publisher: AVES Psychiatry and Clinical PsychopharmacologyE-ISSN: 2475-0581Publisher: AVES Psychiatry and Clinical PsychopharmacologyE-ISSN: 24750581Publisher: AVES Ibrahim Kara Progress in Clinical and Biological ResearchE-ISSN: Publisher: John Wiley & Sons Inc. Frontiers of medical and biological engineering : the international journal of the Japan Society of Medical Electronics and Biological EngineeringE-ISSN: Publisher: Brill PROGRESS IN NEUROLOGY AND PSYCHIATRYE-ISSN: 1931-227XPublisher: JOHN WILEY & SONS LTD Progress in Neurology and PsychiatryE-ISSN: Publisher: John Wiley & Sons Inc. BIOLOGICAL PSYCHIATRYE-ISSN: 1873-2402Publisher: ELSEVIER SCIENCE INC BIOLOGICAL PSYCHIATRY-COGNITIVE NEUROSCIENCE AND NEUROIMAGINGE-ISSN: 2451-9030Publisher: ELSEVIER PSYCHIATRY-INTERPERSONAL AND BIOLOGICAL PROCESSESE-ISSN: 1943-281XPublisher: ROUTLEDGE JOURNALS, TAYLOR & FRANCIS LTD WORLD JOURNAL OF BIOLOGICAL PSYCHIATRYE-ISSN: 1814-1412Publisher: TAYLOR & FRANCIS LTDNot getting the journal you are searching for? So it most likely not indexed in Scopus, WOS, PubMed, DOAJ, UGC CARE. You might also try: Enter the correct title.Check the spelling of the wordsMake sure you have added spaces between words",https://www.elsevier.com/journals/progress-in-neuro-psychopharmacology-and-biological-psychiatry/0278-5846/open-access-options,Not Available,Unknown,Not Available,Likely Indexed,Not Available
Drug and Alcohol Dependence,Elsevier Ireland Ltd,https://www.elsevier.com/journals/drug-and-alcohol-dependence/0376-8716/open-access-options,Not Available,Unknown,Q1,Indexed,Not Available
Schizophrenia Research,Elsevier,https://www.elsevier.com/journals/schizophrenia-research/0920-9964/open-access-options,2215-0013,Has APC (See https://www.sciencedirect.com/journal/schizophrenia-research-cognition/publish/open-access-options),Q1,Indexed,Not Available
Journal of Psychosomatic Research,Taylor & Francis Group,https://www.elsevier.com/journals/journal-of-psychosomatic-research/0022-3999/open-access-options,"0167-482X, 1743-8942",Has APC (See https://www.tandfonline.com/action/authorSubmission?show=instructions&journalCode=ipob20#article-publishing-charge),Q1,Indexed,Not Available
Social Psychiatry and Psychiatric Epidemiology,D. Steinkopff-Verlag,https://www.springer.com/journal/127/how-to-publish-with-us#Fees%20and%20Funding,Not Available,Unknown,Q1,Indexed,Not Available
Acta Neuropsychiatrica,Cambridge University Press,https://www.cambridge.org/core/journals/acta-neuropsychiatrica/information/journal-policies/open-access-options,Not Available,Unknown,Q2,Indexed,Not Available
Psychopharmacology,Mesut Çetin,https://www.springer.com/journal/213/how-to-publish-with-us#Fees%20and%20Funding,2475-0581,Has APC (See http://psychiatry-psychopharmacology.com/en/aims-and-scope-103),Q1,Indexed,Not Available
European Addiction Research,S. Karger AG,https://www.karger.com/Journal/SubscriptionRates/224233,Not Available,Unknown,Q1,Indexed,Not Available
Archives of Physical Medicine and Rehabilitation,Elsevier,https://www.elsevier.com/journals/archives-of-physical-medicine-and-rehabilitation/0003-9993/open-access-options,1836-9561,No APC (DOAJ),Q1,Indexed,Not Available
Journal of Athletic Training,"Helwan University, Faculty of Physical Education for Girls",https://meridian.allenpress.com/DocumentLibrary/NATA/2020_JAT_Authors'_Guide.pdf,"3009-7401, 2356-9417",Has APC (See https://eijssa.journals.ekb.eg/journal/authors.note),Q1,Indexed,Not Available
European Journal of Applied Physiology,Wiley,https://www.springer.com/journal/421/how-to-publish-with-us#Fees%20and%20Funding,"1746-1391, 1536-7290",Has APC (See https://onlinelibrary.wiley.com/page/journal/15367290/homepage/open-access),Q1,Indexed,Not Available
International Journal of Sports Medicine,Elsevier,https://www.thieme.de/de/international-journal-sports-medicine/9886.htm,2666-6383,Has APC (See https://www.sciencedirect.com/journal/jses-international/publish/open-access-options),Q1,Indexed,Not Available
Acta Tropica,Elsevier B.V.,https://www.elsevier.com/journals/acta-tropica/0001-706x/open-access-options,Not Available,Unknown,Q1,Indexed,Not Available
Clinical Genitourinary Cancer,Elsevier Inc.,https://www.elsevier.com/journals/clinical-genitourinary-cancer/1558-7673/open-access-options,Not Available,Unknown,Q1,Indexed,Not Available
Current Nutrition Reports,Springer,https://www.springer.com/journal/13668/how-to-publish-with-us#Fees%20and%20Funding,Not Available,Unknown,Q1,Indexed,Not Available
Journal of the Academy of Nutrition and Dietetics,Not Available,https://www.elsevier.com/journals/journal-of-the-academy-of-nutrition-and-dietetics/2212-2672/open-access-options,Not Available,Unknown,Not Available,Not Available,Not Available
Beneficial Microbes,Not Available,https://www.wageningenacademic.com/pb-assets/wagen/files/bm/Guidelines_for_Authors-Beneficial_Microbes-1615453461507.pdf,Not Available,Unknown,Not Available,Not Available,Not Available
Appetite,BMC,https://www.elsevier.com/journals/appetite/0195-6663/open-access-options,2050-2974,Has APC (See https://jeatdisord.biomedcentral.com/about),Q1,Indexed,Not Available
European Journal of Clinical Nutrition,Springer Nature,https://www.nature.com/ejcn/authors-and-referees/open-access-self-archiving,Not Available,Unknown,Q1,Indexed,Not Available
European Journal of Nutrition,Karger Publishers,https://www.springer.com/journal/394/how-to-publish-with-us#Fees%20and%20Funding,"1662-4025, 1662-4033",Has APC (See https://www.karger.com/Journal/Guidelines/233731#sec62),Not Available,Not Available,Not Available
International Journal of Sport Nutrition and Exercise Metabolism,Not Available,https://journals.humankinetics.com/view/journals/ijsnem/ijsnem-overview.xml?tab_body=author-guidelines,Not Available,Unknown,Not Available,Not Available,Not Available
Public Health Nutrition,Yayasan Ahmad Mansyur Nasirah,https://www.cambridge.org/core/journals/public-health-nutrition/information/open-access-options,"2797-6483, 2797-4952",Has APC (See https://journal.ahmareduc.or.id/index.php/AMHJ/ArticleProcessingCharges),Not Available,Not Available,Not Available
International Journal of Food Sciences and Nutrition,University of Extremadura,https://www.tandfonline.com/action/authorSubmission?show=instructions&journalCode=iijf20#open-access,"3020-8734, 3020-3635",No APC (DOAJ),Q1,Indexed,Not Available
Neuroepidemiology,University of Brawijaya,https://www.karger.com/Journal/Home/224263,"2407-6724, 2442-5001",No APC (DOAJ),Not Available,Not Available,Not Available
International Journal Of Public Health,University of Calgary,https://www.springer.com/journal/38,"2560-8312, 2560-8320",No APC (DOAJ),Q1,Indexed,13 weeks
Public Health,"School of Medical Technology, Faculty of Medicine, Universidad Peruana Cayetano Heredia",https://www.sciencedirect.com/journal/public-health,2518-8526,No APC (DOAJ),Q1,Indexed,Not Available
Environmental Geochemistry And Health,Springer,https://www.springer.com/journal/10653,Not Available,Unknown,Q1,Indexed,Not Available
Disability And Health Journal,MDPI AG,https://www.sciencedirect.com/journal/disability-and-health-journal,2673-7272,Has APC (See https://www.mdpi.com/journal/disabilities/apc),Q1,Indexed,Not Available
International Journal Of Environmental Health Research,Shahrekord University of Medical Sciences,https://www.tandfonline.com/toc/cije20/current,2383-4366,No APC (DOAJ),Q2,Indexed,Not Available
Preventing Chronic Disease,Centers for Disease Control and Prevention,https://www.cdc.gov/pcd/index.htm,1545-1151,No APC (DOAJ),Q1,Indexed,22 weeks
Reviews On Environmental Health,De Gruyter Open Ltd,https://www.degruyter.com/journal/key/reveh/html?lang=en,Not Available,Unknown,Q1,Indexed,Not Available
Health Promotion International,Wolters Kluwer Medknow Publications,https://academic.oup.com/heapro,"2008-7802, 2008-8213",Has APC (See https://journals.lww.com/IJOM/Pages/informationforauthors.aspx),Q1,Indexed,Not Available
Patient Education And Counseling,Elsevier Ireland Ltd,https://www.sciencedirect.com/journal/patient-education-and-counseling,Not Available,Unknown,Q1,Indexed,Not Available
Journal Of Digital Imaging,Elsevier,https://www.springer.com/journal/10278,1109-9666,No APC (DOAJ),Q2,Indexed,Not Available
Seminars In Nuclear Medicine,W.B. Saunders,https://www.sciencedirect.com/journal/seminars-in-nuclear-medicine,Not Available,Unknown,Q1,Indexed,Not Available
European Journal Of Radiology,Elsevier,https://www.ejradiology.com/,2352-0477,Has APC (See https://www.sciencedirect.com/journal/european-journal-of-radiology-open/publish/open-access-options),Q1,Indexed,Not Available
Medical Physics,"Luchevaya Diagnostika, LLC",https://aapm.onlinelibrary.wiley.com/journal/24734209,"0042-4676, 2619-0478",No APC (DOAJ),Q1,Indexed,Not Available
Nmr In Biomedicine,John Wiley and Sons Ltd,https://analyticalsciencejournals.onlinelibrary.wiley.com/journal/10991492,Not Available,Unknown,Q1,Indexed,Not Available
Physics In Medicine And Biology,Taylor & Francis Group,https://iopscience.iop.org/journal/0031-9155,2374-6149,Has APC (See https://tandfonline.com/action/journalInformation?show=aimsScope&journalCode=tapx20),Q1,Indexed,Not Available
Ultrasonics,NDT.net,https://www.sciencedirect.com/journal/ultrasonics,1435-4934,No APC (DOAJ),Q1,Indexed,Not Available
Magnetic Resonance In Medicine,Turkish Society of Magnetic Resonance,https://onlinelibrary.wiley.com/journal/15222594,2822-2318,No APC (DOAJ),Q1,Indexed,Not Available
Molecular Imaging And Biology,MDPI AG,https://www.springer.com/journal/11307,2673-6411,Has APC (See https://www.mdpi.com/journal/biochem/apc),Q2,Indexed,Not Available
Clinical Radiology,"NAMS of Ukraine, State Organization ""Scientific-Practical Center of Endovascular Neuroradiology, Non-Governmental Organization “All Ukrainian Association of Endovascular Neuroradiology, Shupyk National Healthcare University of Ukraine",https://www.clinicalradiologyonline.net/,"2786-4855, 2786-4863",Has APC (See https://enj.org.ua/index.php/journal/about/submissions),Q2,Indexed,Not Available
Disability And Rehabilitation,University of Gondar,https://www.tandfonline.com/journals/idre20,2211-5242,No APC (DOAJ),Q1,Indexed,Not Available
Intellectual And Developmental Disabilities,American Association on Intellectual and Developmental Disabilities,https://meridian.allenpress.com/idd,Not Available,Unknown,Q2,Indexed,Not Available
Journal Of Fluency Disorders,Elsevier Inc.,https://www.sciencedirect.com/journal/journal-of-fluency-disorders,Not Available,Unknown,Q1,Indexed,Not Available
Annals Of Dyslexia,Springer New York,https://www.springer.com/journal/11881,Not Available,Unknown,Q1,Indexed,Not Available
Brain Injury,Aldus Press,https://www.tandfonline.com/journals/ibij20,2056-3299,Has APC (See https://concussion.scholasticahq.com/for-authors),Q3,Indexed,Not Available
Scandinavian Journal Of Occupational Therapy,Taylor & Francis Group,https://www.tandfonline.com/toc/iocc20/current,"1103-8128, 1651-2014",Has APC (See https://www.tandfonline.com/action/authorSubmission?show=instructions&journalCode=iocc20#APC),Not Available,Not Available,Not Available
Paediatric Respiratory Reviews,W.B. Saunders Ltd,https://www.sciencedirect.com/journal/paediatric-respiratory-reviews,Not Available,Unknown,Q1,Indexed,Not Available
Clinics In Chest Medicine,W.B. Saunders,https://www.chestmed.theclinics.com/,Not Available,Unknown,Q1,Indexed,Not Available
Expert Review Of Respiratory Medicine,Taylor and Francis Ltd.,https://www.tandfonline.com/toc/ierx20/current,Not Available,Unknown,Q2,Indexed,Not Available
Pediatric Pulmonology,Saint-Petersburg State Pediatric Medical University,https://onlinelibrary.wiley.com/journal/10990496,"2713-1912, 2713-1920",No APC (DOAJ),Q1,Indexed,Not Available
Seminars In Arthritis And Rheumatism,W.B. Saunders,https://www.sciencedirect.com/journal/seminars-in-arthritis-and-rheumatism,Not Available,Unknown,Q1,Indexed,Not Available
Joint Bone Spine,Elsevier Masson s.r.l.,https://www.sciencedirect.com/journal/joint-bone-spine,Not Available,Unknown,Q2,Indexed,Not Available
Arthritis Care & Research,"Elsevier USA ARTHRITIS CARE & RESEARCHE-ISSN: 2151-4658Publisher: WILEY Arthritis Care and ResearchE-ISSN: Publisher: John Wiley & Sons Inc. ARTHRITIS RESEARCH & THERAPYE-ISSN: 1478-6362Publisher: BMC Arthritis Research & TherapyE-ISSN: 1478-6362Publisher: BMC Arthritis ResearchE-ISSN: Publisher: BioMed Central Arthritis Research and TherapyE-ISSN: 14786362Publisher: BioMed Central Arthritis ResearchE-ISSN: 1465-9913Publisher: BioMed Central Arthritis Research & TherapyE-ISSN: 1478-6362Publisher: BioMed Central Journal of health care interior design : proceedings from the . Annual National Symposium on Health Care Interior Design. National Symposium on Health Care Interior Design (U. S.)E-ISSN: Publisher: National Symposium on Health Care Interior Design, Inc. ARTHRITIS & RHEUMATOLOGYE-ISSN: 2326-5205Publisher: WILEY SEMINARS IN ARTHRITIS AND RHEUMATISME-ISSN: 1532-866XPublisher: W B SAUNDERS CO-ELSEVIER INC CLINICAL MEDICINE INSIGHTS-ARTHRITIS AND MUSCULOSKELETAL DISORDERSE-ISSN: 1179-5441Publisher: SAGE PUBLICATIONS LTD Clinical Medicine Insights: Arthritis and Musculoskeletal DisordersE-ISSN: 1179-5441Publisher: SAGE Publishing Arthritis and RheumatismE-ISSN: 15290131Publisher: John Wiley & Sons Inc.Not getting the journal you are searching for? So it most likely not indexed in Scopus, WOS, PubMed, DOAJ, UGC CARE. You might also try: Enter the correct title.Check the spelling of the wordsMake sure you have added spaces between words",https://onlinelibrary.wiley.com/journal/21514658,Not Available,Unknown,Not Available,Likely Indexed,Not Available
Current Rheumatology Reports,Springer,https://www.springer.com/journal/11926,Not Available,Unknown,Q1,Indexed,Not Available
Radiology And Oncology,Wolters Kluwer Medknow Publications,https://www.radioloncol.com/index.php/ro,"2590-3233, 2590-3225",No APC (DOAJ),Q2,Indexed,7 weeks
Journal Of Biomedical Optics,SPIE,https://www.spiedigitallibrary.org/journals/journal-of-biomedical-optics?SSO=1,"1083-3668, 1560-2281",Has APC (See https://www.spiedigitallibrary.org/journals/open-access),Q2,Indexed,19 weeks
Radiation Research,Elsevier,https://meridian.allenpress.com/radiation-research,"1687-8507, 2314-7164",Has APC (See https://www.sciencedirect.com/journal/journal-of-radiation-research-and-applied-sciences),Q2,Indexed,Not Available
European Journal Of Cancer Care,John Wiley and Sons Ltd,https://www.hindawi.com/journals/ejcc/?utm_source=google&utm_medium=cpc&utm_campaign=HDW_MRKT_GBL_SUB_ADWO_PAI_KEYW_JOUR_EJCC_GENEX&gclid=EAIaIQobChMI0-O3hri8_AIVRZlmAh2GSwpMEAAYASAAEgIcA_D_BwE,Not Available,Unknown,Q2,Indexed,Not Available
Therapeutic Advances In Respiratory Disease,SAGE Publishing,https://journals.sagepub.com/home/tar,"1753-4658, 1753-4666",Has APC (See https://journals.sagepub.com/author-instructions/tar),Q1,Indexed,15 weeks
Bmj Open Respiratory Research,BMJ Publishing Group,https://bmjopenrespres.bmj.com/,2052-4439,Has APC (See https://bmjopenrespres.bmj.com/pages/information-for-authors/#article_publishing_charges),Q1,Indexed,12 weeks
Journal Of Breath Research,IOP Publishing Ltd.,https://iopscience.iop.org/journal/1752-7163,Not Available,Unknown,Q2,Indexed,Not Available
Current Opinion In Rheumatology,Lippincott Williams and Wilkins,https://journals.lww.com/co-rheumatology/pages/default.aspx,Not Available,Unknown,Q1,Indexed,Not Available
Clinical And Experimental Rheumatology,Dove Medical Press,https://www.clinexprheumatol.org/,1179-156X,Has APC (See https://www.dovepress.com/journal_pricing_bands.php?journal_id=59),Q2,Indexed,Not Available
Lupus Science & Medicine,BMJ Publishing Group,https://lupus.bmj.com/,2053-8790,Has APC (See https://lupus.bmj.com/pages/authors/#article_publishing_charges),Not Available,Likely Indexed,Not Available
Clinical Reviews in Allergy & Immunology,"BioMed Central Allergy: European Journal of Allergy and Clinical ImmunologyE-ISSN: 13989995Publisher: Blackwell Publishing Inc. Allergy: European Journal of Allergy and Clinical Immunology, SupplementE-ISSN: Publisher: Blackwell Publishing Inc. CLINICAL REVIEWS IN ALLERGY & IMMUNOLOGYE-ISSN: 1559-0267Publisher: HUMANA PRESS INC Clinical",https://www.springer.com/journal/12016/how-to-publish-with-us#Fees%20and%20Funding,Not Available,Unknown,Not Available,Likely Indexed,Not Available
Andrology,Turkish Association of Urology,https://onlinelibrary.wiley.com/page/journal/20472927/homepage/fundedaccess.html,2980-1478,No APC (DOAJ),Q1,Indexed,Not Available
British Journal of Anaesthesia,Elsevier,https://www.elsevier.com/journals/british-journal-of-anaesthesia/0007-0912/open-access-options,2772-6096,Has APC (See https://www.sciencedirect.com/journal/bja-open/publish/open-access-options),Not Available,Not Available,Not Available
Journal of Clinical Anesthesia,Elsevier Inc.,https://www.elsevier.com/journals/journal-of-clinical-anesthesia/0952-8180/open-access-options,Not Available,Unknown,Q1,Indexed,Not Available
Anesthesiology,Ukranian Society of Regional Anaesthesia and Pain Medicine,https://shop.lww.com/Anesthesiology/p/0003-3022,"2414-3812, 2519-2752",No APC (DOAJ),Not Available,Not Available,Not Available
European Heart Journal,Wiley,https://academic.oup.com/eurheartj/subscribe,2055-5822,Has APC (See https://onlinelibrary.wiley.com/page/journal/20555822/homepage/article_publication_charges.htm),Q1,Indexed,Not Available
Aesthetic Surgery Journal,"Thieme Medical Publishers, Inc.",https://academic.oup.com/asj/subscribe,"2234-6163, 2234-6171",Has APC (See https://cdn0.scrvt.com/9ca5761af4a1cf7bf49dd51537e8f4d1/0cd2156449e6a3a5/bf08e18b76ea/Jan31_APC-list-price-for-2025.xlsx),Q1,Indexed,Not Available
Surgery,Ukranian Society of Regional Anaesthesia and Pain Medicine,https://www.elsevier.com/journals/surgery/0039-6060/open-access-options,"2414-3812, 2519-2752",No APC (DOAJ),Not Available,Likely Indexed,Not Available
Journal of the American College of Cardiology,Elsevier,https://www.elsevier.com/journals/journal-of-the-american-college-of-cardiology/0735-1097/open-access-options,2772-3747,Has APC (See https://www.sciencedirect.com/journal/jacc-asia/publish/open-access-options),Q1,Indexed,Not Available
BJS Open,Oxford University Press,https://academic.oup.com/bjsopen/pages/general-instructions#production,2474-9842,Has APC (See https://academic.oup.com/bjsopen/pages/General-Instructions),Q1,Indexed,20 weeks
Current Problems in Cardiology,Elsevier Inc.,https://www.elsevier.com/journals/current-problems-in-cardiology/0146-2806/open-access-options,Not Available,Unknown,Not Available,Indexed,Not Available
Cardiovascular Research,Wiley,https://academic.oup.com/cardiovascres/subscribe,"2090-6404, 2090-6412",Has APC (See https://onlinelibrary.wiley.com/page/journal/4208/homepage/open-access),Q1,Indexed,Not Available
Basic Research in Cardiology,Frontiers Media S.A.,https://www.springer.com/journal/395/how-to-publish-with-us#Fees%20and%20Funding,2674-0338,Has APC (See https://www.frontiersin.org/journals/drug-discovery/for-authors/publishing-fees),Q1,Indexed,Not Available
Progress in Cardiovascular Diseases,W.B. Saunders,https://www.elsevier.com/journals/progress-in-cardiovascular-diseases/0033-0620/open-access-options,Not Available,Unknown,Q1,Indexed,Not Available
European Journal of Preventive Cardiology,Oxford University Press,https://academic.oup.com/eurjpc/subscribe,Not Available,Unknown,Q1,Indexed,Not Available
Trends in Cardiovascular Medicine,Atatürk University,https://www.elsevier.com/journals/trends-in-cardiovascular-medicine/1050-1738/open-access-options,3062-3308,No APC (DOAJ),Q1,Indexed,Not Available
Atherosclerosis,«REMEDIUM GROUP» Ltd.,https://www.elsevier.com/journals/atherosclerosis/0021-9150/open-access-options,"2307-1109, 2658-5952",No APC (DOAJ),Q1,Indexed,Not Available
JAMA Cardiology,American Medical Association,https://jamanetwork.com/journals/jamacardiology/pages/instructions-for-authors,Not Available,Unknown,Q1,Indexed,Not Available
JAMA Neurology,American Medical Association,https://jamanetwork.com/journals/jamaneurology/pages/instructions-for-authors,Not Available,Unknown,Q1,Indexed,Not Available
Neurology,Cambridge University Press,https://www.neurology.org/open-access/neuro,"0924-9338, 1778-3585",Has APC (See https://www.cambridge.org/core/journals/european-psychiatry/information/author-instructions/fees-and-pricing),Q1,Indexed,Not Available
Stroke and Vascular Neurology,BMJ Publishing Group,https://svn.bmj.com/pages/authors/#article_processing_charges,"2059-8688, 2059-8696",Has APC (See https://svn.bmj.com/pages/authors/#article_processing_charges),Q1,Indexed,15 weeks
Translational Stroke Research,Springer,https://www.springer.com/journal/12975/how-to-publish-with-us#Fees%20and%20Funding,Not Available,Unknown,Q1,Indexed,Not Available
Journal of Neurology,Springer Science and Business Media Deutschland GmbH,https://www.springer.com/journal/415/how-to-publish-with-us#Fees%20and%20Funding,Not Available,Unknown,Q1,Indexed,Not Available
Journal of Affective Disorders,Elsevier B.V.,https://www.elsevier.com/journals/journal-of-affective-disorders/0165-0327/open-access-options,Not Available,Unknown,Q1,Indexed,Not Available
CNS Drugs,"ISSN: 11791934, 11727047 Journal Scope: Medicine",https://www.springer.com/journal/40263/how-to-publish-with-us#Fees%20and%20Funding,Not Available,Unknown,Q1,Indexed,Not Available
SLEEP,Elsevier,https://academic.oup.com/sleep/pages/General_Instructions#OpenAccess,2949-7892,Has APC (See https://www.sciencedirect.com/journal/chest-pulmonary/publish/open-access-options),Q1,Indexed,Not Available
Current Neurology and Neuroscience Reports,Current Medicine Group,https://www.springer.com/journal/11910/how-to-publish-with-us#Fees%20and%20Funding,Not Available,Unknown,Q1,Indexed,Not Available
Journal of Neurosurgery,Shahid Beheshti University of Medical Sciences,https://thejns.org/page/journal-of-neurosurgery-information-for-authors,"2383-1871, 2383-2096",No APC (DOAJ),Q1,Indexed,Not Available
Neurorehabilitation and Neural Repair,SAGE Publications Inc.,https://journals.sagepub.com/author-instructions/NNR,Not Available,Unknown,Q1,Indexed,Not Available
Parkinsonism & Related Disorders,Elsevier,https://www.elsevier.com/journals/parkinsonism-and-related-disorders/1353-8020/open-access-options,2590-1125,Has APC (See https://www.sciencedirect.com/journal/clinical-parkinsonism-and-related-disorders/publish/open-access-options),Not Available,Likely Indexed,Not Available
Epilepsia,Wiley,https://onlinelibrary.wiley.com/page/journal/15281167/homepage/fundedaccess.html,2470-9239,Has APC (See https://onlinelibrary.wiley.com/journal/h/page/journal/24709239/homepage/article_publication_charges.htm),Q1,Indexed,Not Available
Neuropathology and Applied Neurobiology,Wiley-Blackwell Publishing Ltd,https://onlinelibrary.wiley.com/page/journal/13652990/homepage/fundedaccess.html,Not Available,Unknown,Q1,Indexed,Not Available
Bipolar Disorders,Elsevier,https://onlinelibrary.wiley.com/page/journal/13995618/homepage/fundedaccess.html,2950-0044,Has APC (See https://www.elsevier.com/journals/journal-of-mood-and-anxiety-disorders/2950-0044/open-access-information),Q1,Indexed,Not Available
Headache,Shahid Beheshti University of Medical Sciences,https://headachejournal.onlinelibrary.wiley.com/hub/journal/15264610/fundedaccess.html,"2383-1871, 2383-2096",No APC (DOAJ),Q1,Indexed,Not Available
European Journal of Neurology,Cambridge University Press,https://onlinelibrary.wiley.com/page/journal/14681331/homepage/fundedaccess.html,"0924-9338, 1778-3585",Has APC (See https://www.cambridge.org/core/journals/european-psychiatry/information/author-instructions/fees-and-pricing),Q1,Indexed,Not Available
CHEST,Elsevier,https://www.elsevier.com/journals/chest/0012-3692/open-access-options,2949-7892,Has APC (See https://www.sciencedirect.com/journal/chest-pulmonary/publish/open-access-options),Q1,Indexed,Not Available
Resuscitation,Elsevier,https://www.elsevier.com/journals/resuscitation/0300-9572/open-access-options,2352-6440,Has APC (See https://www.sciencedirect.com/journal/trauma-case-reports/publish/open-access-options),Q1,Indexed,Not Available
Journal of the American Academy of Dermatology,Elsevier,https://www.elsevier.com/journals/journal-of-the-american-academy-of-dermatology/0190-9622/open-access-options,2950-1989,Has APC (See https://www.sciencedirect.com/journal/jaad-reviews/publish/open-access-options),Q1,Indexed,Not Available
JAMA Dermatology,American Medical Association,https://jamanetwork.com/journals/jamadermatology/pages/instructions-for-authors,Not Available,Unknown,Q1,Indexed,Not Available
American Journal of Clinical Dermatology,"ISSN: 11791888, 11750561 Journal Scope: Medicine",https://www.springer.com/journal/40257/how-to-publish-with-us#Fees%20and%20Funding,Not Available,Unknown,Q1,Indexed,Not Available
Journal of Dermatological Science,Elsevier Ireland Ltd,https://www.elsevier.com/journals/journal-of-dermatological-science/0923-1811/open-access-options,Not Available,Unknown,Q1,Indexed,Not Available
Dermatologic Clinics,W.B. Saunders,https://www.journals.elsevier.com/dermatologic-clinics,Not Available,Unknown,Q1,Indexed,Not Available
Annals of Emergency Medicine,Elsevier Inc.,https://www.elsevier.com/journals/annals-of-emergency-medicine/0196-0644/open-access-options,Not Available,Unknown,Q1,Indexed,Not Available
Cell Metabolism,Taylor & Francis Group,https://www.cell.com/cell-metabolism/subscribe,"2162-3945, 2162-397X",Has APC (See https://www.tandfonline.com/action/authorSubmission?journalCode=KADI&page=instructions),Q1,Indexed,Not Available
Endocrine Reviews,The Endocrine Society,https://academic.oup.com/edrv/pages/Author_Guidelines#charges,Not Available,Unknown,Q1,Indexed,Not Available
Nature Metabolism,Nature Portfolio,https://www.nature.com/natmetab/submission-guidelines/publishing-options,2948-2828,Has APC (See https://www.nature.com/npjmetabhealth/open-access),Q1,Indexed,Not Available
Frontiers in Neuroendocrinology,Academic Press Inc.,https://www.elsevier.com/journals/frontiers-in-neuroendocrinology/0091-3022/open-access-options,Not Available,Unknown,Q1,Indexed,Not Available
Diabetes & Metabolism,Nature Portfolio,https://www.elsevier.com/journals/diabetes-and-metabolism/1262-3636/open-access-options,2948-2828,Has APC (See https://www.nature.com/npjmetabhealth/open-access),Not Available,Likely Indexed,Not Available
Diabetes Research and Clinical Practice,Society of Endocrinology and Metabolism of Turkey,https://www.elsevier.com/journals/diabetes-research-and-clinical-practice/0168-8227/open-access-options,2822-6135,No APC (DOAJ),Q1,Indexed,Not Available
Free Radical Biology & Medicine,Elsevier,https://www.elsevier.com/journals/free-radical-biology-and-medicine/0891-5849/open-access-options,2213-2317,Has APC (See https://www.sciencedirect.com/journal/redox-biology/publish/open-access-options),Not Available,Likely Indexed,Not Available
European Journal of Endocrinology,Bioscientifica,https://eje.bioscientifica.com/page/charges,2235-0802,Has APC (See https://etj.bioscientifica.com/page/charges/publication-charges),Q1,Indexed,Not Available
Antioxidants & Redox Signaling,Elsevier,https://home.liebertpub.com/publications/antioxidants-and-redox-signaling/4/for-authors#openaccess,2667-1379,Has APC (See https://www.sciencedirect.com/journal/advances-in-redox-research/publish/open-access-options),Not Available,Likely Indexed,Not Available
Diabetes Technology & Therapeutics,"MARY ANN LIEBERT, INC Diabetes Technology and TherapeuticsE-ISSN: Publisher: Mary Ann Liebert Inc. Diabetes Technology & TherapeuticsE-ISSN: 1557-8593Publisher: Mary Ann Liebert, Inc. Pharmacology and Therapeutics Part C Clinical Pharmacology and TherapeuticsE-ISSN: Publisher: Pergamon Press Ltd. Clinical Diabetes : A Publication of the American Diabetes AssociationE-ISSN: 1945-4953Publisher: American Diabetes Association Diabetes Spectrum : A Publication of the American Diabetes AssociationE-ISSN: 1944-7353Publisher: American Diabetes Association JOURNAL OF DIABETES SCIENCE AND TECHNOLOGYE-ISSN: 1932-2968Publisher: SAGE PUBLICATIONS INC Journal of Diabetes Science and TechnologyE-ISSN: 19322968Publisher: Diabetes Technology Society Journal of Diabetes Science and TechnologyE-ISSN: 1932-2968Publisher: Diabetes Technology Society ACUPUNCTURE & ELECTRO-THERAPEUTICS RESEARCHE-ISSN: 2167-9010Publisher: COGNIZANT COMMUNICATION CORP ADVANCED THERAPEUTICSE-ISSN: 2366-3987Publisher: WILEY ALIMENTARY PHARMACOLOGY & THERAPEUTICSE-ISSN: 1365-2036Publisher: WILEY AMERICAN JOURNAL OF THERAPEUTICSE-ISSN: 1536-3686Publisher: LIPPINCOTT WILLIAMS & WILKINS BIOMOLECULES & THERAPEUTICSE-ISSN: 2005-4483Publisher: KOREAN SOC APPLIED PHARMACOLOGY CARDIOVASCULAR THERAPEUTICSE-ISSN: 1755-5922Publisher: WILEY-HINDAWINot getting the journal you are searching for? So it most likely not indexed in Scopus, WOS, PubMed, DOAJ, UGC CARE. You might also try: Enter the correct title.Check the spelling of the wordsMake sure you have added spaces between words",https://home.liebertpub.com/publications/diabetes-technology-and-therapeutics/11/for-authors#costs,Not Available,Unknown,Not Available,Likely Indexed,Not Available
Gut,Wiley,https://gut.bmj.com/pages/authors/#article_publishing_charges,2755-1652,No APC (DOAJ),Q1,Indexed,Not Available
Journal of Hepatology,BMJ Publishing Group,https://www.elsevier.com/journals/journal-of-hepatology/0168-8278/open-access-options,"2766-0125, 2976-7296",No APC (DOAJ),Q1,Indexed,Not Available
Gastrointestinal Endoscopy,Georg Thieme Verlag KG,https://www.elsevier.com/journals/gastrointestinal-endoscopy/0016-5107/open-access-options,"2364-3722, 2196-9736",Has APC (See https://cdn0.scrvt.com/9ca5761af4a1cf7bf49dd51537e8f4d1/0cd2156449e6a3a5/bf08e18b76ea/Jan31_APC-list-price-for-2025.xlsx),Q1,Indexed,Not Available
Hepatology International,Wiley,https://www.springer.com/journal/12072/how-to-publish-with-us#Fees%20and%20Funding,"2090-3448, 2090-3456",Has APC (See https://onlinelibrary.wiley.com/page/journal/8282/homepage/open-access),Q1,Indexed,Not Available
Ageing Research Reviews,Elsevier Ireland Ltd,https://www.elsevier.com/journals/ageing-research-reviews/1568-1637/open-access-options,Not Available,Unknown,Q1,Indexed,Not Available
Journal of the American Medical Directors Association,Elsevier Inc.,https://www.elsevier.com/journals/journal-of-the-american-medical-directors-association/1525-8610/open-access-options,Not Available,Unknown,Q1,Indexed,Not Available
GeroScience,SSFIMT,https://www.springer.com/journal/11357/how-to-publish-with-us#Fees%20and%20Funding,"2686-8636, 2686-8709",No APC (DOAJ),Q1,Indexed,Not Available
Circulation Research,Wiley,https://www.ahajournals.org/journal/res,2051-3380,Has APC (See https://onlinelibrary.wiley.com/page/journal/20513380/homepage/article_publication_charges_and_discounts.htm),Q1,Indexed,Not Available
Blood Reviews,Churchill Livingstone,https://www.elsevier.com/journals/blood-reviews/0268-960x/open-access-options,Not Available,Unknown,Q1,Indexed,Not Available
Thrombosis Research,SAGE Publishing,https://www.elsevier.com/journals/thrombosis-research/0049-3848/open-access-options,"1479-1641, 1752-8984",Has APC (See https://journals.sagepub.com/author-instructions/DVR),Q2,Indexed,Not Available
Transfusion Medicine Reviews,W.B. Saunders,https://www.elsevier.com/journals/transfusion-medicine-reviews/0887-7963/open-access-options,Not Available,Unknown,Q2,Indexed,Not Available
Annual Review of Immunology,Annual,https://www.annualreviews.org/page/subscriptions/general-information,Not Available,Unknown,Q1,Indexed,Not Available
Nature Immunology,Nature Publishing Group,https://www.nature.com/ni/submission-guidelines/publishing-options,2044-5385,Has APC (See https://www.nature.com/bcj/open-access),Q1,Indexed,Not Available
Science Immunology,Springer,https://www.science.org/content/page/open-access-aaas,1420-9071,Has APC (See https://link.springer.com/journal/18/how-to-publish-with-us),Q1,Indexed,Not Available
Cellular & Molecular Immunology,Springer,https://www.nature.com/cmi/open-access#fees,1420-9071,Has APC (See https://link.springer.com/journal/18/how-to-publish-with-us),Not Available,Likely Indexed,Not Available
"Brain, Behavior, and Immunity",Elsevier,https://www.elsevier.com/journals/brain-behavior-and-immunity/0889-1591/open-access-options,2949-8341,Has APC (See https://www.sciencedirect.com/journal/brain-behavior-and-immunity-integrative/publish/open-access-options),Not Available,Not Available,Not Available
Autoimmunity Reviews,Elsevier B.V.,https://www.elsevier.com/journals/autoimmunity-reviews/1568-9972/open-access-options,Not Available,Unknown,Q1,Indexed,Not Available
Emerging Infectious Diseases,Taylor & Francis Group,https://wwwnc.cdc.gov/eid/,2222-1751,Free (MU Directory),Q1,Indexed,8 weeks
Journal of Autoimmunity,St. Petersburg branch of the Russian Association of Allergologists and Clinical Immunologists,https://www.elsevier.com/journals/journal-of-autoimmunity/0896-8411/open-access-options,"1563-0625, 2313-741X",No APC (DOAJ),Q1,Indexed,Not Available
Cancer Immunology Research,Elsevier,https://aacrjournals.org/pages/ifora,2666-6790,Has APC (See https://www.elsevier.com/journals/tumour-virus-research/2666-6790/open-access-journal),Q1,Indexed,Not Available
Seminars in Immunopathology,Springer Science and Business Media Deutschland GmbH,https://www.springer.com/journal/281/how-to-publish-with-us,Not Available,Unknown,Q1,Indexed,Not Available
Exercise Immunology Review,Human Kinetics Publishers Inc.,https://pubmed.ncbi.nlm.nih.gov/19957869/,Not Available,Unknown,Q1,Indexed,Not Available
Mucosal Immunology,Elsevier B.V.,https://www.nature.com/mi/open-access#publishing-open-access,Not Available,Unknown,Q1,Indexed,Not Available
Journal of Clinical Immunology,Elsevier,https://www.springer.com/journal/10875/how-to-publish-with-us,1939-4551,Has APC (See https://www.sciencedirect.com/journal/world-allergy-organization-journal/publish/open-access-options),Q1,Indexed,Not Available
Advances in Immunology,MDPI AG,https://www.sciencedirect.com/bookseries/advances-in-immunology,"2451-4934, 2543-6031",Has APC (See https://www.mdpi.com/journal/arm/apc),Q1,Indexed,Not Available
Journal of Travel Medicine,International Travel Medicine Center of Iran,https://academic.oup.com/jtm/subscribe,"2322-1100, 2476-5759",No APC (DOAJ),Q1,Indexed,Not Available
International Journal of Antimicrobial Agents,Elsevier B.V.,https://www.elsevier.com/journals/international-journal-of-antimicrobial-agents/0924-8579/open-access-options,Not Available,Unknown,Q1,Indexed,Not Available
Infection,Elsevier,https://www.springer.com/journal/15010/how-to-publish-with-us#Fees%20and%20Funding,"1876-0341, 1876-035X",Has APC (See https://www.sciencedirect.com/journal/journal-of-infection-and-public-health/publish/open-access-options),Q1,Indexed,Not Available
International Journal of Hygiene and Environmental Health,Elsevier GmbH,https://www.elsevier.com/journals/international-journal-of-hygiene-and-environmental-health/1438-4639/open-access-options,Not Available,Unknown,Q1,Indexed,Not Available
Annals of Internal Medicine,SpringerOpen,https://www.acpjournals.org/pb-assets/pdf/AnnalsAuthorInfo-1668720506147.pdf,2110-5820,Has APC (See https://annalsofintensivecare.springeropen.com/about),Q1,Indexed,Not Available
Military Medical Research,BMC,https://mmrjournal.biomedcentral.com/submission-guidelines/fees-and-funding,2054-9369,No APC (DOAJ),Q1,Indexed,8 weeks
Journal of the Royal Society of Medicine,The Royal Society of Chemistry,https://journals.sagepub.com/author-instructions/JRS,2976-8713,No APC (DOAJ),Q1,Indexed,Not Available
JAMA Network Open,JAMA Network,https://store.jamanetwork.com/index.aspx,2689-0186,Has APC (See https://jamanetwork.com/journals/jama-health-forum/pages/open-access-policies),Q1,Indexed,16 weeks
Mayo Clinic Proceedings,Elsevier,https://www.sciencedirect.com/journal/mayo-clinic-proceedings,2949-7612,Has APC (See https://www.sciencedirect.com/journal/mayo-clinic-proceedings-digital-health/publish/open-access-options),Q1,Indexed,Not Available
European Journal of Internal Medicine,Cambridge University Press,https://www.elsevier.com/journals/european-journal-of-internal-medicine/0953-6205/open-access-options,"0924-9338, 1778-3585",Has APC (See https://www.cambridge.org/core/journals/european-psychiatry/information/author-instructions/fees-and-pricing),Q1,Indexed,Not Available
American Journal of Preventive Medicine,Elsevier,https://www.elsevier.com/journals/american-journal-of-preventive-medicine/0749-3797/open-access-options,2772-3747,Has APC (See https://www.sciencedirect.com/journal/jacc-asia/publish/open-access-options),Q1,Indexed,Not Available
Cleveland Clinic Journal of Medicine,Cleveland Clinic Educational Foundation,https://www.ccjm.org/,Not Available,Unknown,Q2,Indexed,Not Available
Journal of General Internal Medicine,BMC,https://www.springer.com/journal/11606/how-to-publish-with-us#Fees%20and%20Funding,1755-8794,Has APC (See https://bmcmedgenomics.biomedcentral.com/about),Q1,Indexed,Not Available
Journal of Evidence-Based Medicine,Zanjan University of Medical Sciences and Health Services,https://onlinelibrary.wiley.com/page/journal/17565391/homepage/fundedaccess.html,"2251-9521, 2980-7670",No APC (DOAJ),Q1,Indexed,Not Available
Chinese Medical Journal,Elsevier,https://edmgr.ovid.com/cmj/accounts/ifauth.htm,2666-5557,Free (MU Directory),Q1,Indexed,17 weeks
British Medical Bulletin,Oxford University Press,https://academic.oup.com/bmb/subscribe,Not Available,Unknown,Q1,Indexed,Not Available
Journal of Urban Health : Bulletin of the New York Academy of Medicine,Not Available,https://www.springer.com/journal/11524/how-to-publish-with-us#Fees%20and%20Funding,Not Available,Unknown,Not Available,Not Available,Not Available
European Journal of Clinical Investigation,John Wiley and Sons Inc,https://onlinelibrary.wiley.com/page/journal/13652362/homepage/forauthors.html,Not Available,Unknown,Q1,Indexed,Not Available
Annals of Family Medicine,"Annals of Family Medicine, Inc",https://www.annfammed.org/content/information-authors,Not Available,Unknown,Q1,Indexed,Not Available
BMJ Evidence-Based Medicine,BMJ Publishing Group,https://ebm.bmj.com/pages/authors/,Not Available,Unknown,Q1,Indexed,Not Available
Panminerva Medica,Edizioni Minerva Medica,https://www.minervamedica.it/en/journals/panminerva-medica/publishing_options.php,Not Available,Unknown,Q3,Indexed,Not Available
Nature Human Behaviour,Nature Publishing Group,https://www.nature.com/nathumbehav/submission-guidelines/publishing-options,Not Available,Unknown,Q1,Indexed,Not Available
Human Reproduction Update,Oxford University Press,https://academic.oup.com/humupd/subscribe,Not Available,Unknown,Q1,Indexed,Not Available
American Journal of Obstetrics & Gynecology MFM,"ELSEVIER American Journal of Obstetrics and Gynecology MFME-ISSN: 25899333Publisher: Elsevier B.V. AMERICAN JOURNAL OF OBSTETRICS AND GYNECOLOGYE-ISSN: 1097-6868Publisher: MOSBY-ELSEVIER American Journal of Diagnostic Gynecology and ObstetricsE-ISSN: Publisher: Masson Publishing American Journal of Obstetrics and GynecologyE-ISSN: 10976868Publisher: Mosby Inc. EUROPEAN JOURNAL OF OBSTETRICS & GYNECOLOGY AND REPRODUCTIVE BIOLOGYE-ISSN: 1872-7654Publisher: ELSEVIER INTERNATIONAL JOURNAL OF GYNECOLOGY & OBSTETRICSE-ISSN: 1879-3479Publisher: WILEY JOURNAL OF GYNECOLOGY OBSTETRICS AND HUMAN REPRODUCTIONE-ISSN: 1773-0430Publisher: ELSEVIER MASSON, CORPORATION OFFICE JOURNAL OF PSYCHOSOMATIC OBSTETRICS & GYNECOLOGYE-ISSN: 1743-8942Publisher: TAYLOR & FRANCIS LTD TAIWANESE JOURNAL OF OBSTETRICS & GYNECOLOGYE-ISSN: 1875-6263Publisher: ELSEVIER TAIWAN JOURNAL OF PSYCHOSOMATIC OBSTETRICS & GYNECOLOGYE-ISSN: 1743-8942Publisher: TAYLOR & FRANCIS LTD JOURNAL OF CLINICAL OBSTETRICS AND GYNECOLOGYE-ISSN: 2619-9467Publisher: TURKIYE KLINIKLERI JOURNAL OF OBSTETRICS AND GYNECOLOGY OF INDIAE-ISSN: 0975-6434Publisher: SPRINGER INDIA TURKISH JOURNAL OF OBSTETRICS AND GYNECOLOGYE-ISSN: 2149-9330Publisher: GALENOS PUBL HOUSE Taiwanese Journal of Obstetrics & GynecologyE-ISSN: Publisher: ElsevierNot getting the journal you are searching for? So it most likely not indexed in Scopus, WOS, PubMed, DOAJ, UGC CARE. You might also try: Enter the correct title.Check the spelling of the wordsMake sure you have added spaces between words",https://www.elsevier.com/journals/american-journal-of-obstetrics-and-gynecology-mfm/2589-9333/open-access-options,Not Available,Unknown,Not Available,Likely Indexed,Not Available
Fertility and Sterility,"Royan Institute (ACECR), Tehran",https://www.elsevier.com/journals/fertility-and-sterility/0015-0282/open-access-options,"2008-076X, 2008-0778",Has APC (See http://www.ijfs.ir/page_103.html),Q1,Indexed,Not Available
Reproductive BioMedicine Online,Elsevier Ltd,https://www.elsevier.com/journals/reproductive-biomedicine-online/1472-6483/open-access-options,Not Available,Unknown,Q1,Indexed,Not Available
Molecular Human Reproduction,Oxford University Press,https://academic.oup.com/molehr/subscribe,Not Available,Unknown,Q1,Indexed,Not Available
Journal of Minimally Invasive Gynecology,Elsevier B.V.,https://www.elsevier.com/journals/the-journal-of-minimally-invasive-gynecology/1553-4650/open-access-options,Not Available,Unknown,Q2,Indexed,Not Available
Obstetrics and Gynecology,Sociedad Materno Fetal,https://shop.lww.com/Obstetrics---Gynecology/p/0029-7844,2519-9994,No APC (DOAJ),Q1,Indexed,Not Available
Cancer Cell,JMIR Publications,https://www.cell.com/cancer-cell/authors,2819-2044,Has APC (See https://xbio.jmir.org/about-journal/article-processing-fees),Q1,Indexed,Not Available
Cancer Discovery,Nature Publishing Group,https://aacrjournals.org/cancerdiscovery,2058-7716,Has APC (See https://www.nature.com/cddiscovery/open-access),Q1,Indexed,Not Available
JAMA Oncology,American Medical Association,https://jamanetwork.com/journals/jamaoncology/pages/instructions-for-authors,Not Available,Unknown,Q1,Indexed,Not Available
Nature Cancer,Springer Nature,https://www.nature.com/natcancer/our-publishing-models,2791-3937,No APC (DOAJ),Q1,Indexed,Not Available
Trends in Cancer,Cell Press,https://www.elsevier.com/journals/trends-in-cancer/2405-8033/subscribe?subscriptiontype=personal&dgcid=SD_ecom_referral_journals,Not Available,Unknown,Q1,Indexed,Not Available
Seminars in Cancer Biology,Academic Press,https://www.elsevier.com/journals/seminars-in-cancer-biology/1044-579x/open-access-options,Not Available,Unknown,Q1,Indexed,Not Available
Cancer Treatment Reviews,W.B. Saunders Ltd,https://www.elsevier.com/journals/cancer-treatment-reviews/0305-7372/open-access-options,Not Available,Unknown,Q1,Indexed,Not Available
Cancer Research,Shahid Beheshti University of Medical Sciences,https://aacrjournals.org/cancerres,"2383-1871, 2383-2096",No APC (DOAJ),Q1,Indexed,Not Available
Neuro-Oncology,Pan Arab Society of Neurosurgery,https://academic.oup.com/neuro-oncology/subscribe,"1319-6995, 2735-4482",Has APC (See https://pajn.journals.ekb.eg/journal/authors.note),Q1,Indexed,Not Available
Frontiers of Medicine,Frontiers Media S.A.,https://www.springer.com/journal/11684/how-to-publish-with-us#Fees%20and%20Funding,2296-2565,Has APC (See https://www.frontiersin.org/journals/public-health/for-authors/publishing-fees),Q1,Indexed,Not Available
Cancer Letters,BMC,https://www.elsevier.com/journals/cancer-letters/0304-3835/open-access-options,"1425-8153, 1689-1392",Has APC (See https://cmbl.biomedcentral.com/about),Q1,Indexed,Not Available
Oncogene,Springer Nature,https://www.nature.com/onc/open-access#fees,Not Available,Unknown,Q1,Indexed,Not Available
European Urology Oncology,Elsevier,https://www.elsevier.com/journals/european-urology-focus/2588-9311/open-access-options,2666-1683,Has APC (See https://www.sciencedirect.com/journal/european-urology-open-science/publish/open-access-options),Q1,Indexed,Not Available
International Journal of Cancer,Shahid Beheshti University of Medical Sciences,https://onlinelibrary.wiley.com/page/journal/10970215/homepage/fundedaccess.html,"2383-1871, 2383-2096",No APC (DOAJ),Q1,Indexed,Not Available
British Journal of Cancer,BMC,https://www.nature.com/bjc/open-access#fees,1756-9966,Has APC (See https://jeccr.biomedcentral.com/about),Q1,Indexed,Not Available
Leukemia,Springer Nature,https://www.nature.com/leu/open-access#fees,"2287-979X, 2288-0011",Has APC (See https://link.springer.com/journal/44313/how-to-publish-with-us#Fees%20and%20funding),Q1,Indexed,Not Available
Progress in Retinal and Eye Research,Elsevier Ltd,https://www.elsevier.com/journals/progress-in-retinal-and-eye-research/1350-9462/open-access-options,Not Available,Unknown,Q1,Indexed,Not Available
Ophthalmology,Elsevier,https://www.elsevier.com/journals/ophthalmology/0161-6420/open-access-options,2162-0989,Has APC (See https://www.sciencedirect.com/journal/asia-pacific-journal-of-ophthalmology/publish/open-access-options),Q1,Indexed,Not Available
JAMA Ophthalmology,American Medical Association,https://jamanetwork.com/journals/jamaophthalmology/pages/instructions-for-authors,Not Available,Unknown,Q1,Indexed,Not Available
Annual Review of Vision Science,Annual,https://www.annualreviews.org/page/subscriptions/general-information,Not Available,Unknown,Q1,Indexed,Not Available
Survey of Ophthalmology,Elsevier Inc.,https://www.elsevier.com/journals/survey-of-ophthalmology/0039-6257/open-access-options,Not Available,Unknown,Q1,Indexed,Not Available
American Journal of Ophthalmology,Elsevier,https://www.elsevier.com/journals/american-journal-of-ophthalmology/0002-9394/open-access-options,2451-9936,Has APC (See https://www.sciencedirect.com/journal/american-journal-of-ophthalmology-case-reports/publish/open-access-options),Q1,Indexed,Not Available
Current Opinion in Ophthalmology,Lippincott Williams and Wilkins Ltd.,https://journals.lww.com/co-ophthalmology/_layouts/15/1033/oaks.journals/subscriptionservices.aspx,Not Available,Unknown,Q1,Indexed,Not Available
Journal of Physiotherapy,Asociación Civil Científica de Difusión y Promoción de la Kinesiología,https://www.elsevier.com/journals/journal-of-physiotherapy/1836-9553/open-access-journal,2618-4095,No APC (DOAJ),Q1,Indexed,6 weeks
Osteoarthritis and Cartilage,Elsevier,https://www.elsevier.com/journals/osteoarthritis-and-cartilage/1063-4584/open-access-options,2665-9131,Has APC (See https://www.sciencedirect.com/journal/osteoarthritis-and-cartilage-open/publish/open-access-options),Q1,Indexed,Not Available
Brazilian Journal of Physical Therapy,Revista Brasileira de Fisioterapia,https://www.elsevier.com/journals/brazilian-journal-of-physical-therapy/1413-3555/open-access-options,Not Available,Unknown,Q1,Indexed,Not Available
Clinical Orthopaedics and Related Research,"ISSN: 15281132, 0009921X Journal Scope: Health Professions; Medicine",http://surl.li/cqysk,Not Available,Unknown,Q1,Indexed,Not Available
Rhinology,Frontiers Media S.A.,https://www.rhinologyjournal.com/Subscriptions.php,2673-6101,Has APC (See https://www.frontiersin.org/journals/allergy/for-authors/publishing-fees),Q1,Indexed,Not Available
International Forum of Allergy & Rhinology,"WILEY International Forum of Allergy and RhinologyE-ISSN: 20426984Publisher: Wiley-Blackwell AMERICAN JOURNAL OF RHINOLOGY & ALLERGYE-ISSN: 1945-8932Publisher: SAGE PUBLICATIONS INC THERAPEUTIC ADVANCES IN ALLERGY AND RHINOLOGYE-ISSN: 2753-4030Publisher: SAGE PUBLICATIONS INC Allergy & RhinologyE-ISSN: 2152-6567Publisher: SAGE Publishing European Journal of Rhinology and AllergyE-ISSN: 2636-8072Publisher: AVES Allergy and RhinologyE-ISSN: 21526567Publisher: SAGE Publications Ltd American Journal of Rhinology & AllergyE-ISSN: 19458932Publisher: Oceanside Publications, Inc. Allergy & RhinologyE-ISSN: 2152-6567Publisher: SAGE Publications American Journal of Rhinology & AllergyE-ISSN: 1945-8932Publisher: SAGE Publications Allergy: European Journal of Allergy and Clinical ImmunologyE-ISSN: 13989995Publisher: Blackwell Publishing Inc. Allergy: European Journal of Allergy and Clinical Immunology, SupplementE-ISSN: Publisher: Blackwell Publishing Inc. Allergy, Asthma, and Clinical Immunology : Official Journal of the Canadian Society of Allergy and Clinical ImmunologyE-ISSN: 1710-1492Publisher: BioMed Central Swiss Medical Forum = Schweizerisches Medizin-ForumE-ISSN: 1424-4020Publisher: EMH Swiss Medical Publishers Ltd. Swiss Medical Forum = Forum Médical SuisseE-ISSN: 1661-6146Publisher: EMH Swiss Medical Publishers Ltd.Not getting the journal you are searching for? So it most likely not indexed in Scopus, WOS, PubMed, DOAJ, UGC CARE. You might also try: Enter the correct title.Check the spelling of the wordsMake sure you have added spaces between words",https://onlinelibrary.wiley.com/page/journal/20426984/homepage/fundedaccess.html,Not Available,Unknown,Not Available,Likely Indexed,Not Available
Hearing Research,Wolters Kluwer Medknow Publications,https://www.elsevier.com/journals/hearing-research/0378-5955/open-access-options,"1463-1741, 1998-4030",Has APC (See https://journals.lww.com/nohe/Pages/informationforauthors.aspx),Q2,Indexed,Not Available
Ear and Hearing,Wolters Kluwer Health - Lippincott Williams Wilkins,https://journals.lww.com/ear-hearing/_layouts/15/1033/oaks.journals/subscriptionservices.aspx,2766-3604,Has APC (See https://edmgr.ovid.com/ono/accounts/ifauth.htm),Q1,Indexed,Not Available
Acta Neuropathologica,BMC,https://www.springer.com/journal/401/how-to-publish-with-us#Fees%20and%20Funding,2051-5960,Has APC (See https://actaneurocomms.biomedcentral.com/about),Q1,Indexed,Not Available
Archives of Pathology & Laboratory Medicine,"COLL AMER PATHOLOGISTS Archives of Pathology and Laboratory MedicineE-ISSN: Publisher: Taylor and Francis Ltd. PATHOLOGY AND LABORATORY MEDICINE INTERNATIONALE-ISSN: 1179-2698Publisher: DOVE MEDICAL PRESS LTD Pathology and Laboratory Medicine InternationalE-ISSN: 1179-2698Publisher: Dove Medical Press Pediatric Pathology and Laboratory MedicineE-ISSN: Publisher: Taylor & Francis Advances in clinical pathology : the official journal of Adriatic Society of PathologyE-ISSN: Publisher: Forum Societa Editrice Universitaria Udinese srl Journal of Clinical Pathology - Clinical Molecular PathologyE-ISSN: Publisher: BMJ Publishing Group Journal of Clinical Pathology - Clinical Molecular PathologyE-ISSN: Publisher: BMJ Publishing Group Virchows Archiv B Cell Pathology Including Molecular PathologyE-ISSN: Publisher: Springer Verlag Analytical Cellular Pathology : the Journal of the European Society for Analytical Cellular PathologyE-ISSN: 1878-3651Publisher: Hindawi Limited A.M.A. archives of pathologyE-ISSN: Publisher: American Medical Association Archives of pathologyE-ISSN: Publisher: American Medical Association Journal of Veterinary Medicine Series A: Physiology Pathology Clinical MedicineE-ISSN: 14390442Publisher: Blackwell Publishing Inc. ARCHIVES AND RECORDS-THE JOURNAL OF THE ARCHIVES AND RECORDS ASSOCIATIONE-ISSN: 2325-7989Publisher: ROUTLEDGE JOURNALS, TAYLOR & FRANCIS LTD International Archives of the History of Ideas/Archives Internationales d'Histoire des IdeesE-ISSN: 22150307Publisher: Springer NetherlandsNot getting the journal you are searching for? So it most likely not indexed in Scopus, WOS, PubMed, DOAJ, UGC CARE. You might also try: Enter the correct title.Check the spelling of the wordsMake sure you have added spaces between words",https://meridian.allenpress.com/aplm/pages/Subscriptions,Not Available,Unknown,Not Available,Likely Indexed,Not Available
American Journal of Clinical Pathology,Oxford University Press,https://academic.oup.com/ajcp/pages/General_Instructions,Not Available,Unknown,Q1,Indexed,Not Available
Pathology,Golestan University of Medical Sciences,https://www.elsevier.com/journals/pathology/0031-3025/open-access-options,2538-4449,No APC (DOAJ),Q1,Indexed,Not Available
JAMA Psychiatry,American Medical Association,https://jamanetwork.com/journals/jamapsychiatry/pages/instructions-for-authors,Not Available,Unknown,Q1,Indexed,Not Available
Psychotherapy and Psychosomatics,S. Karger AG,https://www.karger.com/Journal/SubscriptionRates/223864,Not Available,Unknown,Q1,Indexed,Not Available
Asian Journal of Psychiatry,Western Sydney University,https://www.elsevier.com/journals/asian-journal-of-psychiatry/1876-2018/open-access-options,2652-9459,No APC (DOAJ),Q1,Indexed,Not Available
Molecular Psychiatry,BMC,https://www.nature.com/mp/open-access,2040-2392,Has APC (See https://molecularautism.biomedcentral.com/about),Q1,Indexed,Not Available
Journal Of The American Academy Of Child And Adolescent Psychiatry,Elsevier,https://www.elsevier.com/journals/journal-of-the-american-academy-of-child-and-adolescent-psychiatry/0890-8567/open-access-options,2949-7329,Has APC (See https://www.sciencedirect.com/journal/jaacap-open/publish/open-access-options),Q1,Indexed,Not Available
Biological Psychiatry,Cambridge University Press,https://www.elsevier.com/journals/biological-psychiatry/0006-3223/open-access-options,"0924-9338, 1778-3585",Has APC (See https://www.cambridge.org/core/journals/european-psychiatry/information/author-instructions/fees-and-pricing),Q1,Indexed,Not Available
Neuropsychology,Elsevier,https://www.karger.com/Journal/SubscriptionRates/224082,2215-0013,Has APC (See https://www.sciencedirect.com/journal/schizophrenia-research-cognition/publish/open-access-options),Q1,Indexed,Not Available
Psychiatry and Clinical Neurosciences,Elsevier,https://onlinelibrary.wiley.com/page/journal/14401819/homepage/fundedaccess.html,2215-0013,Has APC (See https://www.sciencedirect.com/journal/schizophrenia-research-cognition/publish/open-access-options),Q1,Indexed,Not Available
Psychiatry Research,University of Mohaghegh Ardabili,https://www.elsevier.com/journals/psychiatry-research/0165-1781/open-access-options,"2783-3208, 2783-221X",No APC (DOAJ),Q1,Indexed,Not Available
Psychological Medicine,Cambridge University Press,https://www.cambridge.org/core/journals/psychological-medicine/information/journal-policies/open-access-options,"0924-9338, 1778-3585",Has APC (See https://www.cambridge.org/core/journals/european-psychiatry/information/author-instructions/fees-and-pricing),Q1,Indexed,Not Available
Current Psychiatry Reports,"Current Science, Inc.",https://www.springer.com/journal/11920/how-to-publish-with-us#Fees%20and%20Funding,Not Available,Unknown,Q1,Indexed,Not Available
Epidemiology and Psychiatric Sciences,Cambridge University Press,https://www.cambridge.org/core/journals/epidemiology-and-psychiatric-sciences/information/journal-policies/open-access-options,"2045-7960, 2045-7979",Has APC (See https://www.cambridge.org/core/journals/epidemiology-and-psychiatric-sciences/information/author-instructions/fees-and-pricing),Q1,Indexed,8 weeks
Journal of Behavioral Addictions,Akadémiai Kiadó,https://akjournals.com/page/OpenAccessModels/open-access-models,2063-5303,Has APC (See https://akademiai.com/pb-assets/kiado/jba/JBA_GuidelinesforAuthors_2018_September.pdf),Q1,Indexed,20 weeks
Schizophrenia Bulletin,Oxford University Press,https://academic.oup.com/schizophreniabulletin/subscribe,2632-7899,Has APC (See https://academic.oup.com/schizbullopen/pages/General_Instructions#Open%20Access),Q1,Indexed,Not Available
Revista de Psiquiatria y Salud Mental,"Ediciones Doyma, S.L.",https://www.elsevier.es/en-revista-revista-psiquiatria-salud-mental-486-open-access,Not Available,Unknown,Not Available,Indexed,Not Available
Journal of Sport and Health Science,Universitas Negeri Malang,https://www.elsevier.com/journals/journal-of-sport-and-health-science/2095-2546/open-access-journal,2986-8831,No APC (DOAJ),Q1,Indexed,22 weeks
Exercise and Sport Sciences Reviews,Lippincott Williams and Wilkins Ltd.,https://edmgr.ovid.com/essr/accounts/ifauth.htm,Not Available,Unknown,Q1,Indexed,Not Available
Scandinavian Journal of Medicine & Science in Sports,"WILEY Scandinavian Journal of Medicine and Science in SportsE-ISSN: 16000838Publisher: Blackwell Publishing Inc. Scandinavian Journal of Sports SciencesE-ISSN: Publisher: Finnish Society for Research in Sport and Physical Education JOURNAL OF SPORTS SCIENCE AND MEDICINEE-ISSN: 1303-2968Publisher: JOURNAL SPORTS SCIENCE & MEDICINE MONTENEGRIN JOURNAL OF SPORTS SCIENCE AND MEDICINEE-ISSN: 1800-8763Publisher: MONTENEGRIN SPORTS ACAD Journal of Sports Science and MedicineE-ISSN: Publisher: University of Uludag Montenegrin Journal of Sports Science and MedicineE-ISSN: 1800-8763Publisher: Montenegrin Sports Academy Journal of Sports Science and MedicineE-ISSN: Publisher: Dept. of Sports Medicine, Medical Faculty of Uludag University Montenegrin Journal of Sports Science and MedicineE-ISSN: 18008763Publisher: Montenegrin Sports Academy Journal of Sports Science & MedicineE-ISSN: 1303-2968Publisher: Dept. of Sports Medicine, Medical Faculty of Uludag University BMC SPORTS SCIENCE MEDICINE AND REHABILITATIONE-ISSN: 2052-1847Publisher: BMC MEDICINE & SCIENCE IN SPORTS & EXERCISEE-ISSN: 1530-0315Publisher: LIPPINCOTT WILLIAMS & WILKINS BMC Sports Science, Medicine and RehabilitationE-ISSN: 2052-1847Publisher: BMC Sports Medicine and Health ScienceE-ISSN: 2666-3376Publisher: KeAi Communications Co., Ltd. BMC Sports Science, Medicine and RehabilitationE-ISSN: 20521847Publisher: BioMed CentralNot getting the journal you are searching for? So it most likely not indexed in Scopus, WOS, PubMed, DOAJ, UGC CARE. You might also try: Enter the correct title.Check the spelling of the wordsMake sure you have added spaces between words",https://onlinelibrary.wiley.com/page/journal/16000838/homepage/fundedaccess.html,Not Available,Unknown,Not Available,Likely Indexed,Not Available
Journal of Science and Medicine in Sport,Termedia Publishing House,https://www.elsevier.com/journals/journal-of-science-and-medicine-in-sport/1440-2440/open-access-options,"0860-021X, 2083-1862",Has APC (See http://www.termedia.pl/Journal/Biology_of_Sport-78/For-authors),Q1,Indexed,Not Available
Journal of Strength and Conditioning Research,NSCA National Strength and Conditioning Association,https://edmgr.ovid.com/jscr/accounts/ifauth.htm,Not Available,Unknown,Q1,Indexed,Not Available
JAMA Surgery,American Medical Association,https://jamanetwork.com/journals/jamasurgery/pages/instructions-for-authors,Not Available,Unknown,Q1,Indexed,Not Available
Journal of The American College of Surgeons,Lippincott Williams and Wilkins,https://www.journals.elsevier.com/journal-of-the-american-college-of-surgeons,Not Available,Unknown,Q1,Indexed,Not Available
Journal of Vascular Surgery,Elsevier,https://www.elsevier.com/journals/journal-of-vascular-surgery/0741-5214/open-access-options,2666-688X,Has APC (See https://www.sciencedirect.com/journal/ejves-vascular-forum/publish/open-access-options),Q1,Indexed,Not Available
European Urology,European Medical Journal,https://www.elsevier.com/journals/european-urology/0302-2838/open-access-options,2053-4248,Free (MU Directory),Q1,Indexed,Not Available
Kidney International,Wiley,https://www.elsevier.com/journals/kidney-international/0085-2538/open-access-options,"2090-214X, 2090-2158",Has APC (See https://onlinelibrary.wiley.com/page/journal/5974/homepage/open-access),Q1,Indexed,Not Available
European Urology Focus,Elsevier B.V.,https://www.elsevier.com/journals/european-urology-focus/2405-4569/open-access-options,Not Available,Unknown,Q1,Indexed,Not Available
Sexual Medicine Reviews,Oxford University Press,https://www.elsevier.com/journals/sexual-medicine-reviews/2050-0521/open-access-options,Not Available,Unknown,Q1,Indexed,Not Available
Minerva Urology and Nephrology,Edizioni Minerva Medica S.p.A.,https://www.minervamedica.it/en/journals/minerva-urology-nephrology/publishing_options.php,Not Available,Unknown,Q1,Indexed,Not Available
Seminars in Nephrology,W.B. Saunders,https://www.elsevier.com/journals/seminars-in-nephrology/0270-9295/open-access-options,Not Available,Unknown,Q1,Indexed,Not Available
Progress in Lipid Research,Elsevier Ltd,https://www.elsevier.com/journals/progress-in-lipid-research/0163-7827/open-access-options,Not Available,Unknown,Q1,Indexed,Not Available
Annual Review of Nutrition,Annual,https://www.annualreviews.org/page/subscriptions/general-information,Not Available,Unknown,Q1,Indexed,Not Available
Food Chemistry,Kemerovo State University,https://www.elsevier.com/journals/food-chemistry/0308-8146/open-access-options,"2308-4057, 2310-9599",Has APC (See https://jfrm.ru/en/about/),Q1,Indexed,Not Available
Nutrition Research Reviews,Cambridge University Press,https://www.cambridge.org/core/journals/nutrition-research-reviews/information/open-access-options,Not Available,Unknown,Q1,Indexed,Not Available
Current Obesity Reports,Springer,https://www.springer.com/journal/13679/how-to-publish-with-us#Fees%20and%20Funding,Not Available,Unknown,Q1,Indexed,Not Available
Nutrition Reviews,Oxford University Press,https://academic.oup.com/nutritionreviews/subscribe,Not Available,Unknown,Q1,Indexed,Not Available
Annual Review Of Public Health,Annual,https://www.annualreviews.org/journal/publhealth,Not Available,Unknown,Q1,Indexed,Not Available
Bulletin Of The World Health Organization,The World Health Organization,https://www.who.int/publications/journals/bulletin,"0042-9686, 1564-0604",No APC (DOAJ),Q1,Indexed,32 weeks
Environmental Health Perspectives,The National Institute of Environmental Health Sciences (NIEHS),https://ehp.niehs.nih.gov/,0091-6765,No APC (DOAJ),Q1,Indexed,24 weeks
Annals Of Epidemiology,Wiley,https://www.elsevier.com/journals/annals-of-epidemiology/1047-2797/open-access-options,2831-3267,Has APC (See https://onlinelibrary.wiley.com/page/journal/28313267/homepage/article-publication-charges.html),Q1,Indexed,Not Available
Health Reports,"Oswaldo Cruz Foundation, Health Law Program",https://www150.statcan.gc.ca/n1/pub/82-003-x/ahr-ars-eng.htm,"2317-8396, 2358-1824",No APC (DOAJ),Q1,Indexed,Not Available
Palliative Medicine,Ukranian Society of Regional Anaesthesia and Pain Medicine,https://journals.sagepub.com/home/pmj,"2414-3812, 2519-2752",No APC (DOAJ),Q1,Indexed,Not Available
Radiology,"Luchevaya Diagnostika, LLC",https://pubs.rsna.org/journal/radiology,"0042-4676, 2619-0478",No APC (DOAJ),Q1,Indexed,Not Available
Ieee Transactions On Medical Imaging,Institute of Electrical and Electronics Engineers Inc.,https://ieeexplore.ieee.org/xpl/RecentIssue.jsp?punumber=42,Not Available,Unknown,Q1,Indexed,Not Available
European Journal Of Nuclear Medicine And Molecular Imaging,SpringerOpen,https://www.springer.com/journal/259,2191-219X,Has APC (See https://ejnmmires.springeropen.com/about),Q1,Indexed,Not Available
Neuroimage,Elsevier,https://www.sciencedirect.com/journal/neuroimage,"1053-8119, 1095-9572",Has APC (See https://www.sciencedirect.com/journal/neuroimage/publish/open-access-options),Q1,Indexed,25 weeks
Diagnostic And Interventional Imaging,Elsevier,https://www.sciencedirect.com/journal/diagnostic-and-interventional-imaging,1930-0433,Has APC (See https://www.sciencedirect.com/journal/radiology-case-reports/publish/open-access-options),Q1,Indexed,Not Available
Physical And Engineering Sciences In Medicine,Springer Science and Business Media Deutschland GmbH,https://www.springer.com/journal/13246,Not Available,Unknown,Q2,Indexed,Not Available
European Radiology,Elsevier,https://www.springer.com/journal/330,2405-6308,Has APC (See https://www.sciencedirect.com/journal/clinical-and-translational-radiation-oncology/publish/open-access-options),Q1,Indexed,Not Available
Academic Radiology,Elsevier Inc.,https://www.academicradiology.org/,Not Available,Unknown,Q1,Indexed,Not Available
American Journal Of Speech-Language Pathology,American Speech-,https://pubs.asha.org/journals/for_authors,Not Available,Unknown,Q1,Indexed,Not Available
Rehabilitation Psychology,Allameh Tabataba'i University Press,https://www.apa.org/pubs/journals/rep,"2252-0031, 2476-647X",No APC (DOAJ),Q1,Indexed,Not Available
Journal Of Occupational Rehabilitation,Rand Publications,https://www.springer.com/journal/10926,"2521-344X, 2521-3458",Has APC (See https://ojs.trjournal.org/index.php/trehabj/article-processing-charges),Q1,Indexed,Not Available
Research In Developmental Disabilities,Elsevier Inc.,https://www.sciencedirect.com/journal/research-in-developmental-disabilities,Not Available,Unknown,Q2,Indexed,Not Available
International Journal Of Language & Communication Disorders,WILEY INTERNATIONAL JOURNAL OF LANGUAGE & COMMUNICATION DISORDERSE-ISSN: 1460-6984Publisher: WILEY International Journal of,https://onlinelibrary.wiley.com/journal/14606984,Not Available,Unknown,Not Available,Likely Indexed,Not Available
Psychiatric Rehabilitation Journal,MDPI AG,https://www.apa.org/pubs/journals/prj,2673-5318,Has APC (See https://www.mdpi.com/journal/psychiatryint/apc),Q1,Indexed,Not Available
Journal Of Music Therapy,GAMUT - Grieg Academy Music Therapy Research Centre (NORCE & University of Bergen),https://academic.oup.com/jmt,1504-1611,No APC (DOAJ),Q1,Indexed,Not Available
Pulmonology,Sociedad Castellano Manchega de Patología Respiratoria (SOCAMPAR),https://www.sciencedirect.com/journal/pulmonology,2529-9859,No APC (DOAJ),Q1,Indexed,8 weeks
Global Health Research and Policy,Wiley,http://ghrp.biomedcentral.com/,2769-2450,Has APC (See https://onlinelibrary.wiley.com/page/journal/27692450/homepage/open-access),Q1,Indexed,5 weeks
Public Health Research & Practice,Atatürk University,http://www.phrp.com.au/,2822-2954,No APC (DOAJ),Not Available,Likely Indexed,Not Available
Upsala Journal of Medical Sciences,Upsala Medical Society,https://ujms.net/index.php/ujms/index,"0300-9734, 2000-1967",Has APC (See https://ujms.net/index.php/ujms/instructions),Q3,Indexed,30 weeks
Journal of Primary Health Care,SciELO,https://www.publish.csiro.au/hc,"0080-6234, 1980-220X",Has APC (See https://www.scielo.br/journal/reeusp/about/),Q2,Indexed,28 weeks
Pediatrics and Neonatology,JCDR Research and Publications Pvt. Ltd.,https://www.journals.elsevier.com/pediatrics-and-neonatology/,"2277-8527, 2455-6890",Has APC (See http://www.ijnmr.net/PublicationCharge.asp),Q2,Indexed,52 weeks
Annali dell'Istituto Superiore di Sanità,Not Available,https://www.iss.it/en/web/guest/annali,Not Available,Unknown,Not Available,Not Available,Not Available
The Journal of the Royal College of Physicians of Edinburgh,Sage Publications,https://www.rcpe.ac.uk/journal,Not Available,Unknown,Not Available,Likely Indexed,Not Available
International Journal of Implant Dentistry,SpringerOpen,http://www.journalimplantdent.com/,2198-4034,Has APC (See https://journalimplantdent.springeropen.com/about),Q1,Indexed,13 weeks
Family Medicine and Community Health,BMJ Publishing Group,http://fmch.bmj.com/,"2305-6983, 2009-8774",Free (MU Directory),Q1,Indexed,19 weeks
Immunological Medicine,Open Exploration Publishing Inc.,https://www.tandfonline.com/journals/timm,2837-5076,Free (MU Directory),Q2,Indexed,19 weeks
Journal of Radiology Case Reports,University of São Paulo,http://www.radiologycases.com/,2236-1960,No APC (DOAJ),Q3,Indexed,24 weeks
Journal of Biomedical Science,Lublin University of Technology,https://jbiomedsci.biomedcentral.com/,"2083-0157, 2391-6761",Free (MU Directory),Q1,Indexed,14 weeks
Indian Heart Journal,Elsevier,https://www.journals.elsevier.com/indian-heart-journal/,0972-6292,No APC (DOAJ),Q3,Indexed,53 weeks
Animal Models and Experimental Medicine,Wiley,https://onlinelibrary.wiley.com/journal/25762095,2576-2095,Free (MU Directory),Q1,Indexed,12 weeks
Biomedical Journal,Wolters Kluwer Medknow Publications,http://www.journals.elsevier.com/biomedical-journal,"1812-156X, 2312-6760",Has APC (See https://journals.lww.com/mjby/pages/informationforauthors.aspx),Q1,Indexed,40 weeks
Reumatismo,PAGEPress Publications,http://www.reumatismo.org/,"0048-7449, 2240-2683",No APC (DOAJ),Q3,Indexed,10 weeks
Progress in Orthodontics,SpringerOpen,http://www.progressinorthodontics.com/,"1723-7785, 2196-1042",Free (MU Directory),Q1,Indexed,13 weeks
Annals of Cardiac Anaesthesia,Wolters Kluwer Medknow Publications,http://www.annals.in/,"0971-9784, 0974-5181",Free (MU Directory),Q3,Indexed,31 weeks
Journal of Optometry,Elsevier,http://www.journalofoptometry.org/en,2162-0989,Has APC (See https://www.sciencedirect.com/journal/asia-pacific-journal-of-ophthalmology/publish/open-access-options),Q1,Indexed,12 weeks
