Journal Title,Publisher,ISSN,Review Time,APC,Scopus Indexing,Source URL
"Built Heritage Publisher:  Springer Science and Business Media B.V. ISSN: 20963041, 26626802 Journal Scope: Arts and Humanities Country of Publisher:  Netherlands Scopus CiteScore: 2.4 Scopus Coverage: 2017-2025 H-Index:  12 SJR:  0.418 Quartile: Conservation (Q1); History (Q1) Open Access: YesIndexing The built heritage is indexed in:UGC CAREScopusDOAJAn indexed journal means that the journal has gone through and passed a review process of certain requirements done by a journal indexer.The Web of Science Core Collection includes the Science Citation Index Expanded (SCIE), Social Sciences Citation Index (SSCI), Arts & Humanities Citation Index (AHCI), and Emerging Sources Citation Index (ESCI).Quartile The latest Quartile of built heritage is Q1.Each subject category of journals is divided into four quartiles: Q1, Q2, Q3, Q4. Q1 is occupied by the top 25% of journals in the list; Q2 is occupied by journals in the 25 to 50% group; Q3 is occupied by journals in the 50 to 75% group and Q4 is occupied by journals in the 75 to 100% group.Publication fee Based on the Official Journal Homepage, the built heritage does not charge any publication fee.An article processing charge (APC), also known as a publication fee, is a fee which is sometimes charged to authors. Most commonly, it is involved in making a work available as open access (OA), in either a full OA journal or in a hybrid journal.Journal Publication Time The Journal Publication Time means the average number of weeks between article submission and publication. According to the journal website, the built heritage publishes research articles in 12 weeks on an average.Call for PapersVisit to the official website of the journal/ conference to check the details about call for papers.How to publish in Built Heritage?If your research is related to Arts and Humanities, then visit the official website of built heritage and send your manuscript.Tips for publishing in Built Heritage:Selection of research problem.Presenting a solution.Designing the paper.Make your manuscript publication worthy.Write an effective results section.Mind your references.Acceptance RateAcceptance rate is the ratio of the number of articles submitted to the number of articles published. Researchers can check the acceptance rate on the journal website. Alternatively, they can contact the editor of the journal.Final SummaryIt is published by Springer Science and Business Media B.V..The journal is indexed in UGC CARE, Scopus, DOAJ.It is an open access journal.The (SJR) SCImago Journal Rank is 0.418.The publication time (Average number of weeks between article submission and publication) of the journal is 12 weeks.Based on the Official Journal Homepage, the built heritage does not charge any publication fee.Sources: https://built-heritage.springeropen.com",Springer Science and Business Media B.V.,"20963041, 26626802",12 weeks,Free (Verified via Directory),Indexed,https://journalsearches.com/journal.php?title=built heritage
"Advances in Aerodynamics Publisher:  Springer Nature ISSN: 20973462, 25246992 Journal Scope: Energy; Engineering; Mathematics Country of Publisher:  Netherlands Scopus CiteScore: 5.5 Scopus Coverage: 2019-2025 H-Index:  20 SJR:  0.853 Quartile: Aerospace Engineering (Q1); Civil and Structural Engineering (Q1); Mechanical Engineering (Q1); Modeling and Simulation (Q1); Renewable Energy, Sustainability and the Environment (Q2) Open Access: YesIndexing The advances in aerodynamics is indexed in:UGC CAREScopusWeb of Science (ESCI)DOAJAn indexed journal means that the journal has gone through and passed a review process of certain requirements done by a journal indexer.The Web of Science Core Collection includes the Science Citation Index Expanded (SCIE), Social Sciences Citation Index (SSCI), Arts & Humanities Citation Index (AHCI), and Emerging Sources Citation Index (ESCI).Note: ESCI journals donot come with an impact factor. However, ESCI journals are evaluated every year and those who qualified are transferred to SCIE.Advances In Aerodynamics Impact Factor 2026 The latest impact factor of advances in aerodynamics is 2.3 which was recently updated in June, 2025.From the recent Journal Citation Reports (JCR) releases onward, the Impact Factor is provided to all journals indexed in the Web of Science Core Collection, including SCIE, SSCI, ESCI, and AHCI.The impact factor (IF) is a measure of the frequency with which the average article in a journal has been cited in a particular year. It is used to measure the importance or rank of a journal by calculating the times it's articles are cited.Note: Every year, The Clarivate releases the Journal Citation Report (JCR). The JCR provides information about academic journals including impact factor. The latest JCR was released in June, 2025.Quartile The latest Quartile of advances in aerodynamics is Q1.Each subject category of journals is divided into four quartiles: Q1, Q2, Q3, Q4. Q1 is occupied by the top 25% of journals in the list; Q2 is occupied by journals in the 25 to 50% group; Q3 is occupied by journals in the 50 to 75% group and Q4 is occupied by journals in the 75 to 100% group.Publication fee Based on the Official Journal Homepage, the advances in aerodynamics does not charge any publication fee.An article processing charge (APC), also known as a publication fee, is a fee which is sometimes charged to authors. Most commonly, it is involved in making a work available as open access (OA), in either a full OA journal or in a hybrid journal.Journal Publication Time The Journal Publication Time means the average number of weeks between article submission and publication. According to the journal website, the advances in aerodynamics publishes research articles in 11 weeks on an average.Call for PapersVisit to the official website of the journal/ conference to check the details about call for papers.How to publish in Advances In Aerodynamics?If your research is related to Energy; Engineering; Mathematics, then visit the official website of advances in aerodynamics and send your manuscript.Tips for publishing in Advances In Aerodynamics:Selection of research problem.Presenting a solution.Designing the paper.Make your manuscript publication worthy.Write an effective results section.Mind your references.Acceptance RateAcceptance rate is the ratio of the number of articles submitted to the number of articles published. Researchers can check the acceptance rate on the journal website. Alternatively, they can contact the editor of the journal.Final SummaryThe impact factor of advances in aerodynamics is 2.3.The advances in aerodynamics is a reputed research journal.It is published by Springer Nature.The journal is indexed in UGC CARE, Scopus, ESCI, DOAJ.It is an open access journal.The (SJR) SCImago Journal Rank is 0.853.The publication time (Average number of weeks between article submission and publication) of the journal is 11 weeks.Based on the Official Journal Homepage, the advances in aerodynamics does not charge any publication fee.Sources: https://aia.springeropen.com/",Springer Nature,"20973462, 25246992",11 weeks,Free (Verified via Directory),Indexed,https://journalsearches.com/journal.php?title=advances in aerodynamics
"Quantum Frontiers Publisher:  Springer International Publishing ISSN: 27316106 Journal Scope: Materials Science; Physics and Astronomy Country of Publisher:  Switzerland Scopus CiteScore: 3 Scopus Coverage: 2022-2025 H-Index:  7 SJR:  1.022 Quartile: Atomic and Molecular Physics, and Optics (Q1); Condensed Matter Physics (Q1); Electronic, Optical and Magnetic Materials (Q1) Open Access: YesIndexing The quantum frontiers is indexed in:UGC CAREScopusDOAJAn indexed journal means that the journal has gone through and passed a review process of certain requirements done by a journal indexer.The Web of Science Core Collection includes the Science Citation Index Expanded (SCIE), Social Sciences Citation Index (SSCI), Arts & Humanities Citation Index (AHCI), and Emerging Sources Citation Index (ESCI).Quartile The latest Quartile of quantum frontiers is Q1.Each subject category of journals is divided into four quartiles: Q1, Q2, Q3, Q4. Q1 is occupied by the top 25% of journals in the list; Q2 is occupied by journals in the 25 to 50% group; Q3 is occupied by journals in the 50 to 75% group and Q4 is occupied by journals in the 75 to 100% group.Publication fee Based on the Official Journal Homepage, the quantum frontiers does not charge any publication fee.An article processing charge (APC), also known as a publication fee, is a fee which is sometimes charged to authors. Most commonly, it is involved in making a work available as open access (OA), in either a full OA journal or in a hybrid journal.Journal Publication Time The Journal Publication Time means the average number of weeks between article submission and publication. According to the journal website, the quantum frontiers publishes research articles in 10 weeks on an average.Call for PapersVisit to the official website of the journal/ conference to check the details about call for papers.How to publish in Quantum Frontiers?If your research is related to Materials Science; Physics and Astronomy, then visit the official website of quantum frontiers and send your manuscript.Tips for publishing in Quantum Frontiers:Selection of research problem.Presenting a solution.Designing the paper.Make your manuscript publication worthy.Write an effective results section.Mind your references.Acceptance RateAcceptance rate is the ratio of the number of articles submitted to the number of articles published. Researchers can check the acceptance rate on the journal website. Alternatively, they can contact the editor of the journal.Final SummaryIt is published by Springer International Publishing.The journal is indexed in UGC CARE, Scopus, DOAJ.It is an open access journal.The (SJR) SCImago Journal Rank is 1.022.The publication time (Average number of weeks between article submission and publication) of the journal is 10 weeks.Based on the Official Journal Homepage, the quantum frontiers does not charge any publication fee.Sources: https://www.springer.com/journal/44214",Springer International Publishing,27316106,10 weeks,Free (Verified via Directory),Indexed,https://journalsearches.com/journal.php?title=quantum frontiers
"Management System Engineering Publisher:  Springer P-ISSN:  E-ISSN: 2731-5843 Language:  English Country of Publisher:  Singapore APC: No Processing Time (Weeks):  16 Review Process:  Anonymous peer review Subjects:  Technology: Technology (General): Industrial engineering. Management engineering: Management information systemsIndexing The management system engineering is indexed in:DOAJAn indexed journal means that the journal has gone through and passed a review process of certain requirements done by a journal indexer.The Web of Science Core Collection includes the Science Citation Index Expanded (SCIE), Social Sciences Citation Index (SSCI), Arts & Humanities Citation Index (AHCI), and Emerging Sources Citation Index (ESCI).Publication fee Based on the Official Journal Homepage, the management system engineering does not charge any publication fee.An article processing charge (APC), also known as a publication fee, is a fee which is sometimes charged to authors. Most commonly, it is involved in making a work available as open access (OA), in either a full OA journal or in a hybrid journal.Journal Publication Time The Journal Publication Time means the average number of weeks between article submission and publication. According to the journal website, the management system engineering publishes research articles in 16 weeks on an average.Call for PapersVisit to the official website of the journal/ conference to check the details about call for papers.How to publish in Management System Engineering?If your research is related to management science, management decision making, systems engineering, data management, then visit the official website of management system engineering and send your manuscript.Tips for publishing in Management System Engineering:Selection of research problem.Presenting a solution.Designing the paper.Make your manuscript publication worthy.Write an effective results section.Mind your references.Acceptance RateAcceptance rate is the ratio of the number of articles submitted to the number of articles published. Researchers can check the acceptance rate on the journal website. Alternatively, they can contact the editor of the journal.Final SummaryIt is published by Springer.The journal is indexed in , DOAJ.It is an open access journal.The publication time (Average number of weeks between article submission and publication) of the journal is 16 weeks.Based on the Official Journal Homepage, the management system engineering does not charge any publication fee.Sources: https://www.springer.com/journal/44176/",Springer,2731-5843,16 weeks,Free (Verified via Directory),Not Indexed,https://journalsearches.com/journal.php?title=management system engineering
"Asian Review of Political Economy Publisher:  Springer P-ISSN:  E-ISSN: 2731-5835 Language:  English Country of Publisher:  Singapore APC: No Processing Time (Weeks):  8 Review Process:  Double anonymous peer review Subjects:  Political science: Political institutions and public administration - Asia (Asian studies only) | Social Sciences: Industries. Land use. Labor: Economic growth, development, planningIndexing The asian review of political economy is indexed in:DOAJAn indexed journal means that the journal has gone through and passed a review process of certain requirements done by a journal indexer.The Web of Science Core Collection includes the Science Citation Index Expanded (SCIE), Social Sciences Citation Index (SSCI), Arts & Humanities Citation Index (AHCI), and Emerging Sources Citation Index (ESCI).Publication fee Based on the Official Journal Homepage, the asian review of political economy does not charge any publication fee.An article processing charge (APC), also known as a publication fee, is a fee which is sometimes charged to authors. Most commonly, it is involved in making a work available as open access (OA), in either a full OA journal or in a hybrid journal.Journal Publication Time The Journal Publication Time means the average number of weeks between article submission and publication. According to the journal website, the asian review of political economy publishes research articles in 8 weeks on an average.Call for PapersVisit to the official website of the journal/ conference to check the details about call for papers.How to publish in Asian Review Of Political Economy?If your research is related to political economy, finance, trade, investment, global security, then visit the official website of asian review of political economy and send your manuscript.Tips for publishing in Asian Review Of Political Economy:Selection of research problem.Presenting a solution.Designing the paper.Make your manuscript publication worthy.Write an effective results section.Mind your references.Acceptance RateAcceptance rate is the ratio of the number of articles submitted to the number of articles published. Researchers can check the acceptance rate on the journal website. Alternatively, they can contact the editor of the journal.Final SummaryIt is published by Springer.The journal is indexed in , DOAJ.It is an open access journal.The publication time (Average number of weeks between article submission and publication) of the journal is 8 weeks.Based on the Official Journal Homepage, the asian review of political economy does not charge any publication fee.Sources: https://www.springer.com/journal/44216",Springer,2731-5835,8 weeks,Free (Stated on Website),Not Indexed,https://journalsearches.com/journal.php?title=asian review of political economy
"Railway Engineering Science Publisher:  Springer ISSN: 26624753, 26624745 Journal Scope: Computer Science; Engineering; Social Sciences Country of Publisher:  Singapore Scopus CiteScore: 9.2 Scopus Coverage: 2020-2025 H-Index:  39 SJR:  1.368 Quartile: Computational Mechanics (Q1); Computer Science Applications (Q1); Electrical and Electronic Engineering (Q1); Mechanical Engineering (Q1); Transportation (Q1) Open Access: YesIndexing The railway engineering science is indexed in:UGC CAREScopusWeb of Science (ESCI)DOAJAn indexed journal means that the journal has gone through and passed a review process of certain requirements done by a journal indexer.The Web of Science Core Collection includes the Science Citation Index Expanded (SCIE), Social Sciences Citation Index (SSCI), Arts & Humanities Citation Index (AHCI), and Emerging Sources Citation Index (ESCI).Note: ESCI journals donot come with an impact factor. However, ESCI journals are evaluated every year and those who qualified are transferred to SCIE.Railway Engineering Science Impact Factor 2026 The latest impact factor of railway engineering science is 5.4 which was recently updated in June, 2025.From the recent Journal Citation Reports (JCR) releases onward, the Impact Factor is provided to all journals indexed in the Web of Science Core Collection, including SCIE, SSCI, ESCI, and AHCI.The impact factor (IF) is a measure of the frequency with which the average article in a journal has been cited in a particular year. It is used to measure the importance or rank of a journal by calculating the times it's articles are cited.Note: Every year, The Clarivate releases the Journal Citation Report (JCR). The JCR provides information about academic journals including impact factor. The latest JCR was released in June, 2025.Quartile The latest Quartile of railway engineering science is Q1.Each subject category of journals is divided into four quartiles: Q1, Q2, Q3, Q4. Q1 is occupied by the top 25% of journals in the list; Q2 is occupied by journals in the 25 to 50% group; Q3 is occupied by journals in the 50 to 75% group and Q4 is occupied by journals in the 75 to 100% group.Publication fee Based on the Official Journal Homepage, the railway engineering science does not charge any publication fee.An article processing charge (APC), also known as a publication fee, is a fee which is sometimes charged to authors. Most commonly, it is involved in making a work available as open access (OA), in either a full OA journal or in a hybrid journal.Journal Publication Time The Journal Publication Time means the average number of weeks between article submission and publication. According to the journal website, the railway engineering science publishes research articles in 15 weeks on an average.Call for PapersVisit to the official website of the journal/ conference to check the details about call for papers.How to publish in Railway Engineering Science?If your research is related to Computer Science; Engineering; Social Sciences, then visit the official website of railway engineering science and send your manuscript.Tips for publishing in Railway Engineering Science:Selection of research problem.Presenting a solution.Designing the paper.Make your manuscript publication worthy.Write an effective results section.Mind your references.Acceptance RateAcceptance rate is the ratio of the number of articles submitted to the number of articles published. Researchers can check the acceptance rate on the journal website. Alternatively, they can contact the editor of the journal.Final SummaryThe impact factor of railway engineering science is 5.4.The railway engineering science is a reputed research journal.It is published by Springer.The journal is indexed in UGC CARE, Scopus, ESCI, DOAJ.It is an open access journal.The (SJR) SCImago Journal Rank is 1.368.The publication time (Average number of weeks between article submission and publication) of the journal is 15 weeks.Based on the Official Journal Homepage, the railway engineering science does not charge any publication fee.Sources: https://www.springer.com/journal/40534",Springer,"26624753, 26624745",15 weeks,Free (Verified via Directory),Indexed,https://journalsearches.com/journal.php?title=railway engineering science
"Holistic Integrative Oncology Publisher:  Springer P-ISSN:  E-ISSN: 2731-4529 Language:  English Country of Publisher:  Singapore APC: No Processing Time (Weeks):  25 Review Process:  Anonymous peer review Subjects:  Medicine: Internal medicine: Neoplasms. Tumors. Oncology. Including cancer and carcinogensIndexing The holistic integrative oncology is indexed in:DOAJAn indexed journal means that the journal has gone through and passed a review process of certain requirements done by a journal indexer.The Web of Science Core Collection includes the Science Citation Index Expanded (SCIE), Social Sciences Citation Index (SSCI), Arts & Humanities Citation Index (AHCI), and Emerging Sources Citation Index (ESCI).Publication fee Based on the Official Journal Homepage, the holistic integrative oncology does not charge any publication fee.An article processing charge (APC), also known as a publication fee, is a fee which is sometimes charged to authors. Most commonly, it is involved in making a work available as open access (OA), in either a full OA journal or in a hybrid journal.Journal Publication Time The Journal Publication Time means the average number of weeks between article submission and publication. According to the journal website, the holistic integrative oncology publishes research articles in 25 weeks on an average.Call for PapersVisit to the official website of the journal/ conference to check the details about call for papers.How to publish in Holistic Integrative Oncology?If your research is related to oncology, cancer research, then visit the official website of holistic integrative oncology and send your manuscript.Tips for publishing in Holistic Integrative Oncology:Selection of research problem.Presenting a solution.Designing the paper.Make your manuscript publication worthy.Write an effective results section.Mind your references.Acceptance RateAcceptance rate is the ratio of the number of articles submitted to the number of articles published. Researchers can check the acceptance rate on the journal website. Alternatively, they can contact the editor of the journal.Final SummaryIt is published by Springer.The journal is indexed in , DOAJ.It is an open access journal.The publication time (Average number of weeks between article submission and publication) of the journal is 25 weeks.Based on the Official Journal Homepage, the holistic integrative oncology does not charge any publication fee.Sources: https://link.springer.com/journal/44178",Springer,2731-4529,25 weeks,Free (Stated on Website),Not Indexed,https://journalsearches.com/journal.php?title=holistic integrative oncology
"Low-Carbon Materials and Green Construction Publisher:  Springer P-ISSN:  E-ISSN: 2731-6319 Language:  English Country of Publisher:  Singapore APC: No Processing Time (Weeks):  12 Review Process:  Anonymous peer review Subjects:  Technology: Electrical engineering. Electronics. Nuclear engineering: Materials of engineering and construction. Mechanics of materials | Technology: Engineering (General). Civil engineering (General): Environmental engineeringIndexing The low-carbon materials and green construction is indexed in:DOAJAn indexed journal means that the journal has gone through and passed a review process of certain requirements done by a journal indexer.The Web of Science Core Collection includes the Science Citation Index Expanded (SCIE), Social Sciences Citation Index (SSCI), Arts & Humanities Citation Index (AHCI), and Emerging Sources Citation Index (ESCI).Publication fee Based on the Official Journal Homepage, the low-carbon materials and green construction does not charge any publication fee.An article processing charge (APC), also known as a publication fee, is a fee which is sometimes charged to authors. Most commonly, it is involved in making a work available as open access (OA), in either a full OA journal or in a hybrid journal.Journal Publication Time The Journal Publication Time means the average number of weeks between article submission and publication. According to the journal website, the low-carbon materials and green construction publishes research articles in 12 weeks on an average.Call for PapersVisit to the official website of the journal/ conference to check the details about call for papers.How to publish in Low-carbon Materials And Green Construction?If your research is related to low-carbon, construction materials, green construction, building engineering, sustainability, civil engineering, then visit the official website of low-carbon materials and green construction and send your manuscript.Tips for publishing in Low-carbon Materials And Green Construction:Selection of research problem.Presenting a solution.Designing the paper.Make your manuscript publication worthy.Write an effective results section.Mind your references.Acceptance RateAcceptance rate is the ratio of the number of articles submitted to the number of articles published. Researchers can check the acceptance rate on the journal website. Alternatively, they can contact the editor of the journal.Final SummaryIt is published by Springer.The journal is indexed in , DOAJ.It is an open access journal.The publication time (Average number of weeks between article submission and publication) of the journal is 12 weeks.Based on the Official Journal Homepage, the low-carbon materials and green construction does not charge any publication fee.Sources: https://www.springer.com/journal/44242",Springer,2731-6319,12 weeks,Free (Stated on Website),Not Indexed,https://journalsearches.com/journal.php?title=low-carbon materials and green construction
"eLight Publisher:  Springer ISSN: 26628643, 20971710 Journal Scope: Materials Science; Physics and Astronomy Country of Publisher:  Singapore Scopus CiteScore: 48.5 Scopus Coverage: 2021-2025 H-Index:  32 SJR:  11.392 Quartile: Atomic and Molecular Physics, and Optics (Q1); Electronic, Optical and Magnetic Materials (Q1) Open Access: YesIndexing The elight is indexed in:UGC CAREScopusWeb of Science (ESCI)DOAJAn indexed journal means that the journal has gone through and passed a review process of certain requirements done by a journal indexer.The Web of Science Core Collection includes the Science Citation Index Expanded (SCIE), Social Sciences Citation Index (SSCI), Arts & Humanities Citation Index (AHCI), and Emerging Sources Citation Index (ESCI).Note: ESCI journals donot come with an impact factor. However, ESCI journals are evaluated every year and those who qualified are transferred to SCIE.Elight Impact Factor 2026 The latest impact factor of elight is 32.1 which was recently updated in June, 2025.From the recent Journal Citation Reports (JCR) releases onward, the Impact Factor is provided to all journals indexed in the Web of Science Core Collection, including SCIE, SSCI, ESCI, and AHCI.The impact factor (IF) is a measure of the frequency with which the average article in a journal has been cited in a particular year. It is used to measure the importance or rank of a journal by calculating the times it's articles are cited.Note: Every year, The Clarivate releases the Journal Citation Report (JCR). The JCR provides information about academic journals including impact factor. The latest JCR was released in June, 2025.Quartile The latest Quartile of elight is Q1.Each subject category of journals is divided into four quartiles: Q1, Q2, Q3, Q4. Q1 is occupied by the top 25% of journals in the list; Q2 is occupied by journals in the 25 to 50% group; Q3 is occupied by journals in the 50 to 75% group and Q4 is occupied by journals in the 75 to 100% group.Publication fee Based on the Official Journal Homepage, the elight does not charge any publication fee.An article processing charge (APC), also known as a publication fee, is a fee which is sometimes charged to authors. Most commonly, it is involved in making a work available as open access (OA), in either a full OA journal or in a hybrid journal.Journal Publication Time The Journal Publication Time means the average number of weeks between article submission and publication. According to the journal website, the elight publishes research articles in 22 weeks on an average.Call for PapersVisit to the official website of the journal/ conference to check the details about call for papers.How to publish in Elight?If your research is related to Materials Science; Physics and Astronomy, then visit the official website of elight and send your manuscript.Tips for publishing in Elight:Selection of research problem.Presenting a solution.Designing the paper.Make your manuscript publication worthy.Write an effective results section.Mind your references.Acceptance RateAcceptance rate is the ratio of the number of articles submitted to the number of articles published. Researchers can check the acceptance rate on the journal website. Alternatively, they can contact the editor of the journal.Final SummaryThe impact factor of elight is 32.1.The elight is a reputed research journal.It is published by Springer.The journal is indexed in UGC CARE, Scopus, ESCI, DOAJ.It is an open access journal.The (SJR) SCImago Journal Rank is 11.392.The publication time (Average number of weeks between article submission and publication) of the journal is 22 weeks.Based on the Official Journal Homepage, the elight does not charge any publication fee.Sources: https://elight.springeropen.com/",Springer,"26628643, 20971710",22 weeks,Free (Stated on Website),Indexed,https://journalsearches.com/journal.php?title=elight
"Cultures of Science Publisher:  SAGE Publishing P-ISSN: 2096-6083 E-ISSN: 2633-3287 Language:  English Country of Publisher:  United Kingdom APC: No Processing Time (Weeks):  12 Review Process:  Anonymous peer review Subjects:  Science: Science (General)Indexing The cultures of science is indexed in:DOAJAn indexed journal means that the journal has gone through and passed a review process of certain requirements done by a journal indexer.The Web of Science Core Collection includes the Science Citation Index Expanded (SCIE), Social Sciences Citation Index (SSCI), Arts & Humanities Citation Index (AHCI), and Emerging Sources Citation Index (ESCI).Publication fee Based on the Official Journal Homepage, the cultures of science does not charge any publication fee.An article processing charge (APC), also known as a publication fee, is a fee which is sometimes charged to authors. Most commonly, it is involved in making a work available as open access (OA), in either a full OA journal or in a hybrid journal.Journal Publication Time The Journal Publication Time means the average number of weeks between article submission and publication. According to the journal website, the cultures of science publishes research articles in 12 weeks on an average.Call for PapersVisit to the official website of the journal/ conference to check the details about call for papers.How to publish in Cultures Of Science?If your research is related to science communication, history of science, philosophy of science, science education, sociology of science, then visit the official website of cultures of science and send your manuscript.Tips for publishing in Cultures Of Science:Selection of research problem.Presenting a solution.Designing the paper.Make your manuscript publication worthy.Write an effective results section.Mind your references.Acceptance RateAcceptance rate is the ratio of the number of articles submitted to the number of articles published. Researchers can check the acceptance rate on the journal website. Alternatively, they can contact the editor of the journal.Final SummaryIt is published by SAGE Publishing.The journal is indexed in , DOAJ.It is an open access journal.The publication time (Average number of weeks between article submission and publication) of the journal is 12 weeks.Based on the Official Journal Homepage, the cultures of science does not charge any publication fee.Sources: https://journals.sagepub.com/home/cul",SAGE Publishing,2633-3287,12 weeks,Free (Stated on Website),Not Indexed,https://journalsearches.com/journal.php?title=cultures of science
"Visual Intelligence Publisher:  Springer P-ISSN: 20973330 Open Access: Unpaywall Open Access Scopus Status: Active Scopus Coverage:  2023-2025Indexing The visual intelligence is indexed in:ScopusDOAJAn indexed journal means that the journal has gone through and passed a review process of certain requirements done by a journal indexer.The Web of Science Core Collection includes the Science Citation Index Expanded (SCIE), Social Sciences Citation Index (SSCI), Arts & Humanities Citation Index (AHCI), and Emerging Sources Citation Index (ESCI).Publication fee Based on the Official Journal Homepage, the visual intelligence does not charge any publication fee.An article processing charge (APC), also known as a publication fee, is a fee which is sometimes charged to authors. Most commonly, it is involved in making a work available as open access (OA), in either a full OA journal or in a hybrid journal.Journal Publication Time The Journal Publication Time means the average number of weeks between article submission and publication. According to the journal website, the visual intelligence publishes research articles in 30 weeks on an average.Call for PapersVisit to the official website of the journal/ conference to check the details about call for papers.How to publish in Visual Intelligence?If your research is related to the scope of the journal, then visit the official website of visual intelligence and send your manuscript.Tips for publishing in Visual Intelligence:Selection of research problem.Presenting a solution.Designing the paper.Make your manuscript publication worthy.Write an effective results section.Mind your references.Acceptance RateAcceptance rate is the ratio of the number of articles submitted to the number of articles published. Researchers can check the acceptance rate on the journal website. Alternatively, they can contact the editor of the journal.Final SummaryIt is published by Springer.The journal is indexed in , Scopus, DOAJ.It is an open access journal.The publication time (Average number of weeks between article submission and publication) of the journal is 30 weeks.Based on the Official Journal Homepage, the visual intelligence does not charge any publication fee.Sources: https://link.springer.com/journal/44267",Springer,20973330,30 weeks,Free (Stated on Website),Indexed,https://journalsearches.com/journal.php?title=visual intelligence
"Journal of Rare Diseases Publisher:  Springer P-ISSN:  E-ISSN: 2731-085X Language:  English Country of Publisher:  Singapore APC: No Processing Time (Weeks):  27 Review Process:  Anonymous peer review Subjects:  Medicine: Internal medicine: Specialties of internal medicineIndexing The journal of rare diseases is indexed in:DOAJAn indexed journal means that the journal has gone through and passed a review process of certain requirements done by a journal indexer.The Web of Science Core Collection includes the Science Citation Index Expanded (SCIE), Social Sciences Citation Index (SSCI), Arts & Humanities Citation Index (AHCI), and Emerging Sources Citation Index (ESCI).Publication fee Based on the Official Journal Homepage, the journal of rare diseases does not charge any publication fee.An article processing charge (APC), also known as a publication fee, is a fee which is sometimes charged to authors. Most commonly, it is involved in making a work available as open access (OA), in either a full OA journal or in a hybrid journal.Journal Publication Time The Journal Publication Time means the average number of weeks between article submission and publication. According to the journal website, the journal of rare diseases publishes research articles in 27 weeks on an average.Call for PapersVisit to the official website of the journal/ conference to check the details about call for papers.How to publish in Journal Of Rare Diseases?If your research is related to rare diseases, genetic diseases, oncology, iinfectious diseases, neurology, immunology, then visit the official website of journal of rare diseases and send your manuscript.Tips for publishing in Journal Of Rare Diseases:Selection of research problem.Presenting a solution.Designing the paper.Make your manuscript publication worthy.Write an effective results section.Mind your references.Acceptance RateAcceptance rate is the ratio of the number of articles submitted to the number of articles published. Researchers can check the acceptance rate on the journal website. Alternatively, they can contact the editor of the journal.Final SummaryIt is published by Springer.The journal is indexed in , DOAJ.It is an open access journal.The publication time (Average number of weeks between article submission and publication) of the journal is 27 weeks.Based on the Official Journal Homepage, the journal of rare diseases does not charge any publication fee.Sources: https://link.springer.com/journal/44162",Springer,2731-085X,27 weeks,Free (Stated on Website),Not Indexed,https://journalsearches.com/journal.php?title=journal of rare diseases
"Journal of Ocean Engineering and Science Publisher:  Shanghai Jiaotong University ISSN: 24680133 Journal Scope: Earth and Planetary Sciences; Engineering; Environmental Science Country of Publisher:  China Scopus CiteScore: 15.3 Scopus Coverage: 2016-2025 H-Index:  39 SJR:  0.986 Quartile: Environmental Engineering (Q1); Ocean Engineering (Q1); Oceanography (Q1) Open Access: YesIndexing The journal of ocean engineering and science is indexed in:UGC CAREScopusWeb of Science (SCIE)DOAJAn indexed journal means that the journal has gone through and passed a review process of certain requirements done by a journal indexer.The Web of Science Core Collection includes the Science Citation Index Expanded (SCIE), Social Sciences Citation Index (SSCI), Arts & Humanities Citation Index (AHCI), and Emerging Sources Citation Index (ESCI).Journal Of Ocean Engineering And Science Impact Factor 2026 The latest impact factor of journal of ocean engineering and science is 11.8 which was recently updated in June, 2025.From the recent Journal Citation Reports (JCR) releases onward, the Impact Factor is provided to all journals indexed in the Web of Science Core Collection, including SCIE, SSCI, ESCI, and AHCI.The impact factor (IF) is a measure of the frequency with which the average article in a journal has been cited in a particular year. It is used to measure the importance or rank of a journal by calculating the times it's articles are cited.Note: Every year, The Clarivate releases the Journal Citation Report (JCR). The JCR provides information about academic journals including impact factor. The latest JCR was released in June, 2025.Quartile The latest Quartile of journal of ocean engineering and science is Q1.Each subject category of journals is divided into four quartiles: Q1, Q2, Q3, Q4. Q1 is occupied by the top 25% of journals in the list; Q2 is occupied by journals in the 25 to 50% group; Q3 is occupied by journals in the 50 to 75% group and Q4 is occupied by journals in the 75 to 100% group.Publication fee Based on the Official Journal Homepage, the journal of ocean engineering and science does not charge any publication fee.An article processing charge (APC), also known as a publication fee, is a fee which is sometimes charged to authors. Most commonly, it is involved in making a work available as open access (OA), in either a full OA journal or in a hybrid journal.Journal Publication Time The Journal Publication Time means the average number of weeks between article submission and publication. According to the journal website, the journal of ocean engineering and science publishes research articles in 12 weeks on an average.Call for PapersVisit to the official website of the journal/ conference to check the details about call for papers.How to publish in Journal Of Ocean Engineering And Science?If your research is related to Earth and Planetary Sciences; Engineering; Environmental Science, then visit the official website of journal of ocean engineering and science and send your manuscript.Tips for publishing in Journal Of Ocean Engineering And Science:Selection of research problem.Presenting a solution.Designing the paper.Make your manuscript publication worthy.Write an effective results section.Mind your references.Acceptance RateAcceptance rate is the ratio of the number of articles submitted to the number of articles published. Researchers can check the acceptance rate on the journal website. Alternatively, they can contact the editor of the journal.Final SummaryThe impact factor of journal of ocean engineering and science is 11.8.The journal of ocean engineering and science is a reputed research journal.It is published by Shanghai Jiaotong University.The journal is indexed in UGC CARE, Scopus, SCIE, DOAJ.It is an open access journal.The (SJR) SCImago Journal Rank is 0.986.The publication time (Average number of weeks between article submission and publication) of the journal is 12 weeks.Based on the Official Journal Homepage, the journal of ocean engineering and science does not charge any publication fee.Sources: https://www.journals.elsevier.com/journal-of-ocean-engineering-and-science",Shanghai Jiaotong University,24680133,12 weeks,Free (Stated on Website),Indexed,https://journalsearches.com/journal.php?title=journal of ocean engineering and science
Advanced Gut & Microbiome Research,"Hindawi - Hangzhou Aimeida BioTech GUTE-ISSN: 1468-3288Publisher: BMJ PUBLISHING GROUP GUT AND LIVERE-ISSN: 2005-1212Publisher: EDITORIAL OFFICE GUT & LIVER GUT MICROBESE-ISSN: 1949-0984Publisher: TAYLOR & FRANCIS INC GUT PATHOGENSE-ISSN: 1757-4749Publisher: BMC Gut PathogensE-ISSN: 1757-4749Publisher: BMC Gut MicrobesE-ISSN: 1949-0984Publisher: Taylor & Francis Group Gut MicrobiomeE-ISSN: 2632-2897Publisher: Cambridge University Press GutE-ISSN: 14683288Publisher: BMJ Publishing Group Gut and LiverE-ISSN: 20051212Publisher: Editorial Office of Gut and Liver Gut MicrobesE-ISSN: 19490984Publisher: Landes Bioscience Gut PathogensE-ISSN: Publisher: BioMed Central GutE-ISSN: 1468-3288Publisher: BMJ Publishing Group Gut and LiverE-ISSN: 2005-1212Publisher: The Korean Society of Gastroenterology, the Korean Society of Gastrointestinal Endoscopy, the Korean Society of Neurogastroenterology and Motility, Korean College of Helicobacter and Upper Gastrointestinal Research, Korean Association for the Study of Int Gut MicrobesE-ISSN: 1949-0984Publisher: Taylor & FrancisNot getting the journal you are searching for? So it most likely not indexed in Scopus, WOS, PubMed, DOAJ, UGC CARE. You might also try: Enter the correct title.Check the spelling of the wordsMake sure you have added spaces between words",Not Available,Not Available,Potential Fee,Not Indexed,https://journalsearches.com/journal.php?title=advanced gut & microbiome research
"Egyptian Journal of Neurosurgery Publisher:  SpringerOpen P-ISSN:  E-ISSN: 2520-8225 Language:  English Country of Publisher:  United Kingdom APC: No Processing Time (Weeks):  32 Review Process:  Anonymous peer review Subjects:  Medicine: Surgery | Medicine: Internal medicine: Neurosciences. Biological psychiatry. NeuropsychiatryIndexing The egyptian journal of neurosurgery is indexed in:UGC CAREWeb of Science (ESCI)DOAJAn indexed journal means that the journal has gone through and passed a review process of certain requirements done by a journal indexer.The Web of Science Core Collection includes the Science Citation Index Expanded (SCIE), Social Sciences Citation Index (SSCI), Arts & Humanities Citation Index (AHCI), and Emerging Sources Citation Index (ESCI).Note: ESCI journals donot come with an impact factor. However, ESCI journals are evaluated every year and those who qualified are transferred to SCIE.Publication fee Based on the Official Journal Homepage, the egyptian journal of neurosurgery does not charge any publication fee.An article processing charge (APC), also known as a publication fee, is a fee which is sometimes charged to authors. Most commonly, it is involved in making a work available as open access (OA), in either a full OA journal or in a hybrid journal.Journal Publication Time The Journal Publication Time means the average number of weeks between article submission and publication. According to the journal website, the egyptian journal of neurosurgery publishes research articles in 32 weeks on an average.Call for PapersVisit to the official website of the journal/ conference to check the details about call for papers.How to publish in Egyptian Journal Of Neurosurgery?If your research is related to neurosurgery, neurology, neurosciences, then visit the official website of egyptian journal of neurosurgery and send your manuscript.Tips for publishing in Egyptian Journal Of Neurosurgery:Selection of research problem.Presenting a solution.Designing the paper.Make your manuscript publication worthy.Write an effective results section.Mind your references.Acceptance RateAcceptance rate is the ratio of the number of articles submitted to the number of articles published. Researchers can check the acceptance rate on the journal website. Alternatively, they can contact the editor of the journal.Final SummaryIt is published by SpringerOpen.The journal is indexed in UGC CARE, ESCI, DOAJ.It is an open access journal.The publication time (Average number of weeks between article submission and publication) of the journal is 32 weeks.Based on the Official Journal Homepage, the egyptian journal of neurosurgery does not charge any publication fee.Sources: https://ejns.springeropen.com/",SpringerOpen,2520-8225,32 weeks,Free (Verified via Directory),Not Indexed,https://journalsearches.com/journal.php?title=egyptian journal of neurosurgery
"ECNU Review of Education Publisher:  SAGE Publications Ltd ISSN: 20965311, 26321742 Journal Scope: Social Sciences Country of Publisher:  United Kingdom Scopus CiteScore: 5.7 Scopus Coverage: 2018-2025 H-Index:  21 SJR:  0.683 Quartile: Education (Q2) Open Access: YesIndexing The ecnu review of education is indexed in:UGC CAREScopusWeb of Science (ESCI)DOAJAn indexed journal means that the journal has gone through and passed a review process of certain requirements done by a journal indexer.The Web of Science Core Collection includes the Science Citation Index Expanded (SCIE), Social Sciences Citation Index (SSCI), Arts & Humanities Citation Index (AHCI), and Emerging Sources Citation Index (ESCI).Note: ESCI journals donot come with an impact factor. However, ESCI journals are evaluated every year and those who qualified are transferred to SCIE.Ecnu Review Of Education Impact Factor 2026 The latest impact factor of ecnu review of education is 2.6 which was recently updated in June, 2025.From the recent Journal Citation Reports (JCR) releases onward, the Impact Factor is provided to all journals indexed in the Web of Science Core Collection, including SCIE, SSCI, ESCI, and AHCI.The impact factor (IF) is a measure of the frequency with which the average article in a journal has been cited in a particular year. It is used to measure the importance or rank of a journal by calculating the times it's articles are cited.Note: Every year, The Clarivate releases the Journal Citation Report (JCR). The JCR provides information about academic journals including impact factor. The latest JCR was released in June, 2025.Quartile The latest Quartile of ecnu review of education is Q2.Each subject category of journals is divided into four quartiles: Q1, Q2, Q3, Q4. Q1 is occupied by the top 25% of journals in the list; Q2 is occupied by journals in the 25 to 50% group; Q3 is occupied by journals in the 50 to 75% group and Q4 is occupied by journals in the 75 to 100% group.Publication fee Based on the Official Journal Homepage, the ecnu review of education does not charge any publication fee.An article processing charge (APC), also known as a publication fee, is a fee which is sometimes charged to authors. Most commonly, it is involved in making a work available as open access (OA), in either a full OA journal or in a hybrid journal.Journal Publication Time The Journal Publication Time means the average number of weeks between article submission and publication. According to the journal website, the ecnu review of education publishes research articles in 10 weeks on an average.Call for PapersVisit to the official website of the journal/ conference to check the details about call for papers.How to publish in Ecnu Review Of Education?If your research is related to Social Sciences, then visit the official website of ecnu review of education and send your manuscript.Tips for publishing in Ecnu Review Of Education:Selection of research problem.Presenting a solution.Designing the paper.Make your manuscript publication worthy.Write an effective results section.Mind your references.Acceptance RateAcceptance rate is the ratio of the number of articles submitted to the number of articles published. Researchers can check the acceptance rate on the journal website. Alternatively, they can contact the editor of the journal.Final SummaryThe impact factor of ecnu review of education is 2.6.The ecnu review of education is a reputed research journal.It is published by SAGE Publications Ltd.The journal is indexed in UGC CARE, Scopus, ESCI, DOAJ.It is an open access journal.The (SJR) SCImago Journal Rank is 0.683.The publication time (Average number of weeks between article submission and publication) of the journal is 10 weeks.Based on the Official Journal Homepage, the ecnu review of education does not charge any publication fee.Sources: https://journals.sagepub.com/home/roe",SAGE Publications Ltd,"20965311, 26321742",10 weeks,Free (Verified via Directory),Indexed,https://journalsearches.com/journal.php?title=ecnu review of education
"Journal of Engineering and Applied Science Publisher:   ISSN: 11101903, 25369512 Journal Scope: Engineering Country of Publisher:  Germany Scopus CiteScore: 3.7 Scopus Coverage: 1996-2025 H-Index:  21 SJR:  0.539 Quartile: Engineering (miscellaneous) (Q2) Open Access: YesIndexing The journal of engineering and applied science is indexed in:UGC CAREScopusDOAJAn indexed journal means that the journal has gone through and passed a review process of certain requirements done by a journal indexer.The Web of Science Core Collection includes the Science Citation Index Expanded (SCIE), Social Sciences Citation Index (SSCI), Arts & Humanities Citation Index (AHCI), and Emerging Sources Citation Index (ESCI).Quartile The latest Quartile of journal of engineering and applied science is Q2.Each subject category of journals is divided into four quartiles: Q1, Q2, Q3, Q4. Q1 is occupied by the top 25% of journals in the list; Q2 is occupied by journals in the 25 to 50% group; Q3 is occupied by journals in the 50 to 75% group and Q4 is occupied by journals in the 75 to 100% group.Publication fee Based on the Official Journal Homepage, the journal of engineering and applied science does not charge any publication fee.An article processing charge (APC), also known as a publication fee, is a fee which is sometimes charged to authors. Most commonly, it is involved in making a work available as open access (OA), in either a full OA journal or in a hybrid journal.Journal Publication Time The Journal Publication Time means the average number of weeks between article submission and publication. According to the journal website, the journal of engineering and applied science publishes research articles in 9 weeks on an average.Call for PapersVisit to the official website of the journal/ conference to check the details about call for papers.How to publish in Journal Of Engineering And Applied Science?If your research is related to Engineering, then visit the official website of journal of engineering and applied science and send your manuscript.Tips for publishing in Journal Of Engineering And Applied Science:Selection of research problem.Presenting a solution.Designing the paper.Make your manuscript publication worthy.Write an effective results section.Mind your references.Acceptance RateAcceptance rate is the ratio of the number of articles submitted to the number of articles published. Researchers can check the acceptance rate on the journal website. Alternatively, they can contact the editor of the journal.Final SummaryIt is published by .The journal is indexed in UGC CARE, Scopus, DOAJ.It is an open access journal.The (SJR) SCImago Journal Rank is 0.539.The publication time (Average number of weeks between article submission and publication) of the journal is 9 weeks.Based on the Official Journal Homepage, the journal of engineering and applied science does not charge any publication fee.Sources: https://jeas.springeropen.com/","ISSN: 11101903, 25369512 Journal Scope: Engineering","11101903, 25369512",9 weeks,Free (Verified via Directory),Indexed,https://journalsearches.com/journal.php?title=journal of engineering and applied science
"Autonomous Intelligent Systems Publisher:  Springer ISSN: 2730616X Journal Scope: Computer Science; Engineering Country of Publisher:  Singapore Scopus CiteScore: 6 Scopus Coverage: 2021-2025 H-Index:  13 SJR:  0.83 Quartile: Computer Science (miscellaneous) (Q1); Electrical and Electronic Engineering (Q1) Open Access: YesIndexing The autonomous intelligent systems is indexed in:UGC CAREScopusDOAJAn indexed journal means that the journal has gone through and passed a review process of certain requirements done by a journal indexer.The Web of Science Core Collection includes the Science Citation Index Expanded (SCIE), Social Sciences Citation Index (SSCI), Arts & Humanities Citation Index (AHCI), and Emerging Sources Citation Index (ESCI).Quartile The latest Quartile of autonomous intelligent systems is Q1.Each subject category of journals is divided into four quartiles: Q1, Q2, Q3, Q4. Q1 is occupied by the top 25% of journals in the list; Q2 is occupied by journals in the 25 to 50% group; Q3 is occupied by journals in the 50 to 75% group and Q4 is occupied by journals in the 75 to 100% group.Publication fee Based on the Official Journal Homepage, the autonomous intelligent systems does not charge any publication fee.An article processing charge (APC), also known as a publication fee, is a fee which is sometimes charged to authors. Most commonly, it is involved in making a work available as open access (OA), in either a full OA journal or in a hybrid journal.Journal Publication Time The Journal Publication Time means the average number of weeks between article submission and publication. According to the journal website, the autonomous intelligent systems publishes research articles in 21 weeks on an average.Call for PapersVisit to the official website of the journal/ conference to check the details about call for papers.How to publish in Autonomous Intelligent Systems?If your research is related to Computer Science; Engineering, then visit the official website of autonomous intelligent systems and send your manuscript.Tips for publishing in Autonomous Intelligent Systems:Selection of research problem.Presenting a solution.Designing the paper.Make your manuscript publication worthy.Write an effective results section.Mind your references.Acceptance RateAcceptance rate is the ratio of the number of articles submitted to the number of articles published. Researchers can check the acceptance rate on the journal website. Alternatively, they can contact the editor of the journal.Final SummaryIt is published by Springer.The journal is indexed in UGC CARE, Scopus, DOAJ.It is an open access journal.The (SJR) SCImago Journal Rank is 0.83.The publication time (Average number of weeks between article submission and publication) of the journal is 21 weeks.Based on the Official Journal Homepage, the autonomous intelligent systems does not charge any publication fee.Sources: https://www.springer.com/journal/43684",Springer,2730616X,21 weeks,Free (Verified via Directory),Indexed,https://journalsearches.com/journal.php?title=autonomous intelligent systems
"Disciplinary and Interdisciplinary Science Education Research Publisher:  Springer ISSN: 26622300 Journal Scope: Pharmacology, Toxicology and Pharmaceutics; Social Sciences Country of Publisher:  Singapore Scopus CiteScore: 5.2 Scopus Coverage: 2019-2025 H-Index:  19 SJR:  0.825 Quartile: Social Sciences (miscellaneous) (Q1); Pharmacology (Q2) Open Access: YesIndexing The disciplinary and interdisciplinary science education research is indexed in:UGC CAREScopusDOAJAn indexed journal means that the journal has gone through and passed a review process of certain requirements done by a journal indexer.The Web of Science Core Collection includes the Science Citation Index Expanded (SCIE), Social Sciences Citation Index (SSCI), Arts & Humanities Citation Index (AHCI), and Emerging Sources Citation Index (ESCI).Quartile The latest Quartile of disciplinary and interdisciplinary science education research is Q1.Each subject category of journals is divided into four quartiles: Q1, Q2, Q3, Q4. Q1 is occupied by the top 25% of journals in the list; Q2 is occupied by journals in the 25 to 50% group; Q3 is occupied by journals in the 50 to 75% group and Q4 is occupied by journals in the 75 to 100% group.Publication fee Based on the Official Journal Homepage, the disciplinary and interdisciplinary science education research does not charge any publication fee.An article processing charge (APC), also known as a publication fee, is a fee which is sometimes charged to authors. Most commonly, it is involved in making a work available as open access (OA), in either a full OA journal or in a hybrid journal.Journal Publication Time The Journal Publication Time means the average number of weeks between article submission and publication. According to the journal website, the disciplinary and interdisciplinary science education research publishes research articles in 35 weeks on an average.Call for PapersVisit to the official website of the journal/ conference to check the details about call for papers.How to publish in Disciplinary And Interdisciplinary Science Education Research?If your research is related to Pharmacology, Toxicology and Pharmaceutics; Social Sciences, then visit the official website of disciplinary and interdisciplinary science education research and send your manuscript.Tips for publishing in Disciplinary And Interdisciplinary Science Education Research:Selection of research problem.Presenting a solution.Designing the paper.Make your manuscript publication worthy.Write an effective results section.Mind your references.Acceptance RateAcceptance rate is the ratio of the number of articles submitted to the number of articles published. Researchers can check the acceptance rate on the journal website. Alternatively, they can contact the editor of the journal.Final SummaryIt is published by Springer.The journal is indexed in UGC CARE, Scopus, DOAJ.It is an open access journal.The (SJR) SCImago Journal Rank is 0.825.The publication time (Average number of weeks between article submission and publication) of the journal is 35 weeks.Based on the Official Journal Homepage, the disciplinary and interdisciplinary science education research does not charge any publication fee.Sources: https://diser.springeropen.com/",Springer,26622300,35 weeks,Free (Verified via Directory),Indexed,https://journalsearches.com/journal.php?title=disciplinary and interdisciplinary science education research
"Journal of Leather Science and Engineering Publisher:  Springer Singapore P-ISSN: 20966873 Open Access: Unpaywall Open Access Scopus Status: Inactive Scopus Coverage:  2019-2022Indexing The journal of leather science and engineering is indexed in:The journal is discontinued by the Scopus.DOAJAn indexed journal means that the journal has gone through and passed a review process of certain requirements done by a journal indexer.The Web of Science Core Collection includes the Science Citation Index Expanded (SCIE), Social Sciences Citation Index (SSCI), Arts & Humanities Citation Index (AHCI), and Emerging Sources Citation Index (ESCI).Publication fee Based on the Official Journal Homepage, the journal of leather science and engineering does not charge any publication fee.An article processing charge (APC), also known as a publication fee, is a fee which is sometimes charged to authors. Most commonly, it is involved in making a work available as open access (OA), in either a full OA journal or in a hybrid journal.Journal Publication Time The Journal Publication Time means the average number of weeks between article submission and publication. According to the journal website, the journal of leather science and engineering publishes research articles in 20 weeks on an average.Call for PapersVisit to the official website of the journal/ conference to check the details about call for papers.How to publish in Journal Of Leather Science And Engineering?If your research is related to the scope of the journal, then visit the official website of journal of leather science and engineering and send your manuscript.Tips for publishing in Journal Of Leather Science And Engineering:Selection of research problem.Presenting a solution.Designing the paper.Make your manuscript publication worthy.Write an effective results section.Mind your references.Acceptance RateAcceptance rate is the ratio of the number of articles submitted to the number of articles published. Researchers can check the acceptance rate on the journal website. Alternatively, they can contact the editor of the journal.Final SummaryIt is published by Springer Singapore.The journal is indexed in , DOAJ.It is an open access journal.The publication time (Average number of weeks between article submission and publication) of the journal is 20 weeks.Based on the Official Journal Homepage, the journal of leather science and engineering does not charge any publication fee.Sources: https://jlse.springeropen.com/",Springer Singapore,20966873,20 weeks,Free (Stated on Website),Indexed,https://journalsearches.com/journal.php?title=journal of leather science and engineering
"Intensive Care Research Publisher:  Springer P-ISSN:  E-ISSN: 2666-9862 Language:  English Country of Publisher:  Switzerland APC: No Processing Time (Weeks):  23 Review Process:  Anonymous peer review Subjects:  Medicine: Internal medicine: Medical emergencies. Critical care. Intensive care. First aidIndexing The intensive care research is indexed in:DOAJAn indexed journal means that the journal has gone through and passed a review process of certain requirements done by a journal indexer.The Web of Science Core Collection includes the Science Citation Index Expanded (SCIE), Social Sciences Citation Index (SSCI), Arts & Humanities Citation Index (AHCI), and Emerging Sources Citation Index (ESCI).Publication fee Based on the Official Journal Homepage, the intensive care research does not charge any publication fee.An article processing charge (APC), also known as a publication fee, is a fee which is sometimes charged to authors. Most commonly, it is involved in making a work available as open access (OA), in either a full OA journal or in a hybrid journal.Journal Publication Time The Journal Publication Time means the average number of weeks between article submission and publication. According to the journal website, the intensive care research publishes research articles in 23 weeks on an average.Call for PapersVisit to the official website of the journal/ conference to check the details about call for papers.How to publish in Intensive Care Research?If your research is related to medical emergencies, critical care, intensive care, emergency medicine, then visit the official website of intensive care research and send your manuscript.Tips for publishing in Intensive Care Research:Selection of research problem.Presenting a solution.Designing the paper.Make your manuscript publication worthy.Write an effective results section.Mind your references.Acceptance RateAcceptance rate is the ratio of the number of articles submitted to the number of articles published. Researchers can check the acceptance rate on the journal website. Alternatively, they can contact the editor of the journal.Final SummaryIt is published by Springer.The journal is indexed in , DOAJ.It is an open access journal.The publication time (Average number of weeks between article submission and publication) of the journal is 23 weeks.Based on the Official Journal Homepage, the intensive care research does not charge any publication fee.Sources: https://www.springer.com/journal/44231",Springer,2666-9862,23 weeks,Free (Stated on Website),Not Indexed,https://journalsearches.com/journal.php?title=intensive care research
"Journal of Umm Al-Qura University for Engineering and Architecture Publisher:  Springer Science and Business Media Deutschland GmbH ISSN: 16588150 Journal Scope: Energy; Engineering Country of Publisher:  Germany Scopus CiteScore: 2.4 Scopus Coverage: 2023-2025 H-Index:  6 SJR:  0.436 Quartile: Architecture (Q1); Building and Construction (Q2); Civil and Structural Engineering (Q2); Energy (miscellaneous) (Q3) Open Access: YesIndexing The journal of umm al-qura university for engineering and architecture is indexed in:UGC CAREScopusDOAJAn indexed journal means that the journal has gone through and passed a review process of certain requirements done by a journal indexer.The Web of Science Core Collection includes the Science Citation Index Expanded (SCIE), Social Sciences Citation Index (SSCI), Arts & Humanities Citation Index (AHCI), and Emerging Sources Citation Index (ESCI).Quartile The latest Quartile of journal of umm al-qura university for engineering and architecture is Q1.Each subject category of journals is divided into four quartiles: Q1, Q2, Q3, Q4. Q1 is occupied by the top 25% of journals in the list; Q2 is occupied by journals in the 25 to 50% group; Q3 is occupied by journals in the 50 to 75% group and Q4 is occupied by journals in the 75 to 100% group.Publication fee Based on the Official Journal Homepage, the journal of umm al-qura university for engineering and architecture does not charge any publication fee.An article processing charge (APC), also known as a publication fee, is a fee which is sometimes charged to authors. Most commonly, it is involved in making a work available as open access (OA), in either a full OA journal or in a hybrid journal.Journal Publication Time The Journal Publication Time means the average number of weeks between article submission and publication. According to the journal website, the journal of umm al-qura university for engineering and architecture publishes research articles in 15 weeks on an average.Call for PapersVisit to the official website of the journal/ conference to check the details about call for papers.How to publish in Journal Of Umm Al-qura University For Engineering And Architecture?If your research is related to Energy; Engineering, then visit the official website of journal of umm al-qura university for engineering and architecture and send your manuscript.Tips for publishing in Journal Of Umm Al-qura University For Engineering And Architecture:Selection of research problem.Presenting a solution.Designing the paper.Make your manuscript publication worthy.Write an effective results section.Mind your references.Acceptance RateAcceptance rate is the ratio of the number of articles submitted to the number of articles published. Researchers can check the acceptance rate on the journal website. Alternatively, they can contact the editor of the journal.Final SummaryIt is published by Springer Science and Business Media Deutschland GmbH.The journal is indexed in UGC CARE, Scopus, DOAJ.It is an open access journal.The (SJR) SCImago Journal Rank is 0.436.The publication time (Average number of weeks between article submission and publication) of the journal is 15 weeks.Based on the Official Journal Homepage, the journal of umm al-qura university for engineering and architecture does not charge any publication fee.Sources: https://www.springer.com/journal/43995",Springer Science and Business Media Deutschland GmbH,16588150,15 weeks,Free (Stated on Website),Indexed,https://journalsearches.com/journal.php?title=journal of umm al-qura university for engineering and architecture
"Collagen and Leather Publisher:  Springer ISSN: 20971419, 27316998 Journal Scope: Chemical Engineering; Chemistry; Engineering Country of Publisher:  Singapore Scopus CiteScore: 10.2 Scopus Coverage: 2023-2025 H-Index:  27 SJR:  1.116 Quartile: Biomedical Engineering (Q1); Chemical Engineering (miscellaneous) (Q1); Chemistry (miscellaneous) (Q1); Process Chemistry and Technology (Q1) Open Access: YesIndexing The collagen and leather is indexed in:UGC CAREScopusDOAJAn indexed journal means that the journal has gone through and passed a review process of certain requirements done by a journal indexer.The Web of Science Core Collection includes the Science Citation Index Expanded (SCIE), Social Sciences Citation Index (SSCI), Arts & Humanities Citation Index (AHCI), and Emerging Sources Citation Index (ESCI).Collagen And Leather Impact Factor 2026 The latest impact factor of collagen and leather is 9.2 which was recently updated in June, 2025.From the recent Journal Citation Reports (JCR) releases onward, the Impact Factor is provided to all journals indexed in the Web of Science Core Collection, including SCIE, SSCI, ESCI, and AHCI.The impact factor (IF) is a measure of the frequency with which the average article in a journal has been cited in a particular year. It is used to measure the importance or rank of a journal by calculating the times it's articles are cited.Note: Every year, The Clarivate releases the Journal Citation Report (JCR). The JCR provides information about academic journals including impact factor. The latest JCR was released in June, 2025.Quartile The latest Quartile of collagen and leather is Q1.Each subject category of journals is divided into four quartiles: Q1, Q2, Q3, Q4. Q1 is occupied by the top 25% of journals in the list; Q2 is occupied by journals in the 25 to 50% group; Q3 is occupied by journals in the 50 to 75% group and Q4 is occupied by journals in the 75 to 100% group.Publication fee Based on the Official Journal Homepage, the collagen and leather does not charge any publication fee.An article processing charge (APC), also known as a publication fee, is a fee which is sometimes charged to authors. Most commonly, it is involved in making a work available as open access (OA), in either a full OA journal or in a hybrid journal.Journal Publication Time The Journal Publication Time means the average number of weeks between article submission and publication. According to the journal website, the collagen and leather publishes research articles in 20 weeks on an average.Call for PapersVisit to the official website of the journal/ conference to check the details about call for papers.How to publish in Collagen And Leather?If your research is related to Chemical Engineering; Chemistry; Engineering, then visit the official website of collagen and leather and send your manuscript.Tips for publishing in Collagen And Leather:Selection of research problem.Presenting a solution.Designing the paper.Make your manuscript publication worthy.Write an effective results section.Mind your references.Acceptance RateAcceptance rate is the ratio of the number of articles submitted to the number of articles published. Researchers can check the acceptance rate on the journal website. Alternatively, they can contact the editor of the journal.Final SummaryThe impact factor of collagen and leather is 9.2.The collagen and leather is a reputed research journal.It is published by Springer.The journal is indexed in UGC CARE, Scopus, DOAJ.It is an open access journal.The (SJR) SCImago Journal Rank is 1.116.The publication time (Average number of weeks between article submission and publication) of the journal is 20 weeks.Based on the Official Journal Homepage, the collagen and leather does not charge any publication fee.Sources: https://jlse.springeropen.com",Springer,"20971419, 27316998",20 weeks,Free (Stated on Website),Indexed,https://journalsearches.com/journal.php?title=collagen and leather
"Journal of Umm Al-Qura University for Applied Sciences Publisher:  Springer ISSN: 16588185 Journal Scope: Agricultural and Biological Sciences; Chemistry; Earth and Planetary Sciences; Immunology and Microbiology; Mathematics Country of Publisher:  United Arab Emirates Scopus CiteScore: 4.5 Scopus Coverage: 2022-2025 H-Index:  12 SJR:  0.64 Quartile: Agricultural and Biological Sciences (miscellaneous) (Q1); Chemistry (miscellaneous) (Q2); Geology (Q2); Mathematics (miscellaneous) (Q2); Microbiology (Q3) Open Access: YesIndexing The journal of umm al-qura university for applied sciences is indexed in:UGC CAREScopusDOAJAn indexed journal means that the journal has gone through and passed a review process of certain requirements done by a journal indexer.The Web of Science Core Collection includes the Science Citation Index Expanded (SCIE), Social Sciences Citation Index (SSCI), Arts & Humanities Citation Index (AHCI), and Emerging Sources Citation Index (ESCI).Quartile The latest Quartile of journal of umm al-qura university for applied sciences is Q1.Each subject category of journals is divided into four quartiles: Q1, Q2, Q3, Q4. Q1 is occupied by the top 25% of journals in the list; Q2 is occupied by journals in the 25 to 50% group; Q3 is occupied by journals in the 50 to 75% group and Q4 is occupied by journals in the 75 to 100% group.Publication fee Based on the Official Journal Homepage, the journal of umm al-qura university for applied sciences does not charge any publication fee.An article processing charge (APC), also known as a publication fee, is a fee which is sometimes charged to authors. Most commonly, it is involved in making a work available as open access (OA), in either a full OA journal or in a hybrid journal.Journal Publication Time The Journal Publication Time means the average number of weeks between article submission and publication. According to the journal website, the journal of umm al-qura university for applied sciences publishes research articles in 15 weeks on an average.Call for PapersVisit to the official website of the journal/ conference to check the details about call for papers.How to publish in Journal Of Umm Al-qura University For Applied Sciences?If your research is related to Agricultural and Biological Sciences; Chemistry; Earth and Planetary Sciences; Immunology and Microbiology; Mathematics, then visit the official website of journal of umm al-qura university for applied sciences and send your manuscript.Tips for publishing in Journal Of Umm Al-qura University For Applied Sciences:Selection of research problem.Presenting a solution.Designing the paper.Make your manuscript publication worthy.Write an effective results section.Mind your references.Acceptance RateAcceptance rate is the ratio of the number of articles submitted to the number of articles published. Researchers can check the acceptance rate on the journal website. Alternatively, they can contact the editor of the journal.Final SummaryIt is published by Springer.The journal is indexed in UGC CARE, Scopus, DOAJ.It is an open access journal.The (SJR) SCImago Journal Rank is 0.64.The publication time (Average number of weeks between article submission and publication) of the journal is 15 weeks.Based on the Official Journal Homepage, the journal of umm al-qura university for applied sciences does not charge any publication fee.Sources: https://www.springer.com/journal/43994",Springer,16588185,15 weeks,Free (Stated on Website),Indexed,https://journalsearches.com/journal.php?title=journal of umm al-qura university for applied sciences
"Journal of Psychosexual Health Publisher:  SAGE Publishing P-ISSN: 2631-8318 E-ISSN: 2631-8326 Language:  English Country of Publisher:  United States APC: No Processing Time (Weeks):  10 Review Process:  Double anonymous peer review Subjects:  Medicine: Other systems of medicine: Mental healing | Philosophy. Psychology. Religion: PsychologyIndexing The journal of psychosexual health is indexed in:DOAJAn indexed journal means that the journal has gone through and passed a review process of certain requirements done by a journal indexer.The Web of Science Core Collection includes the Science Citation Index Expanded (SCIE), Social Sciences Citation Index (SSCI), Arts & Humanities Citation Index (AHCI), and Emerging Sources Citation Index (ESCI).Publication fee Based on the Official Journal Homepage, the journal of psychosexual health does not charge any publication fee.An article processing charge (APC), also known as a publication fee, is a fee which is sometimes charged to authors. Most commonly, it is involved in making a work available as open access (OA), in either a full OA journal or in a hybrid journal.Journal Publication Time The Journal Publication Time means the average number of weeks between article submission and publication. According to the journal website, the journal of psychosexual health publishes research articles in 10 weeks on an average.Call for PapersVisit to the official website of the journal/ conference to check the details about call for papers.How to publish in Journal Of Psychosexual Health?If your research is related to sexuality, mental health, psychosexual disorders, sexual behavior, then visit the official website of journal of psychosexual health and send your manuscript.Tips for publishing in Journal Of Psychosexual Health:Selection of research problem.Presenting a solution.Designing the paper.Make your manuscript publication worthy.Write an effective results section.Mind your references.Acceptance RateAcceptance rate is the ratio of the number of articles submitted to the number of articles published. Researchers can check the acceptance rate on the journal website. Alternatively, they can contact the editor of the journal.Final SummaryIt is published by SAGE Publishing.The journal is indexed in , DOAJ.It is an open access journal.The publication time (Average number of weeks between article submission and publication) of the journal is 10 weeks.Based on the Official Journal Homepage, the journal of psychosexual health does not charge any publication fee.Sources: https://journals.sagepub.com/home/ssh",SAGE Publishing,2631-8326,10 weeks,Free (Verified via Directory),Not Indexed,https://journalsearches.com/journal.php?title=journal of psychosexual health
"Stress Biology Publisher:  Springer ISSN: 27310450 Journal Scope: Agricultural and Biological Sciences; Immunology and Microbiology Country of Publisher:  Germany Scopus CiteScore: 6.3 Scopus Coverage: 2021-2025 H-Index:  16 SJR:  1.339 Quartile: Agronomy and Crop Science (Q1); Animal Science and Zoology (Q1); Microbiology (Q1); Plant Science (Q1) Open Access: YesIndexing The stress biology is indexed in:UGC CAREScopusDOAJAn indexed journal means that the journal has gone through and passed a review process of certain requirements done by a journal indexer.The Web of Science Core Collection includes the Science Citation Index Expanded (SCIE), Social Sciences Citation Index (SSCI), Arts & Humanities Citation Index (AHCI), and Emerging Sources Citation Index (ESCI).Stress Biology Impact Factor 2026 The latest impact factor of stress biology is 5.8 which was recently updated in June, 2025.From the recent Journal Citation Reports (JCR) releases onward, the Impact Factor is provided to all journals indexed in the Web of Science Core Collection, including SCIE, SSCI, ESCI, and AHCI.The impact factor (IF) is a measure of the frequency with which the average article in a journal has been cited in a particular year. It is used to measure the importance or rank of a journal by calculating the times it's articles are cited.Note: Every year, The Clarivate releases the Journal Citation Report (JCR). The JCR provides information about academic journals including impact factor. The latest JCR was released in June, 2025.Quartile The latest Quartile of stress biology is Q1.Each subject category of journals is divided into four quartiles: Q1, Q2, Q3, Q4. Q1 is occupied by the top 25% of journals in the list; Q2 is occupied by journals in the 25 to 50% group; Q3 is occupied by journals in the 50 to 75% group and Q4 is occupied by journals in the 75 to 100% group.Publication fee Based on the Official Journal Homepage, the stress biology does not charge any publication fee.An article processing charge (APC), also known as a publication fee, is a fee which is sometimes charged to authors. Most commonly, it is involved in making a work available as open access (OA), in either a full OA journal or in a hybrid journal.Journal Publication Time The Journal Publication Time means the average number of weeks between article submission and publication. According to the journal website, the stress biology publishes research articles in 12 weeks on an average.Call for PapersVisit to the official website of the journal/ conference to check the details about call for papers.How to publish in Stress Biology?If your research is related to Agricultural and Biological Sciences; Immunology and Microbiology, then visit the official website of stress biology and send your manuscript.Tips for publishing in Stress Biology:Selection of research problem.Presenting a solution.Designing the paper.Make your manuscript publication worthy.Write an effective results section.Mind your references.Acceptance RateAcceptance rate is the ratio of the number of articles submitted to the number of articles published. Researchers can check the acceptance rate on the journal website. Alternatively, they can contact the editor of the journal.Final SummaryThe impact factor of stress biology is 5.8.The stress biology is a reputed research journal.It is published by Springer.The journal is indexed in UGC CARE, Scopus, DOAJ.It is an open access journal.The (SJR) SCImago Journal Rank is 1.339.The publication time (Average number of weeks between article submission and publication) of the journal is 12 weeks.Based on the Official Journal Homepage, the stress biology does not charge any publication fee.Sources: https://www.springer.com/journal/44154",Springer,27310450,12 weeks,Free (Verified via Directory),Indexed,https://journalsearches.com/journal.php?title=stress biology
"Frontiers of Urban and Rural Planning Publisher:  Springer P-ISSN:  E-ISSN: 2731-6661 Language:  English Country of Publisher:  Germany APC: No Processing Time (Weeks):  25 Review Process:  Double anonymous peer review Subjects:  Social Sciences: Communities. Classes. Races: Urban groups. The city. Urban sociology: Urbanization. City and country | Social Sciences: Communities. Classes. Races: Urban groups. The city. Urban sociology: Regional planningIndexing The frontiers of urban and rural planning is indexed in:DOAJAn indexed journal means that the journal has gone through and passed a review process of certain requirements done by a journal indexer.The Web of Science Core Collection includes the Science Citation Index Expanded (SCIE), Social Sciences Citation Index (SSCI), Arts & Humanities Citation Index (AHCI), and Emerging Sources Citation Index (ESCI).Publication fee Based on the Official Journal Homepage, the frontiers of urban and rural planning does not charge any publication fee.An article processing charge (APC), also known as a publication fee, is a fee which is sometimes charged to authors. Most commonly, it is involved in making a work available as open access (OA), in either a full OA journal or in a hybrid journal.Journal Publication Time The Journal Publication Time means the average number of weeks between article submission and publication. According to the journal website, the frontiers of urban and rural planning publishes research articles in 25 weeks on an average.Call for PapersVisit to the official website of the journal/ conference to check the details about call for papers.How to publish in Frontiers Of Urban And Rural Planning?If your research is related to urban planning, urban development, rural development, then visit the official website of frontiers of urban and rural planning and send your manuscript.Tips for publishing in Frontiers Of Urban And Rural Planning:Selection of research problem.Presenting a solution.Designing the paper.Make your manuscript publication worthy.Write an effective results section.Mind your references.Acceptance RateAcceptance rate is the ratio of the number of articles submitted to the number of articles published. Researchers can check the acceptance rate on the journal website. Alternatively, they can contact the editor of the journal.Final SummaryIt is published by Springer.The journal is indexed in , DOAJ.It is an open access journal.The publication time (Average number of weeks between article submission and publication) of the journal is 25 weeks.Based on the Official Journal Homepage, the frontiers of urban and rural planning does not charge any publication fee.Sources: https://www.springer.com/journal/44243",Springer,2731-6661,25 weeks,Free (Stated on Website),Not Indexed,https://journalsearches.com/journal.php?title=frontiers of urban and rural planning
"Horticulture Advances Publisher:  Springer P-ISSN:  Open Access: Unpaywall Open Access Scopus Status: Active Scopus Coverage:  2023-2025Indexing The horticulture advances is indexed in:ScopusDOAJAn indexed journal means that the journal has gone through and passed a review process of certain requirements done by a journal indexer.The Web of Science Core Collection includes the Science Citation Index Expanded (SCIE), Social Sciences Citation Index (SSCI), Arts & Humanities Citation Index (AHCI), and Emerging Sources Citation Index (ESCI).Publication fee Based on the Official Journal Homepage, the horticulture advances does not charge any publication fee.An article processing charge (APC), also known as a publication fee, is a fee which is sometimes charged to authors. Most commonly, it is involved in making a work available as open access (OA), in either a full OA journal or in a hybrid journal.Journal Publication Time The Journal Publication Time means the average number of weeks between article submission and publication. According to the journal website, the horticulture advances publishes research articles in 18 weeks on an average.Call for PapersVisit to the official website of the journal/ conference to check the details about call for papers.How to publish in Horticulture Advances?If your research is related to the scope of the journal, then visit the official website of horticulture advances and send your manuscript.Tips for publishing in Horticulture Advances:Selection of research problem.Presenting a solution.Designing the paper.Make your manuscript publication worthy.Write an effective results section.Mind your references.Acceptance RateAcceptance rate is the ratio of the number of articles submitted to the number of articles published. Researchers can check the acceptance rate on the journal website. Alternatively, they can contact the editor of the journal.Final SummaryIt is published by Springer.The journal is indexed in , Scopus, DOAJ.It is an open access journal.The publication time (Average number of weeks between article submission and publication) of the journal is 18 weeks.Based on the Official Journal Homepage, the horticulture advances does not charge any publication fee.Sources: https://link.springer.com/journal/44281",Springer,,18 weeks,Free (Stated on Website),Indexed,https://journalsearches.com/journal.php?title=horticulture advances
"The Cardiothoracic Surgeon Publisher:  SpringerOpen P-ISSN:  E-ISSN: 2662-2203 Language:  English Country of Publisher:  United Kingdom APC: No Processing Time (Weeks):  9 Review Process:  Double anonymous peer review Subjects:  Medicine: Surgery | Medicine: Internal medicine: Specialties of internal medicine: Diseases of the circulatory (Cardiovascular) systemIndexing The the cardiothoracic surgeon is indexed in:DOAJAn indexed journal means that the journal has gone through and passed a review process of certain requirements done by a journal indexer.The Web of Science Core Collection includes the Science Citation Index Expanded (SCIE), Social Sciences Citation Index (SSCI), Arts & Humanities Citation Index (AHCI), and Emerging Sources Citation Index (ESCI).Publication fee Based on the Official Journal Homepage, the the cardiothoracic surgeon does not charge any publication fee.An article processing charge (APC), also known as a publication fee, is a fee which is sometimes charged to authors. Most commonly, it is involved in making a work available as open access (OA), in either a full OA journal or in a hybrid journal.Journal Publication Time The Journal Publication Time means the average number of weeks between article submission and publication. According to the journal website, the the cardiothoracic surgeon publishes research articles in 9 weeks on an average.Call for PapersVisit to the official website of the journal/ conference to check the details about call for papers.How to publish in The Cardiothoracic Surgeon?If your research is related to cardiac surgery, thoracic surgery, cardiology, cardiothoracic diseases, then visit the official website of the cardiothoracic surgeon and send your manuscript.Tips for publishing in The Cardiothoracic Surgeon:Selection of research problem.Presenting a solution.Designing the paper.Make your manuscript publication worthy.Write an effective results section.Mind your references.Acceptance RateAcceptance rate is the ratio of the number of articles submitted to the number of articles published. Researchers can check the acceptance rate on the journal website. Alternatively, they can contact the editor of the journal.Final SummaryIt is published by SpringerOpen.The journal is indexed in , DOAJ.It is an open access journal.The publication time (Average number of weeks between article submission and publication) of the journal is 9 weeks.Based on the Official Journal Homepage, the the cardiothoracic surgeon does not charge any publication fee.Sources: https://cts.springeropen.com/",SpringerOpen,2662-2203,9 weeks,Free (Verified via Directory),Not Indexed,https://journalsearches.com/journal.php?title=the cardiothoracic surgeon
"Clinical Phytoscience Publisher:  SpringerOpen P-ISSN:  E-ISSN: 2199-1197 Language:  English Country of Publisher:  Germany APC: No Processing Time (Weeks):  13 Review Process:  Anonymous peer review Subjects:  Medicine: HomeopathyIndexing The clinical phytoscience is indexed in:DOAJEmbaseAn indexed journal means that the journal has gone through and passed a review process of certain requirements done by a journal indexer.The Web of Science Core Collection includes the Science Citation Index Expanded (SCIE), Social Sciences Citation Index (SSCI), Arts & Humanities Citation Index (AHCI), and Emerging Sources Citation Index (ESCI).Publication fee Based on the Official Journal Homepage, the clinical phytoscience does not charge any publication fee.An article processing charge (APC), also known as a publication fee, is a fee which is sometimes charged to authors. Most commonly, it is involved in making a work available as open access (OA), in either a full OA journal or in a hybrid journal.Journal Publication Time The Journal Publication Time means the average number of weeks between article submission and publication. According to the journal website, the clinical phytoscience publishes research articles in 13 weeks on an average.Call for PapersVisit to the official website of the journal/ conference to check the details about call for papers.How to publish in Clinical Phytoscience?If your research is related to medicine/public health general, gynecology, pneumology/respiratory system, gastroenterology, pediatrics, then visit the official website of clinical phytoscience and send your manuscript.Tips for publishing in Clinical Phytoscience:Selection of research problem.Presenting a solution.Designing the paper.Make your manuscript publication worthy.Write an effective results section.Mind your references.Acceptance RateAcceptance rate is the ratio of the number of articles submitted to the number of articles published. Researchers can check the acceptance rate on the journal website. Alternatively, they can contact the editor of the journal.Final SummaryIt is published by SpringerOpen.The journal is indexed in , DOAJ, Embase.It is an open access journal.The publication time (Average number of weeks between article submission and publication) of the journal is 13 weeks.Based on the Official Journal Homepage, the clinical phytoscience does not charge any publication fee.Sources: http://www.clinphytoscience.com/",SpringerOpen,2199-1197,13 weeks,Free (Stated on Website),Not Indexed,https://journalsearches.com/journal.php?title=clinical phytoscience
"Medicine Access @ Point of Care Publisher:  SAGE Publishing P-ISSN:  E-ISSN: 2399-2026 Language:  English Country of Publisher:  United Kingdom APC: No Processing Time (Weeks):  15 Review Process:  Anonymous peer review Subjects:  Medicine: Medicine (General)Indexing The medicine access @ point of care is indexed in:DOAJAn indexed journal means that the journal has gone through and passed a review process of certain requirements done by a journal indexer.The Web of Science Core Collection includes the Science Citation Index Expanded (SCIE), Social Sciences Citation Index (SSCI), Arts & Humanities Citation Index (AHCI), and Emerging Sources Citation Index (ESCI).Publication fee Based on the Official Journal Homepage, the medicine access @ point of care does not charge any publication fee.An article processing charge (APC), also known as a publication fee, is a fee which is sometimes charged to authors. Most commonly, it is involved in making a work available as open access (OA), in either a full OA journal or in a hybrid journal.Journal Publication Time The Journal Publication Time means the average number of weeks between article submission and publication. According to the journal website, the medicine access @ point of care publishes research articles in 15 weeks on an average.Call for PapersVisit to the official website of the journal/ conference to check the details about call for papers.How to publish in Medicine Access @ Point Of Care?If your research is related to access to medicine, regulatory compliance, patient demand, then visit the official website of medicine access @ point of care and send your manuscript.Tips for publishing in Medicine Access @ Point Of Care:Selection of research problem.Presenting a solution.Designing the paper.Make your manuscript publication worthy.Write an effective results section.Mind your references.Acceptance RateAcceptance rate is the ratio of the number of articles submitted to the number of articles published. Researchers can check the acceptance rate on the journal website. Alternatively, they can contact the editor of the journal.Final SummaryIt is published by SAGE Publishing.The journal is indexed in , DOAJ.It is an open access journal.The publication time (Average number of weeks between article submission and publication) of the journal is 15 weeks.Based on the Official Journal Homepage, the medicine access @ point of care does not charge any publication fee.Sources: http://journals.sagepub.com/home/map",SAGE Publishing,2399-2026,15 weeks,Free (Stated on Website),Not Indexed,https://journalsearches.com/journal.php?title=medicine access @ point of care
"Future Journal of Pharmaceutical Sciences Publisher:  Future University in Egypt ISSN: 2314-7245 E-ISSN: 2314-7253 Current UGC CARE Status: UGC CARE Approved UGC Coverage:  from June - 2019  to  PresentIndexing The future journal of pharmaceutical sciences is indexed in:UGC CAREWeb of Science (ESCI)DOAJEmbaseAn indexed journal means that the journal has gone through and passed a review process of certain requirements done by a journal indexer.The Web of Science Core Collection includes the Science Citation Index Expanded (SCIE), Social Sciences Citation Index (SSCI), Arts & Humanities Citation Index (AHCI), and Emerging Sources Citation Index (ESCI).Note: ESCI journals donot come with an impact factor. However, ESCI journals are evaluated every year and those who qualified are transferred to SCIE.Future Journal Of Pharmaceutical Sciences Impact Factor 2026 The latest impact factor of future journal of pharmaceutical sciences is 3.0 which was recently updated in June, 2025.From the recent Journal Citation Reports (JCR) releases onward, the Impact Factor is provided to all journals indexed in the Web of Science Core Collection, including SCIE, SSCI, ESCI, and AHCI.The impact factor (IF) is a measure of the frequency with which the average article in a journal has been cited in a particular year. It is used to measure the importance or rank of a journal by calculating the times it's articles are cited.Note: Every year, The Clarivate releases the Journal Citation Report (JCR). The JCR provides information about academic journals including impact factor. The latest JCR was released in June, 2025.Publication fee Based on the Official Journal Homepage, the future journal of pharmaceutical sciences does not charge any publication fee.An article processing charge (APC), also known as a publication fee, is a fee which is sometimes charged to authors. Most commonly, it is involved in making a work available as open access (OA), in either a full OA journal or in a hybrid journal.Journal Publication Time The Journal Publication Time means the average number of weeks between article submission and publication. According to the journal website, the future journal of pharmaceutical sciences publishes research articles in 23 weeks on an average.Call for PapersVisit to the official website of the journal/ conference to check the details about call for papers.How to publish in Future Journal Of Pharmaceutical Sciences?If your research is related to the scope of the journal, then visit the official website of future journal of pharmaceutical sciences and send your manuscript.Tips for publishing in Future Journal Of Pharmaceutical Sciences:Selection of research problem.Presenting a solution.Designing the paper.Make your manuscript publication worthy.Write an effective results section.Mind your references.Acceptance RateAcceptance rate is the ratio of the number of articles submitted to the number of articles published. Researchers can check the acceptance rate on the journal website. Alternatively, they can contact the editor of the journal.Final SummaryThe impact factor of future journal of pharmaceutical sciences is 3.0.The future journal of pharmaceutical sciences is a reputed research journal.It is published by Future University in Egypt.The journal is indexed in UGC CARE, ESCI, DOAJ, Embase.It is an open access journal.The publication time (Average number of weeks between article submission and publication) of the journal is 23 weeks.Based on the Official Journal Homepage, the future journal of pharmaceutical sciences does not charge any publication fee.Sources: https://fjps.springeropen.com",Future University in Egypt,2314-7253,23 weeks,Free (Verified via Directory),Not Indexed,https://journalsearches.com/journal.php?title=future journal of pharmaceutical sciences
"Apollo Medicine Publisher:  SAGE Publishing P-ISSN: 0976-0016 E-ISSN: 2213-3682 Language:  English Country of Publisher:  India APC: No Processing Time (Weeks):  13 Review Process:  Double anonymous peer review Subjects:  MedicineIndexing The apollo medicine is indexed in:DOAJAn indexed journal means that the journal has gone through and passed a review process of certain requirements done by a journal indexer.The Web of Science Core Collection includes the Science Citation Index Expanded (SCIE), Social Sciences Citation Index (SSCI), Arts & Humanities Citation Index (AHCI), and Emerging Sources Citation Index (ESCI).Publication fee Based on the Official Journal Homepage, the apollo medicine does not charge any publication fee.An article processing charge (APC), also known as a publication fee, is a fee which is sometimes charged to authors. Most commonly, it is involved in making a work available as open access (OA), in either a full OA journal or in a hybrid journal.Journal Publication Time The Journal Publication Time means the average number of weeks between article submission and publication. According to the journal website, the apollo medicine publishes research articles in 13 weeks on an average.Call for PapersVisit to the official website of the journal/ conference to check the details about call for papers.How to publish in Apollo Medicine?If your research is related to medicine, public health, then visit the official website of apollo medicine and send your manuscript.Tips for publishing in Apollo Medicine:Selection of research problem.Presenting a solution.Designing the paper.Make your manuscript publication worthy.Write an effective results section.Mind your references.Acceptance RateAcceptance rate is the ratio of the number of articles submitted to the number of articles published. Researchers can check the acceptance rate on the journal website. Alternatively, they can contact the editor of the journal.Final SummaryIt is published by SAGE Publishing.The journal is indexed in , DOAJ.It is an open access journal.The publication time (Average number of weeks between article submission and publication) of the journal is 13 weeks.Based on the Official Journal Homepage, the apollo medicine does not charge any publication fee.Sources: https://journals.sagepub.com/home/AOM",SAGE Publishing,2213-3682,13 weeks,Free (Verified via Directory),Not Indexed,https://journalsearches.com/journal.php?title=apollo medicine
"Nuclear Engineering and Technology Publisher:  Korean Nuclear Society ISSN: 2234358X, 17385733 Journal Scope: Energy Country of Publisher:  South Korea Scopus CiteScore: 4.9 Scopus Coverage: 2008-2025 H-Index:  68 SJR:  0.692 Quartile: Nuclear Energy and Engineering (Q2) Open Access: YesIndexing The nuclear engineering and technology is indexed in:UGC CAREScopusWeb of Science (SCIE)DOAJAn indexed journal means that the journal has gone through and passed a review process of certain requirements done by a journal indexer.The Web of Science Core Collection includes the Science Citation Index Expanded (SCIE), Social Sciences Citation Index (SSCI), Arts & Humanities Citation Index (AHCI), and Emerging Sources Citation Index (ESCI).Nuclear Engineering And Technology Impact Factor 2026 The latest impact factor of nuclear engineering and technology is 2.6 which was recently updated in June, 2025.From the recent Journal Citation Reports (JCR) releases onward, the Impact Factor is provided to all journals indexed in the Web of Science Core Collection, including SCIE, SSCI, ESCI, and AHCI.The impact factor (IF) is a measure of the frequency with which the average article in a journal has been cited in a particular year. It is used to measure the importance or rank of a journal by calculating the times it's articles are cited.Note: Every year, The Clarivate releases the Journal Citation Report (JCR). The JCR provides information about academic journals including impact factor. The latest JCR was released in June, 2025.Quartile The latest Quartile of nuclear engineering and technology is Q2.Each subject category of journals is divided into four quartiles: Q1, Q2, Q3, Q4. Q1 is occupied by the top 25% of journals in the list; Q2 is occupied by journals in the 25 to 50% group; Q3 is occupied by journals in the 50 to 75% group and Q4 is occupied by journals in the 75 to 100% group.Publication fee Based on the Official Journal Homepage, the nuclear engineering and technology does not charge any publication fee.An article processing charge (APC), also known as a publication fee, is a fee which is sometimes charged to authors. Most commonly, it is involved in making a work available as open access (OA), in either a full OA journal or in a hybrid journal.Journal Publication Time The Journal Publication Time means the average number of weeks between article submission and publication. According to the journal website, the nuclear engineering and technology publishes research articles in 32 weeks on an average.Call for PapersVisit to the official website of the journal/ conference to check the details about call for papers.How to publish in Nuclear Engineering And Technology?If your research is related to Energy, then visit the official website of nuclear engineering and technology and send your manuscript.Tips for publishing in Nuclear Engineering And Technology:Selection of research problem.Presenting a solution.Designing the paper.Make your manuscript publication worthy.Write an effective results section.Mind your references.Acceptance RateAcceptance rate is the ratio of the number of articles submitted to the number of articles published. Researchers can check the acceptance rate on the journal website. Alternatively, they can contact the editor of the journal.Final SummaryThe impact factor of nuclear engineering and technology is 2.6.The nuclear engineering and technology is a reputed research journal.It is published by Korean Nuclear Society.The journal is indexed in UGC CARE, Scopus, SCIE, DOAJ.It is an open access journal.The (SJR) SCImago Journal Rank is 0.692.The publication time (Average number of weeks between article submission and publication) of the journal is 32 weeks.Based on the Official Journal Homepage, the nuclear engineering and technology does not charge any publication fee.Sources: http://www.journals.elsevier.com/nuclear-engineering-and-technology",Korean Nuclear Society,"2234358X, 17385733",32 weeks,Free (Stated on Website),Indexed,https://journalsearches.com/journal.php?title=nuclear engineering and technology
"Journal of Asia-Pacific Biodiversity Publisher:  National Science Museum od Korea ISSN: 22879544, 2287884X Journal Scope: Agricultural and Biological Sciences; Environmental Science Country of Publisher:  South Korea Scopus CiteScore: 1.4 Scopus Coverage: 2013-2025 H-Index:  28 SJR:  0.262 Quartile: Animal Science and Zoology (Q3); Ecology (Q3); Ecology, Evolution, Behavior and Systematics (Q3); Insect Science (Q3); Plant Science (Q3) Open Access: YesIndexing The journal of asia-pacific biodiversity is indexed in:UGC CAREScopusWeb of Science (ESCI)DOAJAn indexed journal means that the journal has gone through and passed a review process of certain requirements done by a journal indexer.The Web of Science Core Collection includes the Science Citation Index Expanded (SCIE), Social Sciences Citation Index (SSCI), Arts & Humanities Citation Index (AHCI), and Emerging Sources Citation Index (ESCI).Note: ESCI journals donot come with an impact factor. However, ESCI journals are evaluated every year and those who qualified are transferred to SCIE.Quartile The latest Quartile of journal of asia-pacific biodiversity is Q3.Each subject category of journals is divided into four quartiles: Q1, Q2, Q3, Q4. Q1 is occupied by the top 25% of journals in the list; Q2 is occupied by journals in the 25 to 50% group; Q3 is occupied by journals in the 50 to 75% group and Q4 is occupied by journals in the 75 to 100% group.Publication fee Based on the Official Journal Homepage, the journal of asia-pacific biodiversity does not charge any publication fee.An article processing charge (APC), also known as a publication fee, is a fee which is sometimes charged to authors. Most commonly, it is involved in making a work available as open access (OA), in either a full OA journal or in a hybrid journal.Journal Publication Time The Journal Publication Time means the average number of weeks between article submission and publication. According to the journal website, the journal of asia-pacific biodiversity publishes research articles in 10 weeks on an average.Call for PapersVisit to the official website of the journal/ conference to check the details about call for papers.How to publish in Journal Of Asia-pacific Biodiversity?If your research is related to Agricultural and Biological Sciences; Environmental Science, then visit the official website of journal of asia-pacific biodiversity and send your manuscript.Tips for publishing in Journal Of Asia-pacific Biodiversity:Selection of research problem.Presenting a solution.Designing the paper.Make your manuscript publication worthy.Write an effective results section.Mind your references.Acceptance RateAcceptance rate is the ratio of the number of articles submitted to the number of articles published. Researchers can check the acceptance rate on the journal website. Alternatively, they can contact the editor of the journal.Final SummaryIt is published by National Science Museum od Korea.The journal is indexed in UGC CARE, Scopus, ESCI, DOAJ.It is an open access journal.The (SJR) SCImago Journal Rank is 0.262.The publication time (Average number of weeks between article submission and publication) of the journal is 10 weeks.Based on the Official Journal Homepage, the journal of asia-pacific biodiversity does not charge any publication fee.Sources: https://www.sciencedirect.com/journal/journal-of-asia-pacific-biodiversity",National Science Museum od Korea,"22879544, 2287884X",10 weeks,Free (Stated on Website),Indexed,https://journalsearches.com/journal.php?title=journal of asia-pacific biodiversity
"Borsa Istanbul Review Publisher:  Borsa Istanbul Anonim Sirketi ISSN: 22148450, 22148469 Journal Scope: Economics, Econometrics and Finance Country of Publisher:  Turkey Scopus CiteScore: 10.4 Scopus Coverage: 2013-2025 H-Index:  52 SJR:  1.326 Quartile: Economics and Econometrics (Q1); Finance (Q1) Open Access: YesIndexing The borsa istanbul review is indexed in:UGC CAREScopusWeb of Science (SSCI)DOAJAn indexed journal means that the journal has gone through and passed a review process of certain requirements done by a journal indexer.The Web of Science Core Collection includes the Science Citation Index Expanded (SCIE), Social Sciences Citation Index (SSCI), Arts & Humanities Citation Index (AHCI), and Emerging Sources Citation Index (ESCI).Borsa Istanbul Review Impact Factor 2026 The latest impact factor of borsa istanbul review is 7.1 which was recently updated in June, 2025.From the recent Journal Citation Reports (JCR) releases onward, the Impact Factor is provided to all journals indexed in the Web of Science Core Collection, including SCIE, SSCI, ESCI, and AHCI.The impact factor (IF) is a measure of the frequency with which the average article in a journal has been cited in a particular year. It is used to measure the importance or rank of a journal by calculating the times it's articles are cited.Note: Every year, The Clarivate releases the Journal Citation Report (JCR). The JCR provides information about academic journals including impact factor. The latest JCR was released in June, 2025.Quartile The latest Quartile of borsa istanbul review is Q1.Each subject category of journals is divided into four quartiles: Q1, Q2, Q3, Q4. Q1 is occupied by the top 25% of journals in the list; Q2 is occupied by journals in the 25 to 50% group; Q3 is occupied by journals in the 50 to 75% group and Q4 is occupied by journals in the 75 to 100% group.Publication fee Based on the Official Journal Homepage, the borsa istanbul review does not charge any publication fee.An article processing charge (APC), also known as a publication fee, is a fee which is sometimes charged to authors. Most commonly, it is involved in making a work available as open access (OA), in either a full OA journal or in a hybrid journal.Journal Publication Time The Journal Publication Time means the average number of weeks between article submission and publication. According to the journal website, the borsa istanbul review publishes research articles in 15 weeks on an average.Call for PapersVisit to the official website of the journal/ conference to check the details about call for papers.How to publish in Borsa Istanbul Review?If your research is related to Economics, Econometrics and Finance, then visit the official website of borsa istanbul review and send your manuscript.Tips for publishing in Borsa Istanbul Review:Selection of research problem.Presenting a solution.Designing the paper.Make your manuscript publication worthy.Write an effective results section.Mind your references.Acceptance RateAcceptance rate is the ratio of the number of articles submitted to the number of articles published. Researchers can check the acceptance rate on the journal website. Alternatively, they can contact the editor of the journal.Final SummaryThe impact factor of borsa istanbul review is 7.1.The borsa istanbul review is a reputed research journal.It is published by Borsa Istanbul Anonim Sirketi.The journal is indexed in UGC CARE, Scopus, SSCI, DOAJ.It is an open access journal.The (SJR) SCImago Journal Rank is 1.326.The publication time (Average number of weeks between article submission and publication) of the journal is 15 weeks.Based on the Official Journal Homepage, the borsa istanbul review does not charge any publication fee.Sources: https://www.sciencedirect.com/journal/borsa-istanbul-review",Borsa Istanbul Anonim Sirketi,"22148450, 22148469",15 weeks,Free (Stated on Website),Indexed,https://journalsearches.com/journal.php?title=borsa istanbul review
"Indian Pacing and Electrophysiology Journal Publisher:  Indian Pacing and Electrophysiology Group ISSN: 09726292, 25901753 Journal Scope: Medicine Country of Publisher:  India Scopus CiteScore: 1.5 Scopus Coverage: 2001-2025 H-Index:  33 SJR:  0.289 Quartile: Cardiology and Cardiovascular Medicine (Q3); Physiology (medical) (Q3) Open Access: YesIndexing The indian pacing and electrophysiology journal is indexed in:UGC CAREScopusDOAJPubMedEmbaseAn indexed journal means that the journal has gone through and passed a review process of certain requirements done by a journal indexer.The Web of Science Core Collection includes the Science Citation Index Expanded (SCIE), Social Sciences Citation Index (SSCI), Arts & Humanities Citation Index (AHCI), and Emerging Sources Citation Index (ESCI).Quartile The latest Quartile of indian pacing and electrophysiology journal is Q3.Each subject category of journals is divided into four quartiles: Q1, Q2, Q3, Q4. Q1 is occupied by the top 25% of journals in the list; Q2 is occupied by journals in the 25 to 50% group; Q3 is occupied by journals in the 50 to 75% group and Q4 is occupied by journals in the 75 to 100% group.Publication fee Based on the Official Journal Homepage, the indian pacing and electrophysiology journal does not charge any publication fee.An article processing charge (APC), also known as a publication fee, is a fee which is sometimes charged to authors. Most commonly, it is involved in making a work available as open access (OA), in either a full OA journal or in a hybrid journal.Journal Publication Time The Journal Publication Time means the average number of weeks between article submission and publication. According to the journal website, the indian pacing and electrophysiology journal publishes research articles in 26 weeks on an average.Call for PapersVisit to the official website of the journal/ conference to check the details about call for papers.How to publish in Indian Pacing And Electrophysiology Journal?If your research is related to Medicine, then visit the official website of indian pacing and electrophysiology journal and send your manuscript.Tips for publishing in Indian Pacing And Electrophysiology Journal:Selection of research problem.Presenting a solution.Designing the paper.Make your manuscript publication worthy.Write an effective results section.Mind your references.Acceptance RateAcceptance rate is the ratio of the number of articles submitted to the number of articles published. Researchers can check the acceptance rate on the journal website. Alternatively, they can contact the editor of the journal.Final SummaryIt is published by Indian Pacing and Electrophysiology Group.The journal is indexed in UGC CARE, Scopus, DOAJ, PubMed, Embase.It is an open access journal.The (SJR) SCImago Journal Rank is 0.289.The publication time (Average number of weeks between article submission and publication) of the journal is 26 weeks.Based on the Official Journal Homepage, the indian pacing and electrophysiology journal does not charge any publication fee.Sources: https://www.sciencedirect.com/journal/indian-pacing-and-electrophysiology-journal",Indian Pacing and Electrophysiology Group,"09726292, 25901753",26 weeks,Free (Stated on Website),Indexed,https://journalsearches.com/journal.php?title=indian pacing and electrophysiology journal
"Integrative Medicine Research Publisher:  Korea Institute of Oriental Medicine ISSN: 22134239, 22134220 Journal Scope: Medicine Country of Publisher:  South Korea Scopus CiteScore: 5.3 Scopus Coverage: 2018, 2020-2025 H-Index:  20 SJR:  0.564 Quartile: Complementary and Alternative Medicine (Q2) Open Access: YesIndexing The integrative medicine research is indexed in:UGC CAREScopusWeb of Science (SCIE)DOAJPubMedEmbaseAn indexed journal means that the journal has gone through and passed a review process of certain requirements done by a journal indexer.The Web of Science Core Collection includes the Science Citation Index Expanded (SCIE), Social Sciences Citation Index (SSCI), Arts & Humanities Citation Index (AHCI), and Emerging Sources Citation Index (ESCI).Integrative Medicine Research Impact Factor 2026 The latest impact factor of integrative medicine research is 3.0 which was recently updated in June, 2025.From the recent Journal Citation Reports (JCR) releases onward, the Impact Factor is provided to all journals indexed in the Web of Science Core Collection, including SCIE, SSCI, ESCI, and AHCI.The impact factor (IF) is a measure of the frequency with which the average article in a journal has been cited in a particular year. It is used to measure the importance or rank of a journal by calculating the times it's articles are cited.Note: Every year, The Clarivate releases the Journal Citation Report (JCR). The JCR provides information about academic journals including impact factor. The latest JCR was released in June, 2025.Quartile The latest Quartile of integrative medicine research is Q2.Each subject category of journals is divided into four quartiles: Q1, Q2, Q3, Q4. Q1 is occupied by the top 25% of journals in the list; Q2 is occupied by journals in the 25 to 50% group; Q3 is occupied by journals in the 50 to 75% group and Q4 is occupied by journals in the 75 to 100% group.Publication fee Based on the Official Journal Homepage, the integrative medicine research does not charge any publication fee.An article processing charge (APC), also known as a publication fee, is a fee which is sometimes charged to authors. Most commonly, it is involved in making a work available as open access (OA), in either a full OA journal or in a hybrid journal.Journal Publication Time The Journal Publication Time means the average number of weeks between article submission and publication. According to the journal website, the integrative medicine research publishes research articles in 12 weeks on an average.Call for PapersVisit to the official website of the journal/ conference to check the details about call for papers.How to publish in Integrative Medicine Research?If your research is related to Medicine, then visit the official website of integrative medicine research and send your manuscript.Tips for publishing in Integrative Medicine Research:Selection of research problem.Presenting a solution.Designing the paper.Make your manuscript publication worthy.Write an effective results section.Mind your references.Acceptance RateAcceptance rate is the ratio of the number of articles submitted to the number of articles published. Researchers can check the acceptance rate on the journal website. Alternatively, they can contact the editor of the journal.Final SummaryThe impact factor of integrative medicine research is 3.0.The integrative medicine research is a reputed research journal.It is published by Korea Institute of Oriental Medicine.The journal is indexed in UGC CARE, Scopus, SCIE, DOAJ, PubMed, Embase.It is an open access journal.The (SJR) SCImago Journal Rank is 0.564.The publication time (Average number of weeks between article submission and publication) of the journal is 12 weeks.Based on the Official Journal Homepage, the integrative medicine research does not charge any publication fee.Sources: https://www.sciencedirect.com/journal/integrative-medicine-research",Korea Institute of Oriental Medicine,"22134239, 22134220",12 weeks,Free (Stated on Website),Indexed,https://journalsearches.com/journal.php?title=integrative medicine research
"Solid Earth Sciences Publisher:   ISSN: 2451912X Journal Scope: Earth and Planetary Sciences Country of Publisher:  Netherlands Scopus CiteScore: 4 Scopus Coverage: 2016-2025 H-Index:  17 SJR:  0.645 Quartile: Earth-Surface Processes (Q2); Geochemistry and Petrology (Q2); Geology (Q2); Geophysics (Q2); Geotechnical Engineering and Engineering Geology (Q2) Open Access: YesIndexing The solid earth sciences is indexed in:UGC CAREScopusWeb of Science (ESCI)DOAJAn indexed journal means that the journal has gone through and passed a review process of certain requirements done by a journal indexer.The Web of Science Core Collection includes the Science Citation Index Expanded (SCIE), Social Sciences Citation Index (SSCI), Arts & Humanities Citation Index (AHCI), and Emerging Sources Citation Index (ESCI).Note: ESCI journals donot come with an impact factor. However, ESCI journals are evaluated every year and those who qualified are transferred to SCIE.Solid Earth Sciences Impact Factor 2026 The latest impact factor of solid earth sciences is 2.7 which was recently updated in June, 2025.From the recent Journal Citation Reports (JCR) releases onward, the Impact Factor is provided to all journals indexed in the Web of Science Core Collection, including SCIE, SSCI, ESCI, and AHCI.The impact factor (IF) is a measure of the frequency with which the average article in a journal has been cited in a particular year. It is used to measure the importance or rank of a journal by calculating the times it's articles are cited.Note: Every year, The Clarivate releases the Journal Citation Report (JCR). The JCR provides information about academic journals including impact factor. The latest JCR was released in June, 2025.Quartile The latest Quartile of solid earth sciences is Q2.Each subject category of journals is divided into four quartiles: Q1, Q2, Q3, Q4. Q1 is occupied by the top 25% of journals in the list; Q2 is occupied by journals in the 25 to 50% group; Q3 is occupied by journals in the 50 to 75% group and Q4 is occupied by journals in the 75 to 100% group.Publication fee Based on the Official Journal Homepage, the solid earth sciences does not charge any publication fee.An article processing charge (APC), also known as a publication fee, is a fee which is sometimes charged to authors. Most commonly, it is involved in making a work available as open access (OA), in either a full OA journal or in a hybrid journal.Journal Publication Time The Journal Publication Time means the average number of weeks between article submission and publication. According to the journal website, the solid earth sciences publishes research articles in 38 weeks on an average.Call for PapersVisit to the official website of the journal/ conference to check the details about call for papers.How to publish in Solid Earth Sciences?If your research is related to Earth and Planetary Sciences, then visit the official website of solid earth sciences and send your manuscript.Tips for publishing in Solid Earth Sciences:Selection of research problem.Presenting a solution.Designing the paper.Make your manuscript publication worthy.Write an effective results section.Mind your references.Acceptance RateAcceptance rate is the ratio of the number of articles submitted to the number of articles published. Researchers can check the acceptance rate on the journal website. Alternatively, they can contact the editor of the journal.Final SummaryThe impact factor of solid earth sciences is 2.7.The solid earth sciences is a reputed research journal.It is published by .The journal is indexed in UGC CARE, Scopus, ESCI, DOAJ.It is an open access journal.The (SJR) SCImago Journal Rank is 0.645.The publication time (Average number of weeks between article submission and publication) of the journal is 38 weeks.Based on the Official Journal Homepage, the solid earth sciences does not charge any publication fee.Sources: https://www.sciencedirect.com/journal/solid-earth-sciences",ISSN: 2451912X Journal Scope: Earth and Planetary Sciences,2451912X,38 weeks,Free (Stated on Website),Indexed,https://journalsearches.com/journal.php?title=solid earth sciences
"Water Science and Engineering Publisher:  Editorial Office of Water Science and Engineering ISSN: 16742370, 24058106 Journal Scope: Engineering Country of Publisher:  China Scopus CiteScore: 7.6 Scopus Coverage: 2010-2025 H-Index:  42 SJR:  0.938 Quartile: Civil and Structural Engineering (Q1); Ocean Engineering (Q1) Open Access: YesIndexing The water science and engineering is indexed in:UGC CAREScopusWeb of Science (ESCI)DOAJAn indexed journal means that the journal has gone through and passed a review process of certain requirements done by a journal indexer.The Web of Science Core Collection includes the Science Citation Index Expanded (SCIE), Social Sciences Citation Index (SSCI), Arts & Humanities Citation Index (AHCI), and Emerging Sources Citation Index (ESCI).Note: ESCI journals donot come with an impact factor. However, ESCI journals are evaluated every year and those who qualified are transferred to SCIE.Water Science And Engineering Impact Factor 2026 The latest impact factor of water science and engineering is 4.3 which was recently updated in June, 2025.From the recent Journal Citation Reports (JCR) releases onward, the Impact Factor is provided to all journals indexed in the Web of Science Core Collection, including SCIE, SSCI, ESCI, and AHCI.The impact factor (IF) is a measure of the frequency with which the average article in a journal has been cited in a particular year. It is used to measure the importance or rank of a journal by calculating the times it's articles are cited.Note: Every year, The Clarivate releases the Journal Citation Report (JCR). The JCR provides information about academic journals including impact factor. The latest JCR was released in June, 2025.Quartile The latest Quartile of water science and engineering is Q1.Each subject category of journals is divided into four quartiles: Q1, Q2, Q3, Q4. Q1 is occupied by the top 25% of journals in the list; Q2 is occupied by journals in the 25 to 50% group; Q3 is occupied by journals in the 50 to 75% group and Q4 is occupied by journals in the 75 to 100% group.Publication fee Based on the Official Journal Homepage, the water science and engineering does not charge any publication fee.An article processing charge (APC), also known as a publication fee, is a fee which is sometimes charged to authors. Most commonly, it is involved in making a work available as open access (OA), in either a full OA journal or in a hybrid journal.Journal Publication Time The Journal Publication Time means the average number of weeks between article submission and publication. According to the journal website, the water science and engineering publishes research articles in 50 weeks on an average.Call for PapersVisit to the official website of the journal/ conference to check the details about call for papers.How to publish in Water Science And Engineering?If your research is related to Engineering, then visit the official website of water science and engineering and send your manuscript.Tips for publishing in Water Science And Engineering:Selection of research problem.Presenting a solution.Designing the paper.Make your manuscript publication worthy.Write an effective results section.Mind your references.Acceptance RateAcceptance rate is the ratio of the number of articles submitted to the number of articles published. Researchers can check the acceptance rate on the journal website. Alternatively, they can contact the editor of the journal.Final SummaryThe impact factor of water science and engineering is 4.3.The water science and engineering is a reputed research journal.It is published by Editorial Office of Water Science and Engineering.The journal is indexed in UGC CARE, Scopus, ESCI, DOAJ.It is an open access journal.The (SJR) SCImago Journal Rank is 0.938.The publication time (Average number of weeks between article submission and publication) of the journal is 50 weeks.Based on the Official Journal Homepage, the water science and engineering does not charge any publication fee.Sources: https://www.sciencedirect.com/journal/water-science-and-engineering",Editorial Office of Water Science and Engineering,"16742370, 24058106",50 weeks,Free (Stated on Website),Indexed,https://journalsearches.com/journal.php?title=water science and engineering
"Visual Informatics Publisher:  Elsevier B.V. ISSN: 25432656, 2468502X Journal Scope: Computer Science Country of Publisher:  Netherlands Scopus CiteScore: 8.1 Scopus Coverage: 2017-2025 H-Index:  27 SJR:  0.593 Quartile: Computer Graphics and Computer-Aided Design (Q2); Software (Q2); Human-Computer Interaction (Q3) Open Access: YesIndexing The visual informatics is indexed in:UGC CAREScopusWeb of Science (ESCI)DOAJAn indexed journal means that the journal has gone through and passed a review process of certain requirements done by a journal indexer.The Web of Science Core Collection includes the Science Citation Index Expanded (SCIE), Social Sciences Citation Index (SSCI), Arts & Humanities Citation Index (AHCI), and Emerging Sources Citation Index (ESCI).Note: ESCI journals donot come with an impact factor. However, ESCI journals are evaluated every year and those who qualified are transferred to SCIE.Visual Informatics Impact Factor 2026 The latest impact factor of visual informatics is 3.9 which was recently updated in June, 2025.From the recent Journal Citation Reports (JCR) releases onward, the Impact Factor is provided to all journals indexed in the Web of Science Core Collection, including SCIE, SSCI, ESCI, and AHCI.The impact factor (IF) is a measure of the frequency with which the average article in a journal has been cited in a particular year. It is used to measure the importance or rank of a journal by calculating the times it's articles are cited.Note: Every year, The Clarivate releases the Journal Citation Report (JCR). The JCR provides information about academic journals including impact factor. The latest JCR was released in June, 2025.Quartile The latest Quartile of visual informatics is Q2.Each subject category of journals is divided into four quartiles: Q1, Q2, Q3, Q4. Q1 is occupied by the top 25% of journals in the list; Q2 is occupied by journals in the 25 to 50% group; Q3 is occupied by journals in the 50 to 75% group and Q4 is occupied by journals in the 75 to 100% group.Publication fee Based on the Official Journal Homepage, the visual informatics does not charge any publication fee.An article processing charge (APC), also known as a publication fee, is a fee which is sometimes charged to authors. Most commonly, it is involved in making a work available as open access (OA), in either a full OA journal or in a hybrid journal.Journal Publication Time The Journal Publication Time means the average number of weeks between article submission and publication. According to the journal website, the visual informatics publishes research articles in 15 weeks on an average.Call for PapersVisit to the official website of the journal/ conference to check the details about call for papers.How to publish in Visual Informatics?If your research is related to Computer Science, then visit the official website of visual informatics and send your manuscript.Tips for publishing in Visual Informatics:Selection of research problem.Presenting a solution.Designing the paper.Make your manuscript publication worthy.Write an effective results section.Mind your references.Acceptance RateAcceptance rate is the ratio of the number of articles submitted to the number of articles published. Researchers can check the acceptance rate on the journal website. Alternatively, they can contact the editor of the journal.Final SummaryThe impact factor of visual informatics is 3.9.The visual informatics is a reputed research journal.It is published by Elsevier B.V..The journal is indexed in UGC CARE, Scopus, ESCI, DOAJ.It is an open access journal.The (SJR) SCImago Journal Rank is 0.593.The publication time (Average number of weeks between article submission and publication) of the journal is 15 weeks.Based on the Official Journal Homepage, the visual informatics does not charge any publication fee.Sources: https://www.sciencedirect.com/journal/visual-informatics",Elsevier B.V.,"25432656, 2468502X",15 weeks,Free (Stated on Website),Indexed,https://journalsearches.com/journal.php?title=visual informatics
"Asian Journal of Urology Publisher:  Editorial Office of Asian Journal of Urology ISSN: 22143882, 22143890 Journal Scope: Medicine Country of Publisher:  Singapore Scopus CiteScore: 3.7 Scopus Coverage: 2014-2025 H-Index:  31 SJR:  0.675 Quartile: Urology (Q2) Open Access: YesIndexing The asian journal of urology is indexed in:UGC CAREScopusWeb of Science (ESCI)DOAJPubMedEmbaseAn indexed journal means that the journal has gone through and passed a review process of certain requirements done by a journal indexer.The Web of Science Core Collection includes the Science Citation Index Expanded (SCIE), Social Sciences Citation Index (SSCI), Arts & Humanities Citation Index (AHCI), and Emerging Sources Citation Index (ESCI).Note: ESCI journals donot come with an impact factor. However, ESCI journals are evaluated every year and those who qualified are transferred to SCIE.Asian Journal Of Urology Impact Factor 2026 The latest impact factor of asian journal of urology is 2.4 which was recently updated in June, 2025.From the recent Journal Citation Reports (JCR) releases onward, the Impact Factor is provided to all journals indexed in the Web of Science Core Collection, including SCIE, SSCI, ESCI, and AHCI.The impact factor (IF) is a measure of the frequency with which the average article in a journal has been cited in a particular year. It is used to measure the importance or rank of a journal by calculating the times it's articles are cited.Note: Every year, The Clarivate releases the Journal Citation Report (JCR). The JCR provides information about academic journals including impact factor. The latest JCR was released in June, 2025.Quartile The latest Quartile of asian journal of urology is Q2.Each subject category of journals is divided into four quartiles: Q1, Q2, Q3, Q4. Q1 is occupied by the top 25% of journals in the list; Q2 is occupied by journals in the 25 to 50% group; Q3 is occupied by journals in the 50 to 75% group and Q4 is occupied by journals in the 75 to 100% group.Publication fee Based on the Official Journal Homepage, the asian journal of urology does not charge any publication fee.An article processing charge (APC), also known as a publication fee, is a fee which is sometimes charged to authors. Most commonly, it is involved in making a work available as open access (OA), in either a full OA journal or in a hybrid journal.Journal Publication Time The Journal Publication Time means the average number of weeks between article submission and publication. According to the journal website, the asian journal of urology publishes research articles in 16 weeks on an average.Call for PapersVisit to the official website of the journal/ conference to check the details about call for papers.How to publish in Asian Journal Of Urology?If your research is related to Medicine, then visit the official website of asian journal of urology and send your manuscript.Tips for publishing in Asian Journal Of Urology:Selection of research problem.Presenting a solution.Designing the paper.Make your manuscript publication worthy.Write an effective results section.Mind your references.Acceptance RateAcceptance rate is the ratio of the number of articles submitted to the number of articles published. Researchers can check the acceptance rate on the journal website. Alternatively, they can contact the editor of the journal.Final SummaryThe impact factor of asian journal of urology is 2.4.The asian journal of urology is a reputed research journal.It is published by Editorial Office of Asian Journal of Urology.The journal is indexed in UGC CARE, Scopus, ESCI, DOAJ, PubMed, Embase.It is an open access journal.The (SJR) SCImago Journal Rank is 0.675.The publication time (Average number of weeks between article submission and publication) of the journal is 16 weeks.Based on the Official Journal Homepage, the asian journal of urology does not charge any publication fee.Sources: https://www.sciencedirect.com/journal/asian-journal-of-urology",Editorial Office of Asian Journal of Urology,"22143882, 22143890",16 weeks,Free (Stated on Website),Indexed,https://journalsearches.com/journal.php?title=asian journal of urology
"Perspectives in Ecology and Conservation Publisher:  Associacao Brasileira de Ciencia Ecologica e Conservacao ISSN: 25300644 Journal Scope: Environmental Science Country of Publisher:  Brazil Scopus CiteScore: 8.7 Scopus Coverage: 2017-2025 H-Index:  48 SJR:  1.446 Quartile: Ecology (Q1); Management, Monitoring, Policy and Law (Q1); Nature and Landscape Conservation (Q1) Open Access: YesIndexing The perspectives in ecology and conservation is indexed in:UGC CAREScopusWeb of Science (SCIE)DOAJAn indexed journal means that the journal has gone through and passed a review process of certain requirements done by a journal indexer.The Web of Science Core Collection includes the Science Citation Index Expanded (SCIE), Social Sciences Citation Index (SSCI), Arts & Humanities Citation Index (AHCI), and Emerging Sources Citation Index (ESCI).Perspectives In Ecology And Conservation Impact Factor 2026 The latest impact factor of perspectives in ecology and conservation is 3.5 which was recently updated in June, 2025.From the recent Journal Citation Reports (JCR) releases onward, the Impact Factor is provided to all journals indexed in the Web of Science Core Collection, including SCIE, SSCI, ESCI, and AHCI.The impact factor (IF) is a measure of the frequency with which the average article in a journal has been cited in a particular year. It is used to measure the importance or rank of a journal by calculating the times it's articles are cited.Note: Every year, The Clarivate releases the Journal Citation Report (JCR). The JCR provides information about academic journals including impact factor. The latest JCR was released in June, 2025.Quartile The latest Quartile of perspectives in ecology and conservation is Q1.Each subject category of journals is divided into four quartiles: Q1, Q2, Q3, Q4. Q1 is occupied by the top 25% of journals in the list; Q2 is occupied by journals in the 25 to 50% group; Q3 is occupied by journals in the 50 to 75% group and Q4 is occupied by journals in the 75 to 100% group.Publication fee Based on the Official Journal Homepage, the perspectives in ecology and conservation does not charge any publication fee.An article processing charge (APC), also known as a publication fee, is a fee which is sometimes charged to authors. Most commonly, it is involved in making a work available as open access (OA), in either a full OA journal or in a hybrid journal.Journal Publication Time The Journal Publication Time means the average number of weeks between article submission and publication. According to the journal website, the perspectives in ecology and conservation publishes research articles in 45 weeks on an average.Call for PapersVisit to the official website of the journal/ conference to check the details about call for papers.How to publish in Perspectives In Ecology And Conservation?If your research is related to Environmental Science, then visit the official website of perspectives in ecology and conservation and send your manuscript.Tips for publishing in Perspectives In Ecology And Conservation:Selection of research problem.Presenting a solution.Designing the paper.Make your manuscript publication worthy.Write an effective results section.Mind your references.Acceptance RateAcceptance rate is the ratio of the number of articles submitted to the number of articles published. Researchers can check the acceptance rate on the journal website. Alternatively, they can contact the editor of the journal.Final SummaryThe impact factor of perspectives in ecology and conservation is 3.5.The perspectives in ecology and conservation is a reputed research journal.It is published by Associacao Brasileira de Ciencia Ecologica e Conservacao.The journal is indexed in UGC CARE, Scopus, SCIE, DOAJ.It is an open access journal.The (SJR) SCImago Journal Rank is 1.446.The publication time (Average number of weeks between article submission and publication) of the journal is 45 weeks.Based on the Official Journal Homepage, the perspectives in ecology and conservation does not charge any publication fee.Sources: https://www.sciencedirect.com/journal/perspectives-in-ecology-and-conservation",Associacao Brasileira de Ciencia Ecologica e Conservacao,25300644,45 weeks,Free (Stated on Website),Indexed,https://journalsearches.com/journal.php?title=perspectives in ecology and conservation
"Hematology, Transfusion and Cell Therapy Publisher:  Elsevier Editora Ltda ISSN: 25311387, 25311379 Journal Scope: Medicine Country of Publisher:  Brazil Scopus CiteScore: 2 Scopus Coverage: 2018-2025 H-Index:  33 SJR:  #N/A Quartile: Hematology (Q3); Immunology and Allergy (Q3) Open Access: YesIndexing The hematology, transfusion and cell therapy is indexed in:UGC CAREScopusDOAJPubMedEmbaseAn indexed journal means that the journal has gone through and passed a review process of certain requirements done by a journal indexer.The Web of Science Core Collection includes the Science Citation Index Expanded (SCIE), Social Sciences Citation Index (SSCI), Arts & Humanities Citation Index (AHCI), and Emerging Sources Citation Index (ESCI).Quartile The latest Quartile of hematology, transfusion and cell therapy is Q3.Each subject category of journals is divided into four quartiles: Q1, Q2, Q3, Q4. Q1 is occupied by the top 25% of journals in the list; Q2 is occupied by journals in the 25 to 50% group; Q3 is occupied by journals in the 50 to 75% group and Q4 is occupied by journals in the 75 to 100% group.Publication fee Based on the Official Journal Homepage, the hematology, transfusion and cell therapy does not charge any publication fee.An article processing charge (APC), also known as a publication fee, is a fee which is sometimes charged to authors. Most commonly, it is involved in making a work available as open access (OA), in either a full OA journal or in a hybrid journal.Journal Publication Time The Journal Publication Time means the average number of weeks between article submission and publication. According to the journal website, the hematology, transfusion and cell therapy publishes research articles in 30 weeks on an average.Call for PapersVisit to the official website of the journal/ conference to check the details about call for papers.How to publish in Hematology, Transfusion And Cell Therapy?If your research is related to Medicine, then visit the official website of hematology, transfusion and cell therapy and send your manuscript.Tips for publishing in Hematology, Transfusion And Cell Therapy:Selection of research problem.Presenting a solution.Designing the paper.Make your manuscript publication worthy.Write an effective results section.Mind your references.Acceptance RateAcceptance rate is the ratio of the number of articles submitted to the number of articles published. Researchers can check the acceptance rate on the journal website. Alternatively, they can contact the editor of the journal.Final SummaryIt is published by Elsevier Editora Ltda.The journal is indexed in UGC CARE, Scopus, DOAJ, PubMed, Embase.It is an open access journal.The (SJR) SCImago Journal Rank is #N/A.The publication time (Average number of weeks between article submission and publication) of the journal is 30 weeks.Based on the Official Journal Homepage, the hematology, transfusion and cell therapy does not charge any publication fee.Sources: https://www.journals.elsevier.com/hematology-transfusion-and-cell-therapy",Elsevier Editora Ltda,"25311387, 25311379",30 weeks,Free (Stated on Website),Indexed,"https://journalsearches.com/journal.php?title=hematology, transfusion and cell therapy"
"Pediatric Hematology Oncology Journal Publisher:  Elsevier B.V. ISSN: 24681245 Journal Scope: Medicine Country of Publisher:  Netherlands Scopus CiteScore: 0.9 Scopus Coverage: 2016-2025 H-Index:  8 SJR:  0.191 Quartile: Pediatrics, Perinatology and Child Health (Q3); Hematology (Q4); Oncology (Q4) Open Access: YesIndexing The pediatric hematology oncology journal is indexed in:UGC CAREScopusDOAJEmbaseAn indexed journal means that the journal has gone through and passed a review process of certain requirements done by a journal indexer.The Web of Science Core Collection includes the Science Citation Index Expanded (SCIE), Social Sciences Citation Index (SSCI), Arts & Humanities Citation Index (AHCI), and Emerging Sources Citation Index (ESCI).Quartile The latest Quartile of pediatric hematology oncology journal is Q3.Each subject category of journals is divided into four quartiles: Q1, Q2, Q3, Q4. Q1 is occupied by the top 25% of journals in the list; Q2 is occupied by journals in the 25 to 50% group; Q3 is occupied by journals in the 50 to 75% group and Q4 is occupied by journals in the 75 to 100% group.Publication fee Based on the Official Journal Homepage, the pediatric hematology oncology journal does not charge any publication fee.An article processing charge (APC), also known as a publication fee, is a fee which is sometimes charged to authors. Most commonly, it is involved in making a work available as open access (OA), in either a full OA journal or in a hybrid journal.Journal Publication Time The Journal Publication Time means the average number of weeks between article submission and publication. According to the journal website, the pediatric hematology oncology journal publishes research articles in 16 weeks on an average.Call for PapersVisit to the official website of the journal/ conference to check the details about call for papers.How to publish in Pediatric Hematology Oncology Journal?If your research is related to Medicine, then visit the official website of pediatric hematology oncology journal and send your manuscript.Tips for publishing in Pediatric Hematology Oncology Journal:Selection of research problem.Presenting a solution.Designing the paper.Make your manuscript publication worthy.Write an effective results section.Mind your references.Acceptance RateAcceptance rate is the ratio of the number of articles submitted to the number of articles published. Researchers can check the acceptance rate on the journal website. Alternatively, they can contact the editor of the journal.Final SummaryIt is published by Elsevier B.V..The journal is indexed in UGC CARE, Scopus, DOAJ, Embase.It is an open access journal.The (SJR) SCImago Journal Rank is 0.191.The publication time (Average number of weeks between article submission and publication) of the journal is 16 weeks.Based on the Official Journal Homepage, the pediatric hematology oncology journal does not charge any publication fee.Sources: http://www.journals.elsevier.com/pediatric-hematology-oncology-journal/",Elsevier B.V.,24681245,16 weeks,Free (Stated on Website),Indexed,https://journalsearches.com/journal.php?title=pediatric hematology oncology journal
"Hellenic Journal of Cardiology Publisher:  Hellenic Cardiological Society ISSN: 22415955, 11099666 Journal Scope: Medicine Country of Publisher:  Greece Scopus CiteScore: 3.9 Scopus Coverage: 1993, 2005-2006, 2008, 2012-2025 H-Index:  38 SJR:  0.623 Quartile: Cardiology and Cardiovascular Medicine (Q2) Open Access: YesIndexing The hellenic journal of cardiology is indexed in:UGC CAREScopusWeb of Science (SCIE)DOAJPubMedEmbaseAn indexed journal means that the journal has gone through and passed a review process of certain requirements done by a journal indexer.The Web of Science Core Collection includes the Science Citation Index Expanded (SCIE), Social Sciences Citation Index (SSCI), Arts & Humanities Citation Index (AHCI), and Emerging Sources Citation Index (ESCI).Hellenic Journal Of Cardiology Impact Factor 2026 The latest impact factor of hellenic journal of cardiology is 3.0 which was recently updated in June, 2025.From the recent Journal Citation Reports (JCR) releases onward, the Impact Factor is provided to all journals indexed in the Web of Science Core Collection, including SCIE, SSCI, ESCI, and AHCI.The impact factor (IF) is a measure of the frequency with which the average article in a journal has been cited in a particular year. It is used to measure the importance or rank of a journal by calculating the times it's articles are cited.Note: Every year, The Clarivate releases the Journal Citation Report (JCR). The JCR provides information about academic journals including impact factor. The latest JCR was released in June, 2025.Quartile The latest Quartile of hellenic journal of cardiology is Q2.Each subject category of journals is divided into four quartiles: Q1, Q2, Q3, Q4. Q1 is occupied by the top 25% of journals in the list; Q2 is occupied by journals in the 25 to 50% group; Q3 is occupied by journals in the 50 to 75% group and Q4 is occupied by journals in the 75 to 100% group.Publication fee Based on the Official Journal Homepage, the hellenic journal of cardiology does not charge any publication fee.An article processing charge (APC), also known as a publication fee, is a fee which is sometimes charged to authors. Most commonly, it is involved in making a work available as open access (OA), in either a full OA journal or in a hybrid journal.Journal Publication Time The Journal Publication Time means the average number of weeks between article submission and publication. According to the journal website, the hellenic journal of cardiology publishes research articles in 52 weeks on an average.Call for PapersVisit to the official website of the journal/ conference to check the details about call for papers.How to publish in Hellenic Journal Of Cardiology?If your research is related to Medicine, then visit the official website of hellenic journal of cardiology and send your manuscript.Tips for publishing in Hellenic Journal Of Cardiology:Selection of research problem.Presenting a solution.Designing the paper.Make your manuscript publication worthy.Write an effective results section.Mind your references.Acceptance RateAcceptance rate is the ratio of the number of articles submitted to the number of articles published. Researchers can check the acceptance rate on the journal website. Alternatively, they can contact the editor of the journal.Final SummaryThe impact factor of hellenic journal of cardiology is 3.0.The hellenic journal of cardiology is a reputed research journal.It is published by Hellenic Cardiological Society.The journal is indexed in UGC CARE, Scopus, SCIE, DOAJ, PubMed, Embase.It is an open access journal.The (SJR) SCImago Journal Rank is 0.623.The publication time (Average number of weeks between article submission and publication) of the journal is 52 weeks.Based on the Official Journal Homepage, the hellenic journal of cardiology does not charge any publication fee.Sources: http://www.journals.elsevier.com/hellenic-journal-of-cardiology",Hellenic Cardiological Society,"22415955, 11099666",52 weeks,Free (Stated on Website),Indexed,https://journalsearches.com/journal.php?title=hellenic journal of cardiology
"Osteoporosis and Sarcopenia Publisher:  Elsevier P-ISSN: 2405-5255 E-ISSN:  Language:  English Country of Publisher:  Korea, Republic of APC: No Processing Time (Weeks):  20 Review Process:  Anonymous peer review Subjects:  Medicine: Internal medicine: Specialties of internal medicine: Diseases of the musculoskeletal systemIndexing The osteoporosis and sarcopenia is indexed in:UGC CAREWeb of Science (ESCI)DOAJPubMedEmbaseAn indexed journal means that the journal has gone through and passed a review process of certain requirements done by a journal indexer.The Web of Science Core Collection includes the Science Citation Index Expanded (SCIE), Social Sciences Citation Index (SSCI), Arts & Humanities Citation Index (AHCI), and Emerging Sources Citation Index (ESCI).Note: ESCI journals donot come with an impact factor. However, ESCI journals are evaluated every year and those who qualified are transferred to SCIE.Osteoporosis And Sarcopenia Impact Factor 2026 The latest impact factor of osteoporosis and sarcopenia is 2.8 which was recently updated in June, 2025.From the recent Journal Citation Reports (JCR) releases onward, the Impact Factor is provided to all journals indexed in the Web of Science Core Collection, including SCIE, SSCI, ESCI, and AHCI.The impact factor (IF) is a measure of the frequency with which the average article in a journal has been cited in a particular year. It is used to measure the importance or rank of a journal by calculating the times it's articles are cited.Note: Every year, The Clarivate releases the Journal Citation Report (JCR). The JCR provides information about academic journals including impact factor. The latest JCR was released in June, 2025.Publication fee Based on the Official Journal Homepage, the osteoporosis and sarcopenia does not charge any publication fee.An article processing charge (APC), also known as a publication fee, is a fee which is sometimes charged to authors. Most commonly, it is involved in making a work available as open access (OA), in either a full OA journal or in a hybrid journal.Journal Publication Time The Journal Publication Time means the average number of weeks between article submission and publication. According to the journal website, the osteoporosis and sarcopenia publishes research articles in 20 weeks on an average.Call for PapersVisit to the official website of the journal/ conference to check the details about call for papers.How to publish in Osteoporosis And Sarcopenia?If your research is related to osteoporosis, sarcopenia, bone, muscle, fracture, asia, then visit the official website of osteoporosis and sarcopenia and send your manuscript.Tips for publishing in Osteoporosis And Sarcopenia:Selection of research problem.Presenting a solution.Designing the paper.Make your manuscript publication worthy.Write an effective results section.Mind your references.Acceptance RateAcceptance rate is the ratio of the number of articles submitted to the number of articles published. Researchers can check the acceptance rate on the journal website. Alternatively, they can contact the editor of the journal.Final SummaryThe impact factor of osteoporosis and sarcopenia is 2.8.The osteoporosis and sarcopenia is a reputed research journal.It is published by Elsevier.The journal is indexed in UGC CARE, ESCI, DOAJ, PubMed, Embase.It is an open access journal.The publication time (Average number of weeks between article submission and publication) of the journal is 20 weeks.Based on the Official Journal Homepage, the osteoporosis and sarcopenia does not charge any publication fee.Sources: http://www.journals.elsevier.com/osteoporosis-and-sarcopenia/",Elsevier,,20 weeks,Free (Stated on Website),Not Indexed,https://journalsearches.com/journal.php?title=osteoporosis and sarcopenia
"Journal of Sport and Health Science Publisher:  Elsevier B.V. ISSN: 22132961, 20952546 Journal Scope: Health Professions; Medicine Country of Publisher:  Netherlands Scopus CiteScore: 19.9 Scopus Coverage: 2012-2025 H-Index:  76 SJR:  3.197 Quartile: Orthopedics and Sports Medicine (Q1); Physical Therapy, Sports Therapy and Rehabilitation (Q1) Open Access: YesIndexing The journal of sport and health science is indexed in:UGC CAREScopusWeb of Science (SCIE)DOAJPubMedEmbaseAn indexed journal means that the journal has gone through and passed a review process of certain requirements done by a journal indexer.The Web of Science Core Collection includes the Science Citation Index Expanded (SCIE), Social Sciences Citation Index (SSCI), Arts & Humanities Citation Index (AHCI), and Emerging Sources Citation Index (ESCI).Journal Of Sport And Health Science Impact Factor 2026 The latest impact factor of journal of sport and health science is 10.3 which was recently updated in June, 2025.From the recent Journal Citation Reports (JCR) releases onward, the Impact Factor is provided to all journals indexed in the Web of Science Core Collection, including SCIE, SSCI, ESCI, and AHCI.The impact factor (IF) is a measure of the frequency with which the average article in a journal has been cited in a particular year. It is used to measure the importance or rank of a journal by calculating the times it's articles are cited.Note: Every year, The Clarivate releases the Journal Citation Report (JCR). The JCR provides information about academic journals including impact factor. The latest JCR was released in June, 2025.Quartile The latest Quartile of journal of sport and health science is Q1.Each subject category of journals is divided into four quartiles: Q1, Q2, Q3, Q4. Q1 is occupied by the top 25% of journals in the list; Q2 is occupied by journals in the 25 to 50% group; Q3 is occupied by journals in the 50 to 75% group and Q4 is occupied by journals in the 75 to 100% group.Publication fee Based on the Official Journal Homepage, the journal of sport and health science does not charge any publication fee.An article processing charge (APC), also known as a publication fee, is a fee which is sometimes charged to authors. Most commonly, it is involved in making a work available as open access (OA), in either a full OA journal or in a hybrid journal.Journal Publication Time The Journal Publication Time means the average number of weeks between article submission and publication. According to the journal website, the journal of sport and health science publishes research articles in 22 weeks on an average.Call for PapersVisit to the official website of the journal/ conference to check the details about call for papers.How to publish in Journal Of Sport And Health Science?If your research is related to Health Professions; Medicine, then visit the official website of journal of sport and health science and send your manuscript.Tips for publishing in Journal Of Sport And Health Science:Selection of research problem.Presenting a solution.Designing the paper.Make your manuscript publication worthy.Write an effective results section.Mind your references.Acceptance RateAcceptance rate is the ratio of the number of articles submitted to the number of articles published. Researchers can check the acceptance rate on the journal website. Alternatively, they can contact the editor of the journal.Final SummaryThe impact factor of journal of sport and health science is 10.3.The journal of sport and health science is a reputed research journal.It is published by Elsevier B.V..The journal is indexed in UGC CARE, Scopus, SCIE, DOAJ, PubMed, Embase.It is an open access journal.The (SJR) SCImago Journal Rank is 3.197.The publication time (Average number of weeks between article submission and publication) of the journal is 22 weeks.Based on the Official Journal Homepage, the journal of sport and health science does not charge any publication fee.Sources: http://www.journals.elsevier.com/journal-of-sport-and-health-science",Elsevier B.V.,"22132961, 20952546",22 weeks,Free (Stated on Website),Indexed,https://journalsearches.com/journal.php?title=journal of sport and health science
"The Journal of Chinese Sociology Publisher:  SpringerOpen P-ISSN:  E-ISSN: 2198-2635 Language:  English Country of Publisher:  Germany APC: No Processing Time (Weeks):  13 Review Process:  Double anonymous peer review Subjects:  Social Sciences: Social sciences and state - Asia (Asian studies only) | Social Sciences: Sociology (General)Indexing The the journal of chinese sociology is indexed in:DOAJAn indexed journal means that the journal has gone through and passed a review process of certain requirements done by a journal indexer.The Web of Science Core Collection includes the Science Citation Index Expanded (SCIE), Social Sciences Citation Index (SSCI), Arts & Humanities Citation Index (AHCI), and Emerging Sources Citation Index (ESCI).Publication fee Based on the Official Journal Homepage, the the journal of chinese sociology does not charge any publication fee.An article processing charge (APC), also known as a publication fee, is a fee which is sometimes charged to authors. Most commonly, it is involved in making a work available as open access (OA), in either a full OA journal or in a hybrid journal.Journal Publication Time The Journal Publication Time means the average number of weeks between article submission and publication. According to the journal website, the the journal of chinese sociology publishes research articles in 13 weeks on an average.Call for PapersVisit to the official website of the journal/ conference to check the details about call for papers.How to publish in The Journal Of Chinese Sociology?If your research is related to sociology, then visit the official website of the journal of chinese sociology and send your manuscript.Tips for publishing in The Journal Of Chinese Sociology:Selection of research problem.Presenting a solution.Designing the paper.Make your manuscript publication worthy.Write an effective results section.Mind your references.Acceptance RateAcceptance rate is the ratio of the number of articles submitted to the number of articles published. Researchers can check the acceptance rate on the journal website. Alternatively, they can contact the editor of the journal.Final SummaryIt is published by SpringerOpen.The journal is indexed in , DOAJ.It is an open access journal.The publication time (Average number of weeks between article submission and publication) of the journal is 13 weeks.Based on the Official Journal Homepage, the the journal of chinese sociology does not charge any publication fee.Sources: http://www.journalofchinesesociology.com",SpringerOpen,2198-2635,13 weeks,Free (Verified via Directory),Not Indexed,https://journalsearches.com/journal.php?title=the journal of chinese sociology
"Cell Regeneration Publisher:  Springer ISSN: 20459769 Journal Scope: Biochemistry, Genetics and Molecular Biology Country of Publisher:  Singapore Scopus CiteScore: 7.1 Scopus Coverage: 2012-2025 H-Index:  26 SJR:  1.352 Quartile: Developmental Biology (Q1); Cell Biology (Q2) Open Access: YesIndexing The cell regeneration is indexed in:UGC CAREScopusWeb of Science (ESCI)DOAJPubMedEmbaseAn indexed journal means that the journal has gone through and passed a review process of certain requirements done by a journal indexer.The Web of Science Core Collection includes the Science Citation Index Expanded (SCIE), Social Sciences Citation Index (SSCI), Arts & Humanities Citation Index (AHCI), and Emerging Sources Citation Index (ESCI).Note: ESCI journals donot come with an impact factor. However, ESCI journals are evaluated every year and those who qualified are transferred to SCIE.Cell Regeneration Impact Factor 2026 The latest impact factor of cell regeneration is 4.7 which was recently updated in June, 2025.From the recent Journal Citation Reports (JCR) releases onward, the Impact Factor is provided to all journals indexed in the Web of Science Core Collection, including SCIE, SSCI, ESCI, and AHCI.The impact factor (IF) is a measure of the frequency with which the average article in a journal has been cited in a particular year. It is used to measure the importance or rank of a journal by calculating the times it's articles are cited.Note: Every year, The Clarivate releases the Journal Citation Report (JCR). The JCR provides information about academic journals including impact factor. The latest JCR was released in June, 2025.Quartile The latest Quartile of cell regeneration is Q1.Each subject category of journals is divided into four quartiles: Q1, Q2, Q3, Q4. Q1 is occupied by the top 25% of journals in the list; Q2 is occupied by journals in the 25 to 50% group; Q3 is occupied by journals in the 50 to 75% group and Q4 is occupied by journals in the 75 to 100% group.Publication fee Based on the Official Journal Homepage, the cell regeneration does not charge any publication fee.An article processing charge (APC), also known as a publication fee, is a fee which is sometimes charged to authors. Most commonly, it is involved in making a work available as open access (OA), in either a full OA journal or in a hybrid journal.Journal Publication Time The Journal Publication Time means the average number of weeks between article submission and publication. According to the journal website, the cell regeneration publishes research articles in 16 weeks on an average.Call for PapersVisit to the official website of the journal/ conference to check the details about call for papers.How to publish in Cell Regeneration?If your research is related to Biochemistry, Genetics and Molecular Biology, then visit the official website of cell regeneration and send your manuscript.Tips for publishing in Cell Regeneration:Selection of research problem.Presenting a solution.Designing the paper.Make your manuscript publication worthy.Write an effective results section.Mind your references.Acceptance RateAcceptance rate is the ratio of the number of articles submitted to the number of articles published. Researchers can check the acceptance rate on the journal website. Alternatively, they can contact the editor of the journal.Final SummaryThe impact factor of cell regeneration is 4.7.The cell regeneration is a reputed research journal.It is published by Springer.The journal is indexed in UGC CARE, Scopus, ESCI, DOAJ, PubMed, Embase.It is an open access journal.The (SJR) SCImago Journal Rank is 1.352.The publication time (Average number of weeks between article submission and publication) of the journal is 16 weeks.Based on the Official Journal Homepage, the cell regeneration does not charge any publication fee.Sources: https://cellregeneration.springeropen.com/",Springer,20459769,16 weeks,Free (Verified via Directory),Indexed,https://journalsearches.com/journal.php?title=cell regeneration
"Bulletin of the National Research Centre Publisher:  SpringerOpen P-ISSN:  E-ISSN: 2522-8307 Language:  English Country of Publisher:  United Kingdom APC: No Processing Time (Weeks):  12 Review Process:  Anonymous peer review Subjects:  ScienceIndexing The bulletin of the national research centre is indexed in:DOAJAn indexed journal means that the journal has gone through and passed a review process of certain requirements done by a journal indexer.The Web of Science Core Collection includes the Science Citation Index Expanded (SCIE), Social Sciences Citation Index (SSCI), Arts & Humanities Citation Index (AHCI), and Emerging Sources Citation Index (ESCI).Publication fee Based on the Official Journal Homepage, the bulletin of the national research centre does not charge any publication fee.An article processing charge (APC), also known as a publication fee, is a fee which is sometimes charged to authors. Most commonly, it is involved in making a work available as open access (OA), in either a full OA journal or in a hybrid journal.Journal Publication Time The Journal Publication Time means the average number of weeks between article submission and publication. According to the journal website, the bulletin of the national research centre publishes research articles in 12 weeks on an average.Call for PapersVisit to the official website of the journal/ conference to check the details about call for papers.How to publish in Bulletin Of The National Research Centre?If your research is related to science, engineering, medicine, then visit the official website of bulletin of the national research centre and send your manuscript.Tips for publishing in Bulletin Of The National Research Centre:Selection of research problem.Presenting a solution.Designing the paper.Make your manuscript publication worthy.Write an effective results section.Mind your references.Acceptance RateAcceptance rate is the ratio of the number of articles submitted to the number of articles published. Researchers can check the acceptance rate on the journal website. Alternatively, they can contact the editor of the journal.Final SummaryIt is published by SpringerOpen.The journal is indexed in , DOAJ.It is an open access journal.The publication time (Average number of weeks between article submission and publication) of the journal is 12 weeks.Based on the Official Journal Homepage, the bulletin of the national research centre does not charge any publication fee.Sources: https://bnrc.springeropen.com",SpringerOpen,2522-8307,12 weeks,Free (Verified via Directory),Not Indexed,https://journalsearches.com/journal.php?title=bulletin of the national research centre
"Anesthesiology and Perioperative Science Publisher:  Springer P-ISSN:  E-ISSN: 2731-8389 Language:  English Country of Publisher:  Singapore APC: No Processing Time (Weeks):  19 Review Process:  Anonymous peer review Subjects:  Medicine: Surgery: AnesthesiologyIndexing The anesthesiology and perioperative science is indexed in:DOAJAn indexed journal means that the journal has gone through and passed a review process of certain requirements done by a journal indexer.The Web of Science Core Collection includes the Science Citation Index Expanded (SCIE), Social Sciences Citation Index (SSCI), Arts & Humanities Citation Index (AHCI), and Emerging Sources Citation Index (ESCI).Publication fee Based on the Official Journal Homepage, the anesthesiology and perioperative science does not charge any publication fee.An article processing charge (APC), also known as a publication fee, is a fee which is sometimes charged to authors. Most commonly, it is involved in making a work available as open access (OA), in either a full OA journal or in a hybrid journal.Journal Publication Time The Journal Publication Time means the average number of weeks between article submission and publication. According to the journal website, the anesthesiology and perioperative science publishes research articles in 19 weeks on an average.Call for PapersVisit to the official website of the journal/ conference to check the details about call for papers.How to publish in Anesthesiology And Perioperative Science?If your research is related to anesthesiology, perioperative science, pain management, then visit the official website of anesthesiology and perioperative science and send your manuscript.Tips for publishing in Anesthesiology And Perioperative Science:Selection of research problem.Presenting a solution.Designing the paper.Make your manuscript publication worthy.Write an effective results section.Mind your references.Acceptance RateAcceptance rate is the ratio of the number of articles submitted to the number of articles published. Researchers can check the acceptance rate on the journal website. Alternatively, they can contact the editor of the journal.Final SummaryIt is published by Springer.The journal is indexed in , DOAJ.It is an open access journal.The publication time (Average number of weeks between article submission and publication) of the journal is 19 weeks.Based on the Official Journal Homepage, the anesthesiology and perioperative science does not charge any publication fee.Sources: https://www.springer.com/journal/44254",Springer,2731-8389,19 weeks,Free (Stated on Website),Not Indexed,https://journalsearches.com/journal.php?title=anesthesiology and perioperative science
"Carbon Neutrality Publisher:  Springer ISSN: 27313948, 27888614 Journal Scope: Economics, Econometrics and Finance; Energy; Environmental Science Country of Publisher:  China Scopus CiteScore: 11.9 Scopus Coverage: 2022-2025 H-Index:  18 SJR:  2.321 Quartile: Economics, Econometrics and Finance (miscellaneous) (Q1); Energy (miscellaneous) (Q1); Environmental Science (miscellaneous) (Q1) Open Access: YesIndexing The carbon neutrality is indexed in:UGC CAREScopusDOAJAn indexed journal means that the journal has gone through and passed a review process of certain requirements done by a journal indexer.The Web of Science Core Collection includes the Science Citation Index Expanded (SCIE), Social Sciences Citation Index (SSCI), Arts & Humanities Citation Index (AHCI), and Emerging Sources Citation Index (ESCI).Carbon Neutrality Impact Factor 2026 The latest impact factor of carbon neutrality is 12.5 which was recently updated in June, 2025.From the recent Journal Citation Reports (JCR) releases onward, the Impact Factor is provided to all journals indexed in the Web of Science Core Collection, including SCIE, SSCI, ESCI, and AHCI.The impact factor (IF) is a measure of the frequency with which the average article in a journal has been cited in a particular year. It is used to measure the importance or rank of a journal by calculating the times it's articles are cited.Note: Every year, The Clarivate releases the Journal Citation Report (JCR). The JCR provides information about academic journals including impact factor. The latest JCR was released in June, 2025.Quartile The latest Quartile of carbon neutrality is Q1.Each subject category of journals is divided into four quartiles: Q1, Q2, Q3, Q4. Q1 is occupied by the top 25% of journals in the list; Q2 is occupied by journals in the 25 to 50% group; Q3 is occupied by journals in the 50 to 75% group and Q4 is occupied by journals in the 75 to 100% group.Publication fee Based on the Official Journal Homepage, the carbon neutrality does not charge any publication fee.An article processing charge (APC), also known as a publication fee, is a fee which is sometimes charged to authors. Most commonly, it is involved in making a work available as open access (OA), in either a full OA journal or in a hybrid journal.Journal Publication Time The Journal Publication Time means the average number of weeks between article submission and publication. According to the journal website, the carbon neutrality publishes research articles in 10 weeks on an average.Call for PapersVisit to the official website of the journal/ conference to check the details about call for papers.How to publish in Carbon Neutrality?If your research is related to Economics, Econometrics and Finance; Energy; Environmental Science, then visit the official website of carbon neutrality and send your manuscript.Tips for publishing in Carbon Neutrality:Selection of research problem.Presenting a solution.Designing the paper.Make your manuscript publication worthy.Write an effective results section.Mind your references.Acceptance RateAcceptance rate is the ratio of the number of articles submitted to the number of articles published. Researchers can check the acceptance rate on the journal website. Alternatively, they can contact the editor of the journal.Final SummaryThe impact factor of carbon neutrality is 12.5.The carbon neutrality is a reputed research journal.It is published by Springer.The journal is indexed in UGC CARE, Scopus, DOAJ.It is an open access journal.The (SJR) SCImago Journal Rank is 2.321.The publication time (Average number of weeks between article submission and publication) of the journal is 10 weeks.Based on the Official Journal Homepage, the carbon neutrality does not charge any publication fee.Sources: https://www.springer.com/journal/43979",Springer,"27313948, 27888614",10 weeks,Free (Verified via Directory),Indexed,https://journalsearches.com/journal.php?title=carbon neutrality
"Computational Urban Science Publisher:  Springer ISSN: 27306852 Journal Scope: Computer Science; Environmental Science; Social Sciences Country of Publisher:  Singapore Scopus CiteScore: 6.5 Scopus Coverage: 2021-2025 H-Index:  14 SJR:  0.803 Quartile: Urban Studies (Q1); Artificial Intelligence (Q2); Computer Science Applications (Q2); Environmental Science (miscellaneous) (Q2) Open Access: YesIndexing The computational urban science is indexed in:UGC CAREScopusWeb of Science (ESCI)DOAJAn indexed journal means that the journal has gone through and passed a review process of certain requirements done by a journal indexer.The Web of Science Core Collection includes the Science Citation Index Expanded (SCIE), Social Sciences Citation Index (SSCI), Arts & Humanities Citation Index (AHCI), and Emerging Sources Citation Index (ESCI).Note: ESCI journals donot come with an impact factor. However, ESCI journals are evaluated every year and those who qualified are transferred to SCIE.Computational Urban Science Impact Factor 2026 The latest impact factor of computational urban science is 3.2 which was recently updated in June, 2025.From the recent Journal Citation Reports (JCR) releases onward, the Impact Factor is provided to all journals indexed in the Web of Science Core Collection, including SCIE, SSCI, ESCI, and AHCI.The impact factor (IF) is a measure of the frequency with which the average article in a journal has been cited in a particular year. It is used to measure the importance or rank of a journal by calculating the times it's articles are cited.Note: Every year, The Clarivate releases the Journal Citation Report (JCR). The JCR provides information about academic journals including impact factor. The latest JCR was released in June, 2025.Quartile The latest Quartile of computational urban science is Q1.Each subject category of journals is divided into four quartiles: Q1, Q2, Q3, Q4. Q1 is occupied by the top 25% of journals in the list; Q2 is occupied by journals in the 25 to 50% group; Q3 is occupied by journals in the 50 to 75% group and Q4 is occupied by journals in the 75 to 100% group.Publication fee Based on the Official Journal Homepage, the computational urban science does not charge any publication fee.An article processing charge (APC), also known as a publication fee, is a fee which is sometimes charged to authors. Most commonly, it is involved in making a work available as open access (OA), in either a full OA journal or in a hybrid journal.Journal Publication Time The Journal Publication Time means the average number of weeks between article submission and publication. According to the journal website, the computational urban science publishes research articles in 10 weeks on an average.Call for PapersVisit to the official website of the journal/ conference to check the details about call for papers.How to publish in Computational Urban Science?If your research is related to Computer Science; Environmental Science; Social Sciences, then visit the official website of computational urban science and send your manuscript.Tips for publishing in Computational Urban Science:Selection of research problem.Presenting a solution.Designing the paper.Make your manuscript publication worthy.Write an effective results section.Mind your references.Acceptance RateAcceptance rate is the ratio of the number of articles submitted to the number of articles published. Researchers can check the acceptance rate on the journal website. Alternatively, they can contact the editor of the journal.Final SummaryThe impact factor of computational urban science is 3.2.The computational urban science is a reputed research journal.It is published by Springer.The journal is indexed in UGC CARE, Scopus, ESCI, DOAJ.It is an open access journal.The (SJR) SCImago Journal Rank is 0.803.The publication time (Average number of weeks between article submission and publication) of the journal is 10 weeks.Based on the Official Journal Homepage, the computational urban science does not charge any publication fee.Sources: https://www.springer.com/journal/43762/",Springer,27306852,10 weeks,Free (Verified via Directory),Indexed,https://journalsearches.com/journal.php?title=computational urban science
"Journal of Rock Mechanics and Geotechnical Engineering Publisher:  Chinese Academy of Sciences ISSN: 25890417, 16747755 Journal Scope: Earth and Planetary Sciences Country of Publisher:  China Scopus CiteScore: 13.9 Scopus Coverage: 2013-2025 H-Index:  87 SJR:  2.719 Quartile: Geotechnical Engineering and Engineering Geology (Q1) Open Access: YesIndexing The journal of rock mechanics and geotechnical engineering is indexed in:UGC CAREScopusWeb of Science (SCIE)DOAJAn indexed journal means that the journal has gone through and passed a review process of certain requirements done by a journal indexer.The Web of Science Core Collection includes the Science Citation Index Expanded (SCIE), Social Sciences Citation Index (SSCI), Arts & Humanities Citation Index (AHCI), and Emerging Sources Citation Index (ESCI).Journal Of Rock Mechanics And Geotechnical Engineering Impact Factor 2026 The latest impact factor of journal of rock mechanics and geotechnical engineering is 10.2 which was recently updated in June, 2025.From the recent Journal Citation Reports (JCR) releases onward, the Impact Factor is provided to all journals indexed in the Web of Science Core Collection, including SCIE, SSCI, ESCI, and AHCI.The impact factor (IF) is a measure of the frequency with which the average article in a journal has been cited in a particular year. It is used to measure the importance or rank of a journal by calculating the times it's articles are cited.Note: Every year, The Clarivate releases the Journal Citation Report (JCR). The JCR provides information about academic journals including impact factor. The latest JCR was released in June, 2025.Quartile The latest Quartile of journal of rock mechanics and geotechnical engineering is Q1.Each subject category of journals is divided into four quartiles: Q1, Q2, Q3, Q4. Q1 is occupied by the top 25% of journals in the list; Q2 is occupied by journals in the 25 to 50% group; Q3 is occupied by journals in the 50 to 75% group and Q4 is occupied by journals in the 75 to 100% group.Publication fee Based on the Official Journal Homepage, the journal of rock mechanics and geotechnical engineering does not charge any publication fee.An article processing charge (APC), also known as a publication fee, is a fee which is sometimes charged to authors. Most commonly, it is involved in making a work available as open access (OA), in either a full OA journal or in a hybrid journal.Journal Publication Time The Journal Publication Time means the average number of weeks between article submission and publication. According to the journal website, the journal of rock mechanics and geotechnical engineering publishes research articles in 9 weeks on an average.Call for PapersVisit to the official website of the journal/ conference to check the details about call for papers.How to publish in Journal Of Rock Mechanics And Geotechnical Engineering?If your research is related to Earth and Planetary Sciences, then visit the official website of journal of rock mechanics and geotechnical engineering and send your manuscript.Tips for publishing in Journal Of Rock Mechanics And Geotechnical Engineering:Selection of research problem.Presenting a solution.Designing the paper.Make your manuscript publication worthy.Write an effective results section.Mind your references.Acceptance RateAcceptance rate is the ratio of the number of articles submitted to the number of articles published. Researchers can check the acceptance rate on the journal website. Alternatively, they can contact the editor of the journal.Final SummaryThe impact factor of journal of rock mechanics and geotechnical engineering is 10.2.The journal of rock mechanics and geotechnical engineering is a reputed research journal.It is published by Chinese Academy of Sciences.The journal is indexed in UGC CARE, Scopus, SCIE, DOAJ.It is an open access journal.The (SJR) SCImago Journal Rank is 2.719.The publication time (Average number of weeks between article submission and publication) of the journal is 9 weeks.Based on the Official Journal Homepage, the journal of rock mechanics and geotechnical engineering does not charge any publication fee.Sources: http://www.journals.elsevier.com/journal-of-rock-mechanics-and-geotechnical-engineering/",Chinese Academy of Sciences,"25890417, 16747755",9 weeks,Free (Stated on Website),Indexed,https://journalsearches.com/journal.php?title=journal of rock mechanics and geotechnical engineering
"Asian Journal of Pharmaceutical Sciences Publisher:  Shenyang Pharmaceutical University ISSN: 18180876, 2221285X Journal Scope: Pharmacology, Toxicology and Pharmaceutics Country of Publisher:  China Scopus CiteScore: 19.8 Scopus Coverage: 2009-2025 H-Index:  76 SJR:  2.251 Quartile: Pharmaceutical Science (Q1); Pharmacology (Q1) Open Access: YesIndexing The asian journal of pharmaceutical sciences is indexed in:UGC CAREScopusWeb of Science (SCIE)DOAJPubMedEmbaseAn indexed journal means that the journal has gone through and passed a review process of certain requirements done by a journal indexer.The Web of Science Core Collection includes the Science Citation Index Expanded (SCIE), Social Sciences Citation Index (SSCI), Arts & Humanities Citation Index (AHCI), and Emerging Sources Citation Index (ESCI).Asian Journal Of Pharmaceutical Sciences Impact Factor 2026 The latest impact factor of asian journal of pharmaceutical sciences is 11.9 which was recently updated in June, 2025.From the recent Journal Citation Reports (JCR) releases onward, the Impact Factor is provided to all journals indexed in the Web of Science Core Collection, including SCIE, SSCI, ESCI, and AHCI.The impact factor (IF) is a measure of the frequency with which the average article in a journal has been cited in a particular year. It is used to measure the importance or rank of a journal by calculating the times it's articles are cited.Note: Every year, The Clarivate releases the Journal Citation Report (JCR). The JCR provides information about academic journals including impact factor. The latest JCR was released in June, 2025.Quartile The latest Quartile of asian journal of pharmaceutical sciences is Q1.Each subject category of journals is divided into four quartiles: Q1, Q2, Q3, Q4. Q1 is occupied by the top 25% of journals in the list; Q2 is occupied by journals in the 25 to 50% group; Q3 is occupied by journals in the 50 to 75% group and Q4 is occupied by journals in the 75 to 100% group.Publication fee Based on the Official Journal Homepage, the asian journal of pharmaceutical sciences does not charge any publication fee.An article processing charge (APC), also known as a publication fee, is a fee which is sometimes charged to authors. Most commonly, it is involved in making a work available as open access (OA), in either a full OA journal or in a hybrid journal.Journal Publication Time The Journal Publication Time means the average number of weeks between article submission and publication. According to the journal website, the asian journal of pharmaceutical sciences publishes research articles in 17 weeks on an average.Call for PapersVisit to the official website of the journal/ conference to check the details about call for papers.How to publish in Asian Journal Of Pharmaceutical Sciences?If your research is related to Pharmacology, Toxicology and Pharmaceutics, then visit the official website of asian journal of pharmaceutical sciences and send your manuscript.Tips for publishing in Asian Journal Of Pharmaceutical Sciences:Selection of research problem.Presenting a solution.Designing the paper.Make your manuscript publication worthy.Write an effective results section.Mind your references.Acceptance RateAcceptance rate is the ratio of the number of articles submitted to the number of articles published. Researchers can check the acceptance rate on the journal website. Alternatively, they can contact the editor of the journal.Final SummaryThe impact factor of asian journal of pharmaceutical sciences is 11.9.The asian journal of pharmaceutical sciences is a reputed research journal.It is published by Shenyang Pharmaceutical University.The journal is indexed in UGC CARE, Scopus, SCIE, DOAJ, PubMed, Embase.It is an open access journal.The (SJR) SCImago Journal Rank is 2.251.The publication time (Average number of weeks between article submission and publication) of the journal is 17 weeks.Based on the Official Journal Homepage, the asian journal of pharmaceutical sciences does not charge any publication fee.Sources: http://www.journals.elsevier.com/asian-journal-of-pharmaceutical-sciences/",Shenyang Pharmaceutical University,"18180876, 2221285X",17 weeks,Free (Stated on Website),Indexed,https://journalsearches.com/journal.php?title=asian journal of pharmaceutical sciences
"Chinese Journal of Traumatology Publisher:  Elsevier P-ISSN: 1008-1275 E-ISSN:  Language:  English Country of Publisher:  China APC: No Processing Time (Weeks):  28 Review Process:  Anonymous peer review Subjects:  Medicine: Medicine (General)Indexing The chinese journal of traumatology is indexed in:UGC CAREWeb of Science (ESCI)DOAJPubMedAn indexed journal means that the journal has gone through and passed a review process of certain requirements done by a journal indexer.The Web of Science Core Collection includes the Science Citation Index Expanded (SCIE), Social Sciences Citation Index (SSCI), Arts & Humanities Citation Index (AHCI), and Emerging Sources Citation Index (ESCI).Note: ESCI journals donot come with an impact factor. However, ESCI journals are evaluated every year and those who qualified are transferred to SCIE.Chinese Journal Of Traumatology Impact Factor 2026 The latest impact factor of chinese journal of traumatology is 1.9 which was recently updated in June, 2025.From the recent Journal Citation Reports (JCR) releases onward, the Impact Factor is provided to all journals indexed in the Web of Science Core Collection, including SCIE, SSCI, ESCI, and AHCI.The impact factor (IF) is a measure of the frequency with which the average article in a journal has been cited in a particular year. It is used to measure the importance or rank of a journal by calculating the times it's articles are cited.Note: Every year, The Clarivate releases the Journal Citation Report (JCR). The JCR provides information about academic journals including impact factor. The latest JCR was released in June, 2025.Publication fee Based on the Official Journal Homepage, the chinese journal of traumatology does not charge any publication fee.An article processing charge (APC), also known as a publication fee, is a fee which is sometimes charged to authors. Most commonly, it is involved in making a work available as open access (OA), in either a full OA journal or in a hybrid journal.Journal Publication Time The Journal Publication Time means the average number of weeks between article submission and publication. According to the journal website, the chinese journal of traumatology publishes research articles in 28 weeks on an average.Call for PapersVisit to the official website of the journal/ conference to check the details about call for papers.How to publish in Chinese Journal Of Traumatology?If your research is related to trauma medicine, then visit the official website of chinese journal of traumatology and send your manuscript.Tips for publishing in Chinese Journal Of Traumatology:Selection of research problem.Presenting a solution.Designing the paper.Make your manuscript publication worthy.Write an effective results section.Mind your references.Acceptance RateAcceptance rate is the ratio of the number of articles submitted to the number of articles published. Researchers can check the acceptance rate on the journal website. Alternatively, they can contact the editor of the journal.Final SummaryThe impact factor of chinese journal of traumatology is 1.9.The chinese journal of traumatology is a reputed research journal.It is published by Elsevier.The journal is indexed in UGC CARE, ESCI, DOAJ, PubMed.It is an open access journal.The publication time (Average number of weeks between article submission and publication) of the journal is 28 weeks.Based on the Official Journal Homepage, the chinese journal of traumatology does not charge any publication fee.Sources: https://www.journals.elsevier.com/chinese-journal-of-traumatology/",Elsevier,,28 weeks,Free (Stated on Website),Not Indexed,https://journalsearches.com/journal.php?title=chinese journal of traumatology
"Clinical Medicine Insights: Blood Disorders Publisher:  Libertas Academica Ltd. P-ISSN: 1179545X Open Access: Unpaywall Open Access Scopus Status: Inactive Scopus Coverage:  2010-2021Indexing The clinical medicine insights: blood disorders is indexed in:The journal is discontinued by the Scopus.DOAJPubMedAn indexed journal means that the journal has gone through and passed a review process of certain requirements done by a journal indexer.The Web of Science Core Collection includes the Science Citation Index Expanded (SCIE), Social Sciences Citation Index (SSCI), Arts & Humanities Citation Index (AHCI), and Emerging Sources Citation Index (ESCI).Publication fee Based on the Official Journal Homepage, the clinical medicine insights: blood disorders does not charge any publication fee.An article processing charge (APC), also known as a publication fee, is a fee which is sometimes charged to authors. Most commonly, it is involved in making a work available as open access (OA), in either a full OA journal or in a hybrid journal.Journal Publication Time The Journal Publication Time means the average number of weeks between article submission and publication. According to the journal website, the clinical medicine insights: blood disorders publishes research articles in 8 weeks on an average.Call for PapersVisit to the official website of the journal/ conference to check the details about call for papers.How to publish in Clinical Medicine Insights: Blood Disorders?If your research is related to the scope of the journal, then visit the official website of clinical medicine insights: blood disorders and send your manuscript.Tips for publishing in Clinical Medicine Insights: Blood Disorders:Selection of research problem.Presenting a solution.Designing the paper.Make your manuscript publication worthy.Write an effective results section.Mind your references.Acceptance RateAcceptance rate is the ratio of the number of articles submitted to the number of articles published. Researchers can check the acceptance rate on the journal website. Alternatively, they can contact the editor of the journal.Final SummaryIt is published by Libertas Academica Ltd..The journal is indexed in , DOAJ, PubMed.It is an open access journal.The publication time (Average number of weeks between article submission and publication) of the journal is 8 weeks.Based on the Official Journal Homepage, the clinical medicine insights: blood disorders does not charge any publication fee.Sources: https://journals.sagepub.com/home/bdx",Libertas Academica Ltd.,1179545X,8 weeks,Free (Verified via Directory),Indexed,https://journalsearches.com/journal.php?title=clinical medicine insights: blood disorders
"Brain Science Advances Publisher:  SAGE Publishing P-ISSN:  E-ISSN: 2096-5958 Language:  English Country of Publisher:  United Kingdom APC: No Processing Time (Weeks):  10 Review Process:  Anonymous peer review Subjects:  Medicine: Internal medicine: Neurosciences. Biological psychiatry. NeuropsychiatryIndexing The brain science advances is indexed in:DOAJAn indexed journal means that the journal has gone through and passed a review process of certain requirements done by a journal indexer.The Web of Science Core Collection includes the Science Citation Index Expanded (SCIE), Social Sciences Citation Index (SSCI), Arts & Humanities Citation Index (AHCI), and Emerging Sources Citation Index (ESCI).Publication fee Based on the Official Journal Homepage, the brain science advances does not charge any publication fee.An article processing charge (APC), also known as a publication fee, is a fee which is sometimes charged to authors. Most commonly, it is involved in making a work available as open access (OA), in either a full OA journal or in a hybrid journal.Journal Publication Time The Journal Publication Time means the average number of weeks between article submission and publication. According to the journal website, the brain science advances publishes research articles in 10 weeks on an average.Call for PapersVisit to the official website of the journal/ conference to check the details about call for papers.How to publish in Brain Science Advances?If your research is related to neural engineering, neuroimaging, molecular neuroscience, cellular neuroscience, clinical neuroscience, cognitive neuroscience, then visit the official website of brain science advances and send your manuscript.Tips for publishing in Brain Science Advances:Selection of research problem.Presenting a solution.Designing the paper.Make your manuscript publication worthy.Write an effective results section.Mind your references.Acceptance RateAcceptance rate is the ratio of the number of articles submitted to the number of articles published. Researchers can check the acceptance rate on the journal website. Alternatively, they can contact the editor of the journal.Final SummaryIt is published by SAGE Publishing.The journal is indexed in , DOAJ.It is an open access journal.The publication time (Average number of weeks between article submission and publication) of the journal is 10 weeks.Based on the Official Journal Homepage, the brain science advances does not charge any publication fee.Sources: https://journals.sagepub.com/home/bsa",SAGE Publishing,2096-5958,10 weeks,Free (Stated on Website),Not Indexed,https://journalsearches.com/journal.php?title=brain science advances
"Indian Journal of Psychological Medicine Publisher:  SAGE Publications Ltd ISSN: 02537176, 09751564 Journal Scope: Medicine; Psychology Country of Publisher:  United Kingdom Scopus CiteScore: 4.4 Scopus Coverage: 2002-2025 H-Index:  46 SJR:  0.79 Quartile: Clinical Psychology (Q2); Psychiatry and Mental Health (Q2) Open Access: YesIndexing The indian journal of psychological medicine is indexed in:UGC CAREScopusWeb of Science (ESCI)DOAJPubMedAn indexed journal means that the journal has gone through and passed a review process of certain requirements done by a journal indexer.The Web of Science Core Collection includes the Science Citation Index Expanded (SCIE), Social Sciences Citation Index (SSCI), Arts & Humanities Citation Index (AHCI), and Emerging Sources Citation Index (ESCI).Note: ESCI journals donot come with an impact factor. However, ESCI journals are evaluated every year and those who qualified are transferred to SCIE.Indian Journal Of Psychological Medicine Impact Factor 2026 The latest impact factor of indian journal of psychological medicine is 2.0 which was recently updated in June, 2025.From the recent Journal Citation Reports (JCR) releases onward, the Impact Factor is provided to all journals indexed in the Web of Science Core Collection, including SCIE, SSCI, ESCI, and AHCI.The impact factor (IF) is a measure of the frequency with which the average article in a journal has been cited in a particular year. It is used to measure the importance or rank of a journal by calculating the times it's articles are cited.Note: Every year, The Clarivate releases the Journal Citation Report (JCR). The JCR provides information about academic journals including impact factor. The latest JCR was released in June, 2025.Quartile The latest Quartile of indian journal of psychological medicine is Q2.Each subject category of journals is divided into four quartiles: Q1, Q2, Q3, Q4. Q1 is occupied by the top 25% of journals in the list; Q2 is occupied by journals in the 25 to 50% group; Q3 is occupied by journals in the 50 to 75% group and Q4 is occupied by journals in the 75 to 100% group.Publication fee Based on the Official Journal Homepage, the indian journal of psychological medicine does not charge any publication fee.An article processing charge (APC), also known as a publication fee, is a fee which is sometimes charged to authors. Most commonly, it is involved in making a work available as open access (OA), in either a full OA journal or in a hybrid journal.Journal Publication Time The Journal Publication Time means the average number of weeks between article submission and publication. According to the journal website, the indian journal of psychological medicine publishes research articles in 12 weeks on an average.Call for PapersVisit to the official website of the journal/ conference to check the details about call for papers.How to publish in Indian Journal Of Psychological Medicine?If your research is related to Medicine; Psychology, then visit the official website of indian journal of psychological medicine and send your manuscript.Tips for publishing in Indian Journal Of Psychological Medicine:Selection of research problem.Presenting a solution.Designing the paper.Make your manuscript publication worthy.Write an effective results section.Mind your references.Acceptance RateAcceptance rate is the ratio of the number of articles submitted to the number of articles published. Researchers can check the acceptance rate on the journal website. Alternatively, they can contact the editor of the journal.Final SummaryThe impact factor of indian journal of psychological medicine is 2.0.The indian journal of psychological medicine is a reputed research journal.It is published by SAGE Publications Ltd.The journal is indexed in UGC CARE, Scopus, ESCI, DOAJ, PubMed.It is an open access journal.The (SJR) SCImago Journal Rank is 0.79.The publication time (Average number of weeks between article submission and publication) of the journal is 12 weeks.Based on the Official Journal Homepage, the indian journal of psychological medicine does not charge any publication fee.Sources: https://journals.sagepub.com/home/szj",SAGE Publications Ltd,"02537176, 09751564",12 weeks,Free (Verified via Directory),Indexed,https://journalsearches.com/journal.php?title=indian journal of psychological medicine
"Satellite Navigation Publisher:  Springer International Publishing ISSN: 26629291, 26621363 Journal Scope: Computer Science; Engineering Country of Publisher:  China Scopus CiteScore: 17.3 Scopus Coverage: 2020-2025 H-Index:  31 SJR:  2.658 Quartile: Aerospace Engineering (Q1); Electrical and Electronic Engineering (Q1); Signal Processing (Q1) Open Access: YesIndexing The satellite navigation is indexed in:UGC CAREScopusWeb of Science (SCIE)DOAJAn indexed journal means that the journal has gone through and passed a review process of certain requirements done by a journal indexer.The Web of Science Core Collection includes the Science Citation Index Expanded (SCIE), Social Sciences Citation Index (SSCI), Arts & Humanities Citation Index (AHCI), and Emerging Sources Citation Index (ESCI).Satellite Navigation Impact Factor 2026 The latest impact factor of satellite navigation is 10.1 which was recently updated in June, 2025.From the recent Journal Citation Reports (JCR) releases onward, the Impact Factor is provided to all journals indexed in the Web of Science Core Collection, including SCIE, SSCI, ESCI, and AHCI.The impact factor (IF) is a measure of the frequency with which the average article in a journal has been cited in a particular year. It is used to measure the importance or rank of a journal by calculating the times it's articles are cited.Note: Every year, The Clarivate releases the Journal Citation Report (JCR). The JCR provides information about academic journals including impact factor. The latest JCR was released in June, 2025.Quartile The latest Quartile of satellite navigation is Q1.Each subject category of journals is divided into four quartiles: Q1, Q2, Q3, Q4. Q1 is occupied by the top 25% of journals in the list; Q2 is occupied by journals in the 25 to 50% group; Q3 is occupied by journals in the 50 to 75% group and Q4 is occupied by journals in the 75 to 100% group.Publication fee Based on the Official Journal Homepage, the satellite navigation does not charge any publication fee.An article processing charge (APC), also known as a publication fee, is a fee which is sometimes charged to authors. Most commonly, it is involved in making a work available as open access (OA), in either a full OA journal or in a hybrid journal.Journal Publication Time The Journal Publication Time means the average number of weeks between article submission and publication. According to the journal website, the satellite navigation publishes research articles in 12 weeks on an average.Call for PapersVisit to the official website of the journal/ conference to check the details about call for papers.How to publish in Satellite Navigation?If your research is related to Computer Science; Engineering, then visit the official website of satellite navigation and send your manuscript.Tips for publishing in Satellite Navigation:Selection of research problem.Presenting a solution.Designing the paper.Make your manuscript publication worthy.Write an effective results section.Mind your references.Acceptance RateAcceptance rate is the ratio of the number of articles submitted to the number of articles published. Researchers can check the acceptance rate on the journal website. Alternatively, they can contact the editor of the journal.Final SummaryThe impact factor of satellite navigation is 10.1.The satellite navigation is a reputed research journal.It is published by Springer International Publishing.The journal is indexed in UGC CARE, Scopus, SCIE, DOAJ.It is an open access journal.The (SJR) SCImago Journal Rank is 2.658.The publication time (Average number of weeks between article submission and publication) of the journal is 12 weeks.Based on the Official Journal Homepage, the satellite navigation does not charge any publication fee.Sources: https://satellite-navigation.springeropen.com/",Springer International Publishing,"26629291, 26621363",12 weeks,Free (Verified via Directory),Indexed,https://journalsearches.com/journal.php?title=satellite navigation
"Journal of Physiotherapy Publisher:  Australian Physiotherapy Association ISSN: 18369553, 18369561 Journal Scope: Health Professions Country of Publisher:  Australia Scopus CiteScore: 9.1 Scopus Coverage: 2010-2025 H-Index:  95 SJR:  1.668 Quartile: Physical Therapy, Sports Therapy and Rehabilitation (Q1) Open Access: NoIndexing The journal of physiotherapy is indexed in:UGC CAREScopusWeb of Science (SCIE)DOAJPubMedEmbaseAn indexed journal means that the journal has gone through and passed a review process of certain requirements done by a journal indexer.The Web of Science Core Collection includes the Science Citation Index Expanded (SCIE), Social Sciences Citation Index (SSCI), Arts & Humanities Citation Index (AHCI), and Emerging Sources Citation Index (ESCI).Journal Of Physiotherapy Impact Factor 2026 The latest impact factor of journal of physiotherapy is 9.4 which was recently updated in June, 2025.From the recent Journal Citation Reports (JCR) releases onward, the Impact Factor is provided to all journals indexed in the Web of Science Core Collection, including SCIE, SSCI, ESCI, and AHCI.The impact factor (IF) is a measure of the frequency with which the average article in a journal has been cited in a particular year. It is used to measure the importance or rank of a journal by calculating the times it's articles are cited.Note: Every year, The Clarivate releases the Journal Citation Report (JCR). The JCR provides information about academic journals including impact factor. The latest JCR was released in June, 2025.Quartile The latest Quartile of journal of physiotherapy is Q1.Each subject category of journals is divided into four quartiles: Q1, Q2, Q3, Q4. Q1 is occupied by the top 25% of journals in the list; Q2 is occupied by journals in the 25 to 50% group; Q3 is occupied by journals in the 50 to 75% group and Q4 is occupied by journals in the 75 to 100% group.Publication fee Based on the Official Journal Homepage, the journal of physiotherapy does not charge any publication fee.An article processing charge (APC), also known as a publication fee, is a fee which is sometimes charged to authors. Most commonly, it is involved in making a work available as open access (OA), in either a full OA journal or in a hybrid journal.Journal Publication Time The Journal Publication Time means the average number of weeks between article submission and publication. According to the journal website, the journal of physiotherapy publishes research articles in 6 weeks on an average.Call for PapersVisit to the official website of the journal/ conference to check the details about call for papers.How to publish in Journal Of Physiotherapy?If your research is related to Health Professions, then visit the official website of journal of physiotherapy and send your manuscript.Tips for publishing in Journal Of Physiotherapy:Selection of research problem.Presenting a solution.Designing the paper.Make your manuscript publication worthy.Write an effective results section.Mind your references.Acceptance RateAcceptance rate is the ratio of the number of articles submitted to the number of articles published. Researchers can check the acceptance rate on the journal website. Alternatively, they can contact the editor of the journal.Final SummaryThe impact factor of journal of physiotherapy is 9.4.The journal of physiotherapy is a reputed research journal.It is published by Australian Physiotherapy Association.The journal is indexed in UGC CARE, Scopus, SCIE, DOAJ, PubMed, Embase.It is an open access journal.The (SJR) SCImago Journal Rank is 1.668.The publication time (Average number of weeks between article submission and publication) of the journal is 6 weeks.Based on the Official Journal Homepage, the journal of physiotherapy does not charge any publication fee.Sources: https://www.sciencedirect.com/journal/journal-of-physiotherapy",Australian Physiotherapy Association,"18369553, 18369561",6 weeks,Free (Stated on Website),Indexed,https://journalsearches.com/journal.php?title=journal of physiotherapy
"EFSA Journal Publisher:  Wiley-Blackwell Publishing Ltd ISSN: 18314732 Journal Scope: Agricultural and Biological Sciences; Immunology and Microbiology; Veterinary Country of Publisher:  United Kingdom Scopus CiteScore: 5.9 Scopus Coverage: 2003-2025 H-Index:  159 SJR:  1.111 Quartile: Animal Science and Zoology (Q1); Food Science (Q1); Parasitology (Q1); Plant Science (Q1); Veterinary (miscellaneous) (Q1); Microbiology (Q2) Open Access: YesIndexing The efsa journal is indexed in:UGC CAREScopusWeb of Science (SCIE)DOAJPubMedAn indexed journal means that the journal has gone through and passed a review process of certain requirements done by a journal indexer.The Web of Science Core Collection includes the Science Citation Index Expanded (SCIE), Social Sciences Citation Index (SSCI), Arts & Humanities Citation Index (AHCI), and Emerging Sources Citation Index (ESCI).Efsa Journal Impact Factor 2026 The latest impact factor of efsa journal is 3.3 which was recently updated in June, 2025.From the recent Journal Citation Reports (JCR) releases onward, the Impact Factor is provided to all journals indexed in the Web of Science Core Collection, including SCIE, SSCI, ESCI, and AHCI.The impact factor (IF) is a measure of the frequency with which the average article in a journal has been cited in a particular year. It is used to measure the importance or rank of a journal by calculating the times it's articles are cited.Note: Every year, The Clarivate releases the Journal Citation Report (JCR). The JCR provides information about academic journals including impact factor. The latest JCR was released in June, 2025.Quartile The latest Quartile of efsa journal is Q1.Each subject category of journals is divided into four quartiles: Q1, Q2, Q3, Q4. Q1 is occupied by the top 25% of journals in the list; Q2 is occupied by journals in the 25 to 50% group; Q3 is occupied by journals in the 50 to 75% group and Q4 is occupied by journals in the 75 to 100% group.Publication fee Based on the Official Journal Homepage, the efsa journal does not charge any publication fee.An article processing charge (APC), also known as a publication fee, is a fee which is sometimes charged to authors. Most commonly, it is involved in making a work available as open access (OA), in either a full OA journal or in a hybrid journal.Journal Publication Time The Journal Publication Time means the average number of weeks between article submission and publication. According to the journal website, the efsa journal publishes research articles in 5 weeks on an average.Call for PapersVisit to the official website of the journal/ conference to check the details about call for papers.How to publish in Efsa Journal?If your research is related to Agricultural and Biological Sciences; Immunology and Microbiology; Veterinary, then visit the official website of efsa journal and send your manuscript.Tips for publishing in Efsa Journal:Selection of research problem.Presenting a solution.Designing the paper.Make your manuscript publication worthy.Write an effective results section.Mind your references.Acceptance RateAcceptance rate is the ratio of the number of articles submitted to the number of articles published. Researchers can check the acceptance rate on the journal website. Alternatively, they can contact the editor of the journal.Final SummaryThe impact factor of efsa journal is 3.3.The efsa journal is a reputed research journal.It is published by Wiley-Blackwell Publishing Ltd.The journal is indexed in UGC CARE, Scopus, SCIE, DOAJ, PubMed.It is an open access journal.The (SJR) SCImago Journal Rank is 1.111.The publication time (Average number of weeks between article submission and publication) of the journal is 5 weeks.Based on the Official Journal Homepage, the efsa journal does not charge any publication fee.Sources: https://efsa.onlinelibrary.wiley.com/journal/18314732",Wiley-Blackwell Publishing Ltd,18314732,5 weeks,Free (Verified via Directory),Indexed,https://journalsearches.com/journal.php?title=efsa journal
"Data Science and Engineering Publisher:  Springer International Publishing ISSN: 23641541, 23641185 Journal Scope: Computer Science; Engineering Country of Publisher:  Switzerland Scopus CiteScore: 11.9 Scopus Coverage: 2016-2025 H-Index:  32 SJR:  1.273 Quartile: Artificial Intelligence (Q1); Computational Mechanics (Q1); Computer Science Applications (Q1); Information Systems (Q1); Software (Q1) Open Access: YesIndexing The data science and engineering is indexed in:UGC CAREScopusWeb of Science (ESCI)DOAJAn indexed journal means that the journal has gone through and passed a review process of certain requirements done by a journal indexer.The Web of Science Core Collection includes the Science Citation Index Expanded (SCIE), Social Sciences Citation Index (SSCI), Arts & Humanities Citation Index (AHCI), and Emerging Sources Citation Index (ESCI).Note: ESCI journals donot come with an impact factor. However, ESCI journals are evaluated every year and those who qualified are transferred to SCIE.Data Science And Engineering Impact Factor 2026 The latest impact factor of data science and engineering is 4.6 which was recently updated in June, 2025.From the recent Journal Citation Reports (JCR) releases onward, the Impact Factor is provided to all journals indexed in the Web of Science Core Collection, including SCIE, SSCI, ESCI, and AHCI.The impact factor (IF) is a measure of the frequency with which the average article in a journal has been cited in a particular year. It is used to measure the importance or rank of a journal by calculating the times it's articles are cited.Note: Every year, The Clarivate releases the Journal Citation Report (JCR). The JCR provides information about academic journals including impact factor. The latest JCR was released in June, 2025.Quartile The latest Quartile of data science and engineering is Q1.Each subject category of journals is divided into four quartiles: Q1, Q2, Q3, Q4. Q1 is occupied by the top 25% of journals in the list; Q2 is occupied by journals in the 25 to 50% group; Q3 is occupied by journals in the 50 to 75% group and Q4 is occupied by journals in the 75 to 100% group.Publication fee Based on the Official Journal Homepage, the data science and engineering does not charge any publication fee.An article processing charge (APC), also known as a publication fee, is a fee which is sometimes charged to authors. Most commonly, it is involved in making a work available as open access (OA), in either a full OA journal or in a hybrid journal.Journal Publication Time The Journal Publication Time means the average number of weeks between article submission and publication. According to the journal website, the data science and engineering publishes research articles in 12 weeks on an average.Call for PapersVisit to the official website of the journal/ conference to check the details about call for papers.How to publish in Data Science And Engineering?If your research is related to Computer Science; Engineering, then visit the official website of data science and engineering and send your manuscript.Tips for publishing in Data Science And Engineering:Selection of research problem.Presenting a solution.Designing the paper.Make your manuscript publication worthy.Write an effective results section.Mind your references.Acceptance RateAcceptance rate is the ratio of the number of articles submitted to the number of articles published. Researchers can check the acceptance rate on the journal website. Alternatively, they can contact the editor of the journal.Final SummaryThe impact factor of data science and engineering is 4.6.The data science and engineering is a reputed research journal.It is published by Springer International Publishing.The journal is indexed in UGC CARE, Scopus, ESCI, DOAJ.It is an open access journal.The (SJR) SCImago Journal Rank is 1.273.The publication time (Average number of weeks between article submission and publication) of the journal is 12 weeks.Based on the Official Journal Homepage, the data science and engineering does not charge any publication fee.Sources: http://www.springer.com/41019",Springer International Publishing,"23641541, 23641185",12 weeks,Free (Stated on Website),Indexed,https://journalsearches.com/journal.php?title=data science and engineering
"Collective Intelligence Publisher:  SAGE Publishing P-ISSN:  E-ISSN: 2633-9137 Language:  English Country of Publisher:  United Kingdom APC: No Processing Time (Weeks):  11 Review Process:  Anonymous peer review Subjects:  Social SciencesIndexing The collective intelligence is indexed in:DOAJAn indexed journal means that the journal has gone through and passed a review process of certain requirements done by a journal indexer.The Web of Science Core Collection includes the Science Citation Index Expanded (SCIE), Social Sciences Citation Index (SSCI), Arts & Humanities Citation Index (AHCI), and Emerging Sources Citation Index (ESCI).Publication fee Based on the Official Journal Homepage, the collective intelligence does not charge any publication fee.An article processing charge (APC), also known as a publication fee, is a fee which is sometimes charged to authors. Most commonly, it is involved in making a work available as open access (OA), in either a full OA journal or in a hybrid journal.Journal Publication Time The Journal Publication Time means the average number of weeks between article submission and publication. According to the journal website, the collective intelligence publishes research articles in 11 weeks on an average.Call for PapersVisit to the official website of the journal/ conference to check the details about call for papers.How to publish in Collective Intelligence?If your research is related to collective, network, optimailty, satisficing, adaptability, information, then visit the official website of collective intelligence and send your manuscript.Tips for publishing in Collective Intelligence:Selection of research problem.Presenting a solution.Designing the paper.Make your manuscript publication worthy.Write an effective results section.Mind your references.Acceptance RateAcceptance rate is the ratio of the number of articles submitted to the number of articles published. Researchers can check the acceptance rate on the journal website. Alternatively, they can contact the editor of the journal.Final SummaryIt is published by SAGE Publishing.The journal is indexed in , DOAJ.It is an open access journal.The publication time (Average number of weeks between article submission and publication) of the journal is 11 weeks.Based on the Official Journal Homepage, the collective intelligence does not charge any publication fee.Sources: https://journals.sagepub.com/home/COL",SAGE Publishing,2633-9137,11 weeks,Free (Stated on Website),Not Indexed,https://journalsearches.com/journal.php?title=collective intelligence
"Communication and the Public Publisher:  SAGE Publications Inc. ISSN: 20570481 Journal Scope: Social Sciences Country of Publisher:  United Kingdom Scopus CiteScore: 1.8 Scopus Coverage: 2016-2025 H-Index:  20 SJR:  0.522 Quartile: Communication (Q2) Open Access: YesIndexing The communication and the public is indexed in:UGC CAREScopusWeb of Science (ESCI)DOAJAn indexed journal means that the journal has gone through and passed a review process of certain requirements done by a journal indexer.The Web of Science Core Collection includes the Science Citation Index Expanded (SCIE), Social Sciences Citation Index (SSCI), Arts & Humanities Citation Index (AHCI), and Emerging Sources Citation Index (ESCI).Note: ESCI journals donot come with an impact factor. However, ESCI journals are evaluated every year and those who qualified are transferred to SCIE.Communication And The Public Impact Factor 2026 The latest impact factor of communication and the public is 1.5 which was recently updated in June, 2025.From the recent Journal Citation Reports (JCR) releases onward, the Impact Factor is provided to all journals indexed in the Web of Science Core Collection, including SCIE, SSCI, ESCI, and AHCI.The impact factor (IF) is a measure of the frequency with which the average article in a journal has been cited in a particular year. It is used to measure the importance or rank of a journal by calculating the times it's articles are cited.Note: Every year, The Clarivate releases the Journal Citation Report (JCR). The JCR provides information about academic journals including impact factor. The latest JCR was released in June, 2025.Quartile The latest Quartile of communication and the public is Q2.Each subject category of journals is divided into four quartiles: Q1, Q2, Q3, Q4. Q1 is occupied by the top 25% of journals in the list; Q2 is occupied by journals in the 25 to 50% group; Q3 is occupied by journals in the 50 to 75% group and Q4 is occupied by journals in the 75 to 100% group.Publication fee Based on the Official Journal Homepage, the communication and the public does not charge any publication fee.An article processing charge (APC), also known as a publication fee, is a fee which is sometimes charged to authors. Most commonly, it is involved in making a work available as open access (OA), in either a full OA journal or in a hybrid journal.Journal Publication Time The Journal Publication Time means the average number of weeks between article submission and publication. According to the journal website, the communication and the public publishes research articles in 12 weeks on an average.Call for PapersVisit to the official website of the journal/ conference to check the details about call for papers.How to publish in Communication And The Public?If your research is related to Social Sciences, then visit the official website of communication and the public and send your manuscript.Tips for publishing in Communication And The Public:Selection of research problem.Presenting a solution.Designing the paper.Make your manuscript publication worthy.Write an effective results section.Mind your references.Acceptance RateAcceptance rate is the ratio of the number of articles submitted to the number of articles published. Researchers can check the acceptance rate on the journal website. Alternatively, they can contact the editor of the journal.Final SummaryThe impact factor of communication and the public is 1.5.The communication and the public is a reputed research journal.It is published by SAGE Publications Inc..The journal is indexed in UGC CARE, Scopus, ESCI, DOAJ.It is an open access journal.The (SJR) SCImago Journal Rank is 0.522.The publication time (Average number of weeks between article submission and publication) of the journal is 12 weeks.Based on the Official Journal Homepage, the communication and the public does not charge any publication fee.Sources: https://journals.sagepub.com/home/CTP",SAGE Publications Inc.,20570481,12 weeks,Free (Stated on Website),Indexed,https://journalsearches.com/journal.php?title=communication and the public
"Campbell Systematic Reviews Publisher:  John Wiley & Sons Inc. ISSN: 18911803 Journal Scope: Social Sciences Country of Publisher:  United States Scopus CiteScore: 8 Scopus Coverage: 2019-2025 H-Index:  26 SJR:  1.585 Quartile: Social Sciences (miscellaneous) (Q1) Open Access: YesIndexing The campbell systematic reviews is indexed in:UGC CAREScopusWeb of Science (ESCI)DOAJAn indexed journal means that the journal has gone through and passed a review process of certain requirements done by a journal indexer.The Web of Science Core Collection includes the Science Citation Index Expanded (SCIE), Social Sciences Citation Index (SSCI), Arts & Humanities Citation Index (AHCI), and Emerging Sources Citation Index (ESCI).Note: ESCI journals donot come with an impact factor. However, ESCI journals are evaluated every year and those who qualified are transferred to SCIE.Campbell Systematic Reviews Impact Factor 2026 The latest impact factor of campbell systematic reviews is 7.1 which was recently updated in June, 2025.From the recent Journal Citation Reports (JCR) releases onward, the Impact Factor is provided to all journals indexed in the Web of Science Core Collection, including SCIE, SSCI, ESCI, and AHCI.The impact factor (IF) is a measure of the frequency with which the average article in a journal has been cited in a particular year. It is used to measure the importance or rank of a journal by calculating the times it's articles are cited.Note: Every year, The Clarivate releases the Journal Citation Report (JCR). The JCR provides information about academic journals including impact factor. The latest JCR was released in June, 2025.Quartile The latest Quartile of campbell systematic reviews is Q1.Each subject category of journals is divided into four quartiles: Q1, Q2, Q3, Q4. Q1 is occupied by the top 25% of journals in the list; Q2 is occupied by journals in the 25 to 50% group; Q3 is occupied by journals in the 50 to 75% group and Q4 is occupied by journals in the 75 to 100% group.Publication fee Based on the Official Journal Homepage, the campbell systematic reviews does not charge any publication fee.An article processing charge (APC), also known as a publication fee, is a fee which is sometimes charged to authors. Most commonly, it is involved in making a work available as open access (OA), in either a full OA journal or in a hybrid journal.Journal Publication Time The Journal Publication Time means the average number of weeks between article submission and publication. According to the journal website, the campbell systematic reviews publishes research articles in 6 weeks on an average.Call for PapersVisit to the official website of the journal/ conference to check the details about call for papers.How to publish in Campbell Systematic Reviews?If your research is related to Social Sciences, then visit the official website of campbell systematic reviews and send your manuscript.Tips for publishing in Campbell Systematic Reviews:Selection of research problem.Presenting a solution.Designing the paper.Make your manuscript publication worthy.Write an effective results section.Mind your references.Acceptance RateAcceptance rate is the ratio of the number of articles submitted to the number of articles published. Researchers can check the acceptance rate on the journal website. Alternatively, they can contact the editor of the journal.Final SummaryThe impact factor of campbell systematic reviews is 7.1.The campbell systematic reviews is a reputed research journal.It is published by John Wiley & Sons Inc..The journal is indexed in UGC CARE, Scopus, ESCI, DOAJ.It is an open access journal.The (SJR) SCImago Journal Rank is 1.585.The publication time (Average number of weeks between article submission and publication) of the journal is 6 weeks.Based on the Official Journal Homepage, the campbell systematic reviews does not charge any publication fee.Sources: https://onlinelibrary.wiley.com/journal/18911803",John Wiley & Sons Inc.,18911803,6 weeks,Free (Verified via Directory),Indexed,https://journalsearches.com/journal.php?title=campbell systematic reviews
"Discover Civil Engineering Publisher:  Springer P-ISSN:  E-ISSN: 2948-1546 Language:  English Country of Publisher:  Switzerland APC: No Processing Time (Weeks):  17 Review Process:  Anonymous peer review Subjects:  Technology: Engineering (General). Civil engineering (General)Indexing The discover civil engineering is indexed in:DOAJAn indexed journal means that the journal has gone through and passed a review process of certain requirements done by a journal indexer.The Web of Science Core Collection includes the Science Citation Index Expanded (SCIE), Social Sciences Citation Index (SSCI), Arts & Humanities Citation Index (AHCI), and Emerging Sources Citation Index (ESCI).Publication fee Based on the Official Journal Homepage, the discover civil engineering does not charge any publication fee.An article processing charge (APC), also known as a publication fee, is a fee which is sometimes charged to authors. Most commonly, it is involved in making a work available as open access (OA), in either a full OA journal or in a hybrid journal.Journal Publication Time The Journal Publication Time means the average number of weeks between article submission and publication. According to the journal website, the discover civil engineering publishes research articles in 17 weeks on an average.Call for PapersVisit to the official website of the journal/ conference to check the details about call for papers.How to publish in Discover Civil Engineering?If your research is related to structural engineering, geotechnical engineering, transportation engineering, environmental engineering, hydraulic engineering, construction engineering and management, then visit the official website of discover civil engineering and send your manuscript.Tips for publishing in Discover Civil Engineering:Selection of research problem.Presenting a solution.Designing the paper.Make your manuscript publication worthy.Write an effective results section.Mind your references.Acceptance RateAcceptance rate is the ratio of the number of articles submitted to the number of articles published. Researchers can check the acceptance rate on the journal website. Alternatively, they can contact the editor of the journal.Final SummaryIt is published by Springer.The journal is indexed in , DOAJ.It is an open access journal.The publication time (Average number of weeks between article submission and publication) of the journal is 17 weeks.Based on the Official Journal Homepage, the discover civil engineering does not charge any publication fee.Sources: https://link.springer.com/journal/44290",Springer,2948-1546,17 weeks,Free (Stated on Website),Not Indexed,https://journalsearches.com/journal.php?title=discover civil engineering
"Revista Portuguesa de Pneumologia (English Edition) Publisher:  Elsevier P-ISSN:  E-ISSN: 2173-5115 Language:  English Country of Publisher:  Netherlands APC: No Processing Time (Weeks):  8 Review Process:  Double anonymous peer review Subjects:  Medicine: Internal medicine: Specialties of internal medicine: Diseases of the respiratory systemIndexing The revista portuguesa de pneumologia (english edition) is indexed in:DOAJAn indexed journal means that the journal has gone through and passed a review process of certain requirements done by a journal indexer.The Web of Science Core Collection includes the Science Citation Index Expanded (SCIE), Social Sciences Citation Index (SSCI), Arts & Humanities Citation Index (AHCI), and Emerging Sources Citation Index (ESCI).Publication fee Based on the Official Journal Homepage, the revista portuguesa de pneumologia (english edition) does not charge any publication fee.An article processing charge (APC), also known as a publication fee, is a fee which is sometimes charged to authors. Most commonly, it is involved in making a work available as open access (OA), in either a full OA journal or in a hybrid journal.Journal Publication Time The Journal Publication Time means the average number of weeks between article submission and publication. According to the journal website, the revista portuguesa de pneumologia (english edition) publishes research articles in 8 weeks on an average.Call for PapersVisit to the official website of the journal/ conference to check the details about call for papers.How to publish in Revista Portuguesa De Pneumologia (english Edition)?If your research is related to respiratory system diseases, then visit the official website of revista portuguesa de pneumologia (english edition) and send your manuscript.Tips for publishing in Revista Portuguesa De Pneumologia (english Edition):Selection of research problem.Presenting a solution.Designing the paper.Make your manuscript publication worthy.Write an effective results section.Mind your references.Acceptance RateAcceptance rate is the ratio of the number of articles submitted to the number of articles published. Researchers can check the acceptance rate on the journal website. Alternatively, they can contact the editor of the journal.Final SummaryIt is published by Elsevier.The journal is indexed in , DOAJ.It is an open access journal.The publication time (Average number of weeks between article submission and publication) of the journal is 8 weeks.Based on the Official Journal Homepage, the revista portuguesa de pneumologia (english edition) does not charge any publication fee.Sources: https://www.journals.elsevier.com/revista-portuguesa-de-pneumologia-english-edition",Elsevier,2173-5115,8 weeks,Free (Stated on Website),Not Indexed,https://journalsearches.com/journal.php?title=revista portuguesa de pneumologia (english edition)
"Revista Portuguesa de Pneumologia Publisher:  Sociedade Portuguesa de Pneumologia P-ISSN: 08732159 Open Access: Unpaywall Open Access Scopus Status: Inactive Scopus Coverage:  2001-2018Indexing The revista portuguesa de pneumologia is indexed in:The journal is discontinued by the Scopus.DOAJAn indexed journal means that the journal has gone through and passed a review process of certain requirements done by a journal indexer.The Web of Science Core Collection includes the Science Citation Index Expanded (SCIE), Social Sciences Citation Index (SSCI), Arts & Humanities Citation Index (AHCI), and Emerging Sources Citation Index (ESCI).Publication fee Based on the Official Journal Homepage, the revista portuguesa de pneumologia does not charge any publication fee.An article processing charge (APC), also known as a publication fee, is a fee which is sometimes charged to authors. Most commonly, it is involved in making a work available as open access (OA), in either a full OA journal or in a hybrid journal.Journal Publication Time The Journal Publication Time means the average number of weeks between article submission and publication. According to the journal website, the revista portuguesa de pneumologia publishes research articles in 8 weeks on an average.Call for PapersVisit to the official website of the journal/ conference to check the details about call for papers.How to publish in Revista Portuguesa De Pneumologia?If your research is related to the scope of the journal, then visit the official website of revista portuguesa de pneumologia and send your manuscript.Tips for publishing in Revista Portuguesa De Pneumologia:Selection of research problem.Presenting a solution.Designing the paper.Make your manuscript publication worthy.Write an effective results section.Mind your references.Acceptance RateAcceptance rate is the ratio of the number of articles submitted to the number of articles published. Researchers can check the acceptance rate on the journal website. Alternatively, they can contact the editor of the journal.Final SummaryIt is published by Sociedade Portuguesa de Pneumologia.The journal is indexed in , DOAJ.It is an open access journal.The publication time (Average number of weeks between article submission and publication) of the journal is 8 weeks.Based on the Official Journal Homepage, the revista portuguesa de pneumologia does not charge any publication fee.Sources: https://www.journals.elsevier.com/revista-portuguesa-de-pneumologia/",Sociedade Portuguesa de Pneumologia,08732159,8 weeks,Free (Stated on Website),Indexed,https://journalsearches.com/journal.php?title=revista portuguesa de pneumologia
"Global Media and China Publisher:  SAGE Publications Ltd ISSN: 20594372 Journal Scope: Social Sciences Country of Publisher:  United Kingdom Scopus CiteScore: 5.1 Scopus Coverage: 2016-2025 H-Index:  20 SJR:  1.122 Quartile: Communication (Q1); Cultural Studies (Q1) Open Access: YesIndexing The global media and china is indexed in:UGC CAREScopusWeb of Science (ESCI)DOAJAn indexed journal means that the journal has gone through and passed a review process of certain requirements done by a journal indexer.The Web of Science Core Collection includes the Science Citation Index Expanded (SCIE), Social Sciences Citation Index (SSCI), Arts & Humanities Citation Index (AHCI), and Emerging Sources Citation Index (ESCI).Note: ESCI journals donot come with an impact factor. However, ESCI journals are evaluated every year and those who qualified are transferred to SCIE.Global Media And China Impact Factor 2026 The latest impact factor of global media and china is 3.4 which was recently updated in June, 2025.From the recent Journal Citation Reports (JCR) releases onward, the Impact Factor is provided to all journals indexed in the Web of Science Core Collection, including SCIE, SSCI, ESCI, and AHCI.The impact factor (IF) is a measure of the frequency with which the average article in a journal has been cited in a particular year. It is used to measure the importance or rank of a journal by calculating the times it's articles are cited.Note: Every year, The Clarivate releases the Journal Citation Report (JCR). The JCR provides information about academic journals including impact factor. The latest JCR was released in June, 2025.Quartile The latest Quartile of global media and china is Q1.Each subject category of journals is divided into four quartiles: Q1, Q2, Q3, Q4. Q1 is occupied by the top 25% of journals in the list; Q2 is occupied by journals in the 25 to 50% group; Q3 is occupied by journals in the 50 to 75% group and Q4 is occupied by journals in the 75 to 100% group.Publication fee Based on the Official Journal Homepage, the global media and china does not charge any publication fee.An article processing charge (APC), also known as a publication fee, is a fee which is sometimes charged to authors. Most commonly, it is involved in making a work available as open access (OA), in either a full OA journal or in a hybrid journal.Journal Publication Time The Journal Publication Time means the average number of weeks between article submission and publication. According to the journal website, the global media and china publishes research articles in 15 weeks on an average.Call for PapersVisit to the official website of the journal/ conference to check the details about call for papers.How to publish in Global Media And China?If your research is related to Social Sciences, then visit the official website of global media and china and send your manuscript.Tips for publishing in Global Media And China:Selection of research problem.Presenting a solution.Designing the paper.Make your manuscript publication worthy.Write an effective results section.Mind your references.Acceptance RateAcceptance rate is the ratio of the number of articles submitted to the number of articles published. Researchers can check the acceptance rate on the journal website. Alternatively, they can contact the editor of the journal.Final SummaryThe impact factor of global media and china is 3.4.The global media and china is a reputed research journal.It is published by SAGE Publications Ltd.The journal is indexed in UGC CARE, Scopus, ESCI, DOAJ.It is an open access journal.The (SJR) SCImago Journal Rank is 1.122.The publication time (Average number of weeks between article submission and publication) of the journal is 15 weeks.Based on the Official Journal Homepage, the global media and china does not charge any publication fee.Sources: http://journals.sagepub.com/home/gch",SAGE Publications Ltd,20594372,15 weeks,Free (Stated on Website),Indexed,https://journalsearches.com/journal.php?title=global media and china
"Journal of Politics in Latin America Publisher:  SAGE Publications Inc. ISSN: 18684890, 1866802X Journal Scope: Social Sciences Country of Publisher:  Germany Scopus CiteScore: 2.5 Scopus Coverage: 2015-2025 H-Index:  17 SJR:  0.643 Quartile: Political Science and International Relations (Q1); Sociology and Political Science (Q1) Open Access: YesIndexing The journal of politics in latin america is indexed in:UGC CAREScopusWeb of Science (ESCI)DOAJAn indexed journal means that the journal has gone through and passed a review process of certain requirements done by a journal indexer.The Web of Science Core Collection includes the Science Citation Index Expanded (SCIE), Social Sciences Citation Index (SSCI), Arts & Humanities Citation Index (AHCI), and Emerging Sources Citation Index (ESCI).Note: ESCI journals donot come with an impact factor. However, ESCI journals are evaluated every year and those who qualified are transferred to SCIE.Journal Of Politics In Latin America Impact Factor 2026 The latest impact factor of journal of politics in latin america is 2.1 which was recently updated in June, 2025.From the recent Journal Citation Reports (JCR) releases onward, the Impact Factor is provided to all journals indexed in the Web of Science Core Collection, including SCIE, SSCI, ESCI, and AHCI.The impact factor (IF) is a measure of the frequency with which the average article in a journal has been cited in a particular year. It is used to measure the importance or rank of a journal by calculating the times it's articles are cited.Note: Every year, The Clarivate releases the Journal Citation Report (JCR). The JCR provides information about academic journals including impact factor. The latest JCR was released in June, 2025.Quartile The latest Quartile of journal of politics in latin america is Q1.Each subject category of journals is divided into four quartiles: Q1, Q2, Q3, Q4. Q1 is occupied by the top 25% of journals in the list; Q2 is occupied by journals in the 25 to 50% group; Q3 is occupied by journals in the 50 to 75% group and Q4 is occupied by journals in the 75 to 100% group.Publication fee Based on the Official Journal Homepage, the journal of politics in latin america does not charge any publication fee.An article processing charge (APC), also known as a publication fee, is a fee which is sometimes charged to authors. Most commonly, it is involved in making a work available as open access (OA), in either a full OA journal or in a hybrid journal.Journal Publication Time The Journal Publication Time means the average number of weeks between article submission and publication. According to the journal website, the journal of politics in latin america publishes research articles in 8 weeks on an average.Call for PapersVisit to the official website of the journal/ conference to check the details about call for papers.How to publish in Journal Of Politics In Latin America?If your research is related to Social Sciences, then visit the official website of journal of politics in latin america and send your manuscript.Tips for publishing in Journal Of Politics In Latin America:Selection of research problem.Presenting a solution.Designing the paper.Make your manuscript publication worthy.Write an effective results section.Mind your references.Acceptance RateAcceptance rate is the ratio of the number of articles submitted to the number of articles published. Researchers can check the acceptance rate on the journal website. Alternatively, they can contact the editor of the journal.Final SummaryThe impact factor of journal of politics in latin america is 2.1.The journal of politics in latin america is a reputed research journal.It is published by SAGE Publications Inc..The journal is indexed in UGC CARE, Scopus, ESCI, DOAJ.It is an open access journal.The (SJR) SCImago Journal Rank is 0.643.The publication time (Average number of weeks between article submission and publication) of the journal is 8 weeks.Based on the Official Journal Homepage, the journal of politics in latin america does not charge any publication fee.Sources: https://journals.sagepub.com/home/pla",SAGE Publications Inc.,"18684890, 1866802X",8 weeks,Free (Stated on Website),Indexed,https://journalsearches.com/journal.php?title=journal of politics in latin america
"International Journal of Chinese Education Publisher:  SAGE Publications Ltd ISSN: 22125868, 2212585X Journal Scope: Social Sciences Country of Publisher:  United Kingdom Scopus CiteScore: 3.6 Scopus Coverage: 2012-2025 H-Index:  13 SJR:  0.609 Quartile: Education (Q2) Open Access: YesIndexing The international journal of chinese education is indexed in:UGC CAREScopusDOAJAn indexed journal means that the journal has gone through and passed a review process of certain requirements done by a journal indexer.The Web of Science Core Collection includes the Science Citation Index Expanded (SCIE), Social Sciences Citation Index (SSCI), Arts & Humanities Citation Index (AHCI), and Emerging Sources Citation Index (ESCI).Quartile The latest Quartile of international journal of chinese education is Q2.Each subject category of journals is divided into four quartiles: Q1, Q2, Q3, Q4. Q1 is occupied by the top 25% of journals in the list; Q2 is occupied by journals in the 25 to 50% group; Q3 is occupied by journals in the 50 to 75% group and Q4 is occupied by journals in the 75 to 100% group.Publication fee Based on the Official Journal Homepage, the international journal of chinese education does not charge any publication fee.An article processing charge (APC), also known as a publication fee, is a fee which is sometimes charged to authors. Most commonly, it is involved in making a work available as open access (OA), in either a full OA journal or in a hybrid journal.Journal Publication Time The Journal Publication Time means the average number of weeks between article submission and publication. According to the journal website, the international journal of chinese education publishes research articles in 11 weeks on an average.Call for PapersVisit to the official website of the journal/ conference to check the details about call for papers.How to publish in International Journal Of Chinese Education?If your research is related to Social Sciences, then visit the official website of international journal of chinese education and send your manuscript.Tips for publishing in International Journal Of Chinese Education:Selection of research problem.Presenting a solution.Designing the paper.Make your manuscript publication worthy.Write an effective results section.Mind your references.Acceptance RateAcceptance rate is the ratio of the number of articles submitted to the number of articles published. Researchers can check the acceptance rate on the journal website. Alternatively, they can contact the editor of the journal.Final SummaryIt is published by SAGE Publications Ltd.The journal is indexed in UGC CARE, Scopus, DOAJ.It is an open access journal.The (SJR) SCImago Journal Rank is 0.609.The publication time (Average number of weeks between article submission and publication) of the journal is 11 weeks.Based on the Official Journal Homepage, the international journal of chinese education does not charge any publication fee.Sources: https://journals.sagepub.com/home/cne",SAGE Publications Ltd,"22125868, 2212585X",11 weeks,Free (Stated on Website),Indexed,https://journalsearches.com/journal.php?title=international journal of chinese education
"Vikalpa Publisher:  SAGE Publications Ltd ISSN: 23953799, 02560909 Journal Scope: Business, Management and Accounting; Decision Sciences Country of Publisher:  India Scopus CiteScore: 2.2 Scopus Coverage: 1981-1982, 1986, 1994, 1996-2025 H-Index:  37 SJR:  0.212 Quartile: Business, Management and Accounting (miscellaneous) (Q4); Decision Sciences (miscellaneous) (Q4) Open Access: YesIndexing The vikalpa is indexed in:UGC CAREScopusDOAJAn indexed journal means that the journal has gone through and passed a review process of certain requirements done by a journal indexer.The Web of Science Core Collection includes the Science Citation Index Expanded (SCIE), Social Sciences Citation Index (SSCI), Arts & Humanities Citation Index (AHCI), and Emerging Sources Citation Index (ESCI).Quartile The latest Quartile of vikalpa is Q4.Each subject category of journals is divided into four quartiles: Q1, Q2, Q3, Q4. Q1 is occupied by the top 25% of journals in the list; Q2 is occupied by journals in the 25 to 50% group; Q3 is occupied by journals in the 50 to 75% group and Q4 is occupied by journals in the 75 to 100% group.Publication fee Based on the Official Journal Homepage, the vikalpa does not charge any publication fee.An article processing charge (APC), also known as a publication fee, is a fee which is sometimes charged to authors. Most commonly, it is involved in making a work available as open access (OA), in either a full OA journal or in a hybrid journal.Journal Publication Time The Journal Publication Time means the average number of weeks between article submission and publication. According to the journal website, the vikalpa publishes research articles in 10 weeks on an average.Call for PapersVisit to the official website of the journal/ conference to check the details about call for papers.How to publish in Vikalpa?If your research is related to Business, Management and Accounting; Decision Sciences, then visit the official website of vikalpa and send your manuscript.Tips for publishing in Vikalpa:Selection of research problem.Presenting a solution.Designing the paper.Make your manuscript publication worthy.Write an effective results section.Mind your references.Acceptance RateAcceptance rate is the ratio of the number of articles submitted to the number of articles published. Researchers can check the acceptance rate on the journal website. Alternatively, they can contact the editor of the journal.Final SummaryIt is published by SAGE Publications Ltd.The journal is indexed in UGC CARE, Scopus, DOAJ.It is an open access journal.The (SJR) SCImago Journal Rank is 0.212.The publication time (Average number of weeks between article submission and publication) of the journal is 10 weeks.Based on the Official Journal Homepage, the vikalpa does not charge any publication fee.Sources: https://journals.sagepub.com/home/vik",SAGE Publications Ltd,"23953799, 02560909",10 weeks,Free (Verified via Directory),Indexed,https://journalsearches.com/journal.php?title=vikalpa
"International Journal of Anthropology and Ethnology Publisher:  Springer Nature ISSN: 23661003 Journal Scope: Social Sciences Country of Publisher:  Netherlands Scopus CiteScore: 1.1 Scopus Coverage: 2019-2025 H-Index:  7 SJR:  0.232 Quartile: Anthropology (Q2); Cultural Studies (Q2); Social Sciences (miscellaneous) (Q3) Open Access: YesIndexing The international journal of anthropology and ethnology is indexed in:UGC CAREScopusDOAJAn indexed journal means that the journal has gone through and passed a review process of certain requirements done by a journal indexer.The Web of Science Core Collection includes the Science Citation Index Expanded (SCIE), Social Sciences Citation Index (SSCI), Arts & Humanities Citation Index (AHCI), and Emerging Sources Citation Index (ESCI).Quartile The latest Quartile of international journal of anthropology and ethnology is Q2.Each subject category of journals is divided into four quartiles: Q1, Q2, Q3, Q4. Q1 is occupied by the top 25% of journals in the list; Q2 is occupied by journals in the 25 to 50% group; Q3 is occupied by journals in the 50 to 75% group and Q4 is occupied by journals in the 75 to 100% group.Publication fee Based on the Official Journal Homepage, the international journal of anthropology and ethnology does not charge any publication fee.An article processing charge (APC), also known as a publication fee, is a fee which is sometimes charged to authors. Most commonly, it is involved in making a work available as open access (OA), in either a full OA journal or in a hybrid journal.Journal Publication Time The Journal Publication Time means the average number of weeks between article submission and publication. According to the journal website, the international journal of anthropology and ethnology publishes research articles in 12 weeks on an average.Call for PapersVisit to the official website of the journal/ conference to check the details about call for papers.How to publish in International Journal Of Anthropology And Ethnology?If your research is related to Social Sciences, then visit the official website of international journal of anthropology and ethnology and send your manuscript.Tips for publishing in International Journal Of Anthropology And Ethnology:Selection of research problem.Presenting a solution.Designing the paper.Make your manuscript publication worthy.Write an effective results section.Mind your references.Acceptance RateAcceptance rate is the ratio of the number of articles submitted to the number of articles published. Researchers can check the acceptance rate on the journal website. Alternatively, they can contact the editor of the journal.Final SummaryIt is published by Springer Nature.The journal is indexed in UGC CARE, Scopus, DOAJ.It is an open access journal.The (SJR) SCImago Journal Rank is 0.232.The publication time (Average number of weeks between article submission and publication) of the journal is 12 weeks.Based on the Official Journal Homepage, the international journal of anthropology and ethnology does not charge any publication fee.Sources: https://ijae.springeropen.com/",Springer Nature,23661003,12 weeks,Free (Verified via Directory),Indexed,https://journalsearches.com/journal.php?title=international journal of anthropology and ethnology
"Middle East Current Psychiatry Publisher:  Lippincott Williams and Wilkins Ltd. ISSN: 20905408, 20905416 Journal Scope: Medicine Country of Publisher:  United States Scopus CiteScore: 3 Scopus Coverage: 2011-2025 H-Index:  21 SJR:  0.561 Quartile: Psychiatry and Mental Health (Q3) Open Access: YesIndexing The middle east current psychiatry is indexed in:UGC CAREScopusDOAJAn indexed journal means that the journal has gone through and passed a review process of certain requirements done by a journal indexer.The Web of Science Core Collection includes the Science Citation Index Expanded (SCIE), Social Sciences Citation Index (SSCI), Arts & Humanities Citation Index (AHCI), and Emerging Sources Citation Index (ESCI).Quartile The latest Quartile of middle east current psychiatry is Q3.Each subject category of journals is divided into four quartiles: Q1, Q2, Q3, Q4. Q1 is occupied by the top 25% of journals in the list; Q2 is occupied by journals in the 25 to 50% group; Q3 is occupied by journals in the 50 to 75% group and Q4 is occupied by journals in the 75 to 100% group.Publication fee Based on the Official Journal Homepage, the middle east current psychiatry does not charge any publication fee.An article processing charge (APC), also known as a publication fee, is a fee which is sometimes charged to authors. Most commonly, it is involved in making a work available as open access (OA), in either a full OA journal or in a hybrid journal.Journal Publication Time The Journal Publication Time means the average number of weeks between article submission and publication. According to the journal website, the middle east current psychiatry publishes research articles in 9 weeks on an average.Call for PapersVisit to the official website of the journal/ conference to check the details about call for papers.How to publish in Middle East Current Psychiatry?If your research is related to Medicine, then visit the official website of middle east current psychiatry and send your manuscript.Tips for publishing in Middle East Current Psychiatry:Selection of research problem.Presenting a solution.Designing the paper.Make your manuscript publication worthy.Write an effective results section.Mind your references.Acceptance RateAcceptance rate is the ratio of the number of articles submitted to the number of articles published. Researchers can check the acceptance rate on the journal website. Alternatively, they can contact the editor of the journal.Final SummaryIt is published by Lippincott Williams and Wilkins Ltd..The journal is indexed in UGC CARE, Scopus, DOAJ.It is an open access journal.The (SJR) SCImago Journal Rank is 0.561.The publication time (Average number of weeks between article submission and publication) of the journal is 9 weeks.Based on the Official Journal Homepage, the middle east current psychiatry does not charge any publication fee.Sources: https://mecp.springeropen.com/",Lippincott Williams and Wilkins Ltd.,"20905408, 20905416",9 weeks,Free (Verified via Directory),Indexed,https://journalsearches.com/journal.php?title=middle east current psychiatry
"Future Business Journal Publisher:  SpringerOpen P-ISSN: 2314-7202 E-ISSN: 2314-7210 Language:  English Country of Publisher:  United Kingdom APC: No Processing Time (Weeks):  9 Review Process:  Double anonymous peer review Subjects:  Social Sciences: Commerce: Business | Social Sciences: FinanceIndexing The future business journal is indexed in:UGC CAREWeb of Science (ESCI)DOAJAn indexed journal means that the journal has gone through and passed a review process of certain requirements done by a journal indexer.The Web of Science Core Collection includes the Science Citation Index Expanded (SCIE), Social Sciences Citation Index (SSCI), Arts & Humanities Citation Index (AHCI), and Emerging Sources Citation Index (ESCI).Note: ESCI journals donot come with an impact factor. However, ESCI journals are evaluated every year and those who qualified are transferred to SCIE.Future Business Journal Impact Factor 2026 The latest impact factor of future business journal is 2.7 which was recently updated in June, 2025.From the recent Journal Citation Reports (JCR) releases onward, the Impact Factor is provided to all journals indexed in the Web of Science Core Collection, including SCIE, SSCI, ESCI, and AHCI.The impact factor (IF) is a measure of the frequency with which the average article in a journal has been cited in a particular year. It is used to measure the importance or rank of a journal by calculating the times it's articles are cited.Note: Every year, The Clarivate releases the Journal Citation Report (JCR). The JCR provides information about academic journals including impact factor. The latest JCR was released in June, 2025.Publication fee Based on the Official Journal Homepage, the future business journal does not charge any publication fee.An article processing charge (APC), also known as a publication fee, is a fee which is sometimes charged to authors. Most commonly, it is involved in making a work available as open access (OA), in either a full OA journal or in a hybrid journal.Journal Publication Time The Journal Publication Time means the average number of weeks between article submission and publication. According to the journal website, the future business journal publishes research articles in 9 weeks on an average.Call for PapersVisit to the official website of the journal/ conference to check the details about call for papers.How to publish in Future Business Journal?If your research is related to economics, accounting, management information systems, finance, then visit the official website of future business journal and send your manuscript.Tips for publishing in Future Business Journal:Selection of research problem.Presenting a solution.Designing the paper.Make your manuscript publication worthy.Write an effective results section.Mind your references.Acceptance RateAcceptance rate is the ratio of the number of articles submitted to the number of articles published. Researchers can check the acceptance rate on the journal website. Alternatively, they can contact the editor of the journal.Final SummaryThe impact factor of future business journal is 2.7.The future business journal is a reputed research journal.It is published by SpringerOpen.The journal is indexed in UGC CARE, ESCI, DOAJ.It is an open access journal.The publication time (Average number of weeks between article submission and publication) of the journal is 9 weeks.Based on the Official Journal Homepage, the future business journal does not charge any publication fee.Sources: https://fbj.springeropen.com/",SpringerOpen,2314-7210,9 weeks,Free (Verified via Directory),Not Indexed,https://journalsearches.com/journal.php?title=future business journal
"Pacific Journal of Mathematics for Industry Publisher:  SpringerOpen P-ISSN:  E-ISSN: 2198-4115 Language:  English Country of Publisher:  United Kingdom APC: No Processing Time (Weeks):  5 Review Process:  Anonymous peer review Subjects:  Technology: Technology (General): Industrial engineering. Management engineering: Applied mathematics. Quantitative methodsIndexing The pacific journal of mathematics for industry is indexed in:DOAJAn indexed journal means that the journal has gone through and passed a review process of certain requirements done by a journal indexer.The Web of Science Core Collection includes the Science Citation Index Expanded (SCIE), Social Sciences Citation Index (SSCI), Arts & Humanities Citation Index (AHCI), and Emerging Sources Citation Index (ESCI).Publication fee Based on the Official Journal Homepage, the pacific journal of mathematics for industry does not charge any publication fee.An article processing charge (APC), also known as a publication fee, is a fee which is sometimes charged to authors. Most commonly, it is involved in making a work available as open access (OA), in either a full OA journal or in a hybrid journal.Journal Publication Time The Journal Publication Time means the average number of weeks between article submission and publication. According to the journal website, the pacific journal of mathematics for industry publishes research articles in 5 weeks on an average.Call for PapersVisit to the official website of the journal/ conference to check the details about call for papers.How to publish in Pacific Journal Of Mathematics For Industry?If your research is related to mathematics, industrial applications, then visit the official website of pacific journal of mathematics for industry and send your manuscript.Tips for publishing in Pacific Journal Of Mathematics For Industry:Selection of research problem.Presenting a solution.Designing the paper.Make your manuscript publication worthy.Write an effective results section.Mind your references.Acceptance RateAcceptance rate is the ratio of the number of articles submitted to the number of articles published. Researchers can check the acceptance rate on the journal website. Alternatively, they can contact the editor of the journal.Final SummaryIt is published by SpringerOpen.The journal is indexed in , DOAJ.It is an open access journal.The publication time (Average number of weeks between article submission and publication) of the journal is 5 weeks.Based on the Official Journal Homepage, the pacific journal of mathematics for industry does not charge any publication fee.Sources: https://pacific-mathforindustry.springeropen.com/",SpringerOpen,2198-4115,5 weeks,Free (Verified via Directory),Not Indexed,https://journalsearches.com/journal.php?title=pacific journal of mathematics for industry
"Journal of Modern Transportation Publisher:  Springer Science and Business Media Deutschland GmbH P-ISSN: 2095087X Open Access: Unpaywall Open Access Scopus Status: Inactive Scopus Coverage:  2011-2019Indexing The journal of modern transportation is indexed in:The journal is discontinued by the Scopus.DOAJAn indexed journal means that the journal has gone through and passed a review process of certain requirements done by a journal indexer.The Web of Science Core Collection includes the Science Citation Index Expanded (SCIE), Social Sciences Citation Index (SSCI), Arts & Humanities Citation Index (AHCI), and Emerging Sources Citation Index (ESCI).Publication fee Based on the Official Journal Homepage, the journal of modern transportation does not charge any publication fee.An article processing charge (APC), also known as a publication fee, is a fee which is sometimes charged to authors. Most commonly, it is involved in making a work available as open access (OA), in either a full OA journal or in a hybrid journal.Journal Publication Time The Journal Publication Time means the average number of weeks between article submission and publication. According to the journal website, the journal of modern transportation publishes research articles in 13 weeks on an average.Call for PapersVisit to the official website of the journal/ conference to check the details about call for papers.How to publish in Journal Of Modern Transportation?If your research is related to the scope of the journal, then visit the official website of journal of modern transportation and send your manuscript.Tips for publishing in Journal Of Modern Transportation:Selection of research problem.Presenting a solution.Designing the paper.Make your manuscript publication worthy.Write an effective results section.Mind your references.Acceptance RateAcceptance rate is the ratio of the number of articles submitted to the number of articles published. Researchers can check the acceptance rate on the journal website. Alternatively, they can contact the editor of the journal.Final SummaryIt is published by Springer Science and Business Media Deutschland GmbH.The journal is indexed in , DOAJ.It is an open access journal.The publication time (Average number of weeks between article submission and publication) of the journal is 13 weeks.Based on the Official Journal Homepage, the journal of modern transportation does not charge any publication fee.Sources: https://www.springer.com/journal/40534",Springer Science and Business Media Deutschland GmbH,2095087X,13 weeks,Free (Stated on Website),Indexed,https://journalsearches.com/journal.php?title=journal of modern transportation
"Journal of Eurasian Studies Publisher:  Hanyang University ISSN: 18793665 Journal Scope: Arts and Humanities; Social Sciences Country of Publisher:  South Korea Scopus CiteScore: 3.7 Scopus Coverage: 2010-2024 H-Index:  31 SJR:  0.453 Quartile: Cultural Studies (Q1); History (Q1); Sociology and Political Science (Q2) Open Access: YesIndexing The journal of eurasian studies is indexed in:UGC CAREScopusDOAJAn indexed journal means that the journal has gone through and passed a review process of certain requirements done by a journal indexer.The Web of Science Core Collection includes the Science Citation Index Expanded (SCIE), Social Sciences Citation Index (SSCI), Arts & Humanities Citation Index (AHCI), and Emerging Sources Citation Index (ESCI).Quartile The latest Quartile of journal of eurasian studies is Q1.Each subject category of journals is divided into four quartiles: Q1, Q2, Q3, Q4. Q1 is occupied by the top 25% of journals in the list; Q2 is occupied by journals in the 25 to 50% group; Q3 is occupied by journals in the 50 to 75% group and Q4 is occupied by journals in the 75 to 100% group.Publication fee Based on the Official Journal Homepage, the journal of eurasian studies does not charge any publication fee.An article processing charge (APC), also known as a publication fee, is a fee which is sometimes charged to authors. Most commonly, it is involved in making a work available as open access (OA), in either a full OA journal or in a hybrid journal.Journal Publication Time The Journal Publication Time means the average number of weeks between article submission and publication. According to the journal website, the journal of eurasian studies publishes research articles in 8 weeks on an average.Call for PapersVisit to the official website of the journal/ conference to check the details about call for papers.How to publish in Journal Of Eurasian Studies?If your research is related to Arts and Humanities; Social Sciences, then visit the official website of journal of eurasian studies and send your manuscript.Tips for publishing in Journal Of Eurasian Studies:Selection of research problem.Presenting a solution.Designing the paper.Make your manuscript publication worthy.Write an effective results section.Mind your references.Acceptance RateAcceptance rate is the ratio of the number of articles submitted to the number of articles published. Researchers can check the acceptance rate on the journal website. Alternatively, they can contact the editor of the journal.Final SummaryIt is published by Hanyang University.The journal is indexed in UGC CARE, Scopus, DOAJ.It is an open access journal.The (SJR) SCImago Journal Rank is 0.453.The publication time (Average number of weeks between article submission and publication) of the journal is 8 weeks.Based on the Official Journal Homepage, the journal of eurasian studies does not charge any publication fee.Sources: https://journals.sagepub.com/home/ens",Hanyang University,18793665,8 weeks,Free (Stated on Website),Indexed,https://journalsearches.com/journal.php?title=journal of eurasian studies
"Swiss Journal of Economics and Statistics Publisher:  Springer Nature ISSN: 22356282 Journal Scope: Economics, Econometrics and Finance; Mathematics Country of Publisher:  Switzerland Scopus CiteScore: 2.6 Scopus Coverage: 2007-2025 H-Index:  19 SJR:  0.362 Quartile: Economics and Econometrics (Q3); Statistics and Probability (Q3) Open Access: YesIndexing The swiss journal of economics and statistics is indexed in:UGC CAREScopusDOAJAn indexed journal means that the journal has gone through and passed a review process of certain requirements done by a journal indexer.The Web of Science Core Collection includes the Science Citation Index Expanded (SCIE), Social Sciences Citation Index (SSCI), Arts & Humanities Citation Index (AHCI), and Emerging Sources Citation Index (ESCI).Quartile The latest Quartile of swiss journal of economics and statistics is Q3.Each subject category of journals is divided into four quartiles: Q1, Q2, Q3, Q4. Q1 is occupied by the top 25% of journals in the list; Q2 is occupied by journals in the 25 to 50% group; Q3 is occupied by journals in the 50 to 75% group and Q4 is occupied by journals in the 75 to 100% group.Publication fee Based on the Official Journal Homepage, the swiss journal of economics and statistics does not charge any publication fee.An article processing charge (APC), also known as a publication fee, is a fee which is sometimes charged to authors. Most commonly, it is involved in making a work available as open access (OA), in either a full OA journal or in a hybrid journal.Journal Publication Time The Journal Publication Time means the average number of weeks between article submission and publication. According to the journal website, the swiss journal of economics and statistics publishes research articles in 15 weeks on an average.Call for PapersVisit to the official website of the journal/ conference to check the details about call for papers.How to publish in Swiss Journal Of Economics And Statistics?If your research is related to Economics, Econometrics and Finance; Mathematics, then visit the official website of swiss journal of economics and statistics and send your manuscript.Tips for publishing in Swiss Journal Of Economics And Statistics:Selection of research problem.Presenting a solution.Designing the paper.Make your manuscript publication worthy.Write an effective results section.Mind your references.Acceptance RateAcceptance rate is the ratio of the number of articles submitted to the number of articles published. Researchers can check the acceptance rate on the journal website. Alternatively, they can contact the editor of the journal.Final SummaryIt is published by Springer Nature.The journal is indexed in UGC CARE, Scopus, DOAJ.It is an open access journal.The (SJR) SCImago Journal Rank is 0.362.The publication time (Average number of weeks between article submission and publication) of the journal is 15 weeks.Based on the Official Journal Homepage, the swiss journal of economics and statistics does not charge any publication fee.Sources: https://sjes.springeropen.com/",Springer Nature,22356282,15 weeks,Free (Verified via Directory),Indexed,https://journalsearches.com/journal.php?title=swiss journal of economics and statistics
"Journal of Electrical Systems and Information Technology Publisher:  SpringerOpen P-ISSN:  E-ISSN: 2314-7172 Language:  English Country of Publisher:  United Kingdom APC: No Processing Time (Weeks):  9 Review Process:  Double anonymous peer review Subjects:  Technology: Electrical engineering. Electronics. Nuclear engineering | Technology: Technology (General): Industrial engineering. Management engineering: Information technologyIndexing The journal of electrical systems and information technology is indexed in:DOAJAn indexed journal means that the journal has gone through and passed a review process of certain requirements done by a journal indexer.The Web of Science Core Collection includes the Science Citation Index Expanded (SCIE), Social Sciences Citation Index (SSCI), Arts & Humanities Citation Index (AHCI), and Emerging Sources Citation Index (ESCI).Publication fee Based on the Official Journal Homepage, the journal of electrical systems and information technology does not charge any publication fee.An article processing charge (APC), also known as a publication fee, is a fee which is sometimes charged to authors. Most commonly, it is involved in making a work available as open access (OA), in either a full OA journal or in a hybrid journal.Journal Publication Time The Journal Publication Time means the average number of weeks between article submission and publication. According to the journal website, the journal of electrical systems and information technology publishes research articles in 9 weeks on an average.Call for PapersVisit to the official website of the journal/ conference to check the details about call for papers.How to publish in Journal Of Electrical Systems And Information Technology?If your research is related to electrical engineering, computer science, information technology, power electronics, artificial intelligence, communications, then visit the official website of journal of electrical systems and information technology and send your manuscript.Tips for publishing in Journal Of Electrical Systems And Information Technology:Selection of research problem.Presenting a solution.Designing the paper.Make your manuscript publication worthy.Write an effective results section.Mind your references.Acceptance RateAcceptance rate is the ratio of the number of articles submitted to the number of articles published. Researchers can check the acceptance rate on the journal website. Alternatively, they can contact the editor of the journal.Final SummaryIt is published by SpringerOpen.The journal is indexed in , DOAJ.It is an open access journal.The publication time (Average number of weeks between article submission and publication) of the journal is 9 weeks.Based on the Official Journal Homepage, the journal of electrical systems and information technology does not charge any publication fee.Sources: https://jesit.springeropen.com/",SpringerOpen,2314-7172,9 weeks,Free (Verified via Directory),Not Indexed,https://journalsearches.com/journal.php?title=journal of electrical systems and information technology
"Journal of the Egyptian National Cancer Institute Publisher:  Springer Science and Business Media Deutschland GmbH ISSN: 11100362, 25890409 Journal Scope: Biochemistry, Genetics and Molecular Biology; Medicine Country of Publisher:  Germany Scopus CiteScore: 3.2 Scopus Coverage: 2005-2009, 2011-2025 H-Index:  30 SJR:  0.561 Quartile: Cancer Research (Q3); Oncology (Q3) Open Access: YesIndexing The journal of the egyptian national cancer institute is indexed in:UGC CAREScopusWeb of Science (ESCI)DOAJPubMedEmbaseAn indexed journal means that the journal has gone through and passed a review process of certain requirements done by a journal indexer.The Web of Science Core Collection includes the Science Citation Index Expanded (SCIE), Social Sciences Citation Index (SSCI), Arts & Humanities Citation Index (AHCI), and Emerging Sources Citation Index (ESCI).Note: ESCI journals donot come with an impact factor. However, ESCI journals are evaluated every year and those who qualified are transferred to SCIE.Journal Of The Egyptian National Cancer Institute Impact Factor 2026 The latest impact factor of journal of the egyptian national cancer institute is 1.8 which was recently updated in June, 2025.From the recent Journal Citation Reports (JCR) releases onward, the Impact Factor is provided to all journals indexed in the Web of Science Core Collection, including SCIE, SSCI, ESCI, and AHCI.The impact factor (IF) is a measure of the frequency with which the average article in a journal has been cited in a particular year. It is used to measure the importance or rank of a journal by calculating the times it's articles are cited.Note: Every year, The Clarivate releases the Journal Citation Report (JCR). The JCR provides information about academic journals including impact factor. The latest JCR was released in June, 2025.Quartile The latest Quartile of journal of the egyptian national cancer institute is Q3.Each subject category of journals is divided into four quartiles: Q1, Q2, Q3, Q4. Q1 is occupied by the top 25% of journals in the list; Q2 is occupied by journals in the 25 to 50% group; Q3 is occupied by journals in the 50 to 75% group and Q4 is occupied by journals in the 75 to 100% group.Publication fee Based on the Official Journal Homepage, the journal of the egyptian national cancer institute does not charge any publication fee.An article processing charge (APC), also known as a publication fee, is a fee which is sometimes charged to authors. Most commonly, it is involved in making a work available as open access (OA), in either a full OA journal or in a hybrid journal.Journal Publication Time The Journal Publication Time means the average number of weeks between article submission and publication. According to the journal website, the journal of the egyptian national cancer institute publishes research articles in 11 weeks on an average.Call for PapersVisit to the official website of the journal/ conference to check the details about call for papers.How to publish in Journal Of The Egyptian National Cancer Institute?If your research is related to Biochemistry, Genetics and Molecular Biology; Medicine, then visit the official website of journal of the egyptian national cancer institute and send your manuscript.Tips for publishing in Journal Of The Egyptian National Cancer Institute:Selection of research problem.Presenting a solution.Designing the paper.Make your manuscript publication worthy.Write an effective results section.Mind your references.Acceptance RateAcceptance rate is the ratio of the number of articles submitted to the number of articles published. Researchers can check the acceptance rate on the journal website. Alternatively, they can contact the editor of the journal.Final SummaryThe impact factor of journal of the egyptian national cancer institute is 1.8.The journal of the egyptian national cancer institute is a reputed research journal.It is published by Springer Science and Business Media Deutschland GmbH.The journal is indexed in UGC CARE, Scopus, ESCI, DOAJ, PubMed, Embase.It is an open access journal.The (SJR) SCImago Journal Rank is 0.561.The publication time (Average number of weeks between article submission and publication) of the journal is 11 weeks.Based on the Official Journal Homepage, the journal of the egyptian national cancer institute does not charge any publication fee.Sources: https://jenci.springeropen.com",Springer Science and Business Media Deutschland GmbH,"11100362, 25890409",11 weeks,Free (Verified via Directory),Indexed,https://journalsearches.com/journal.php?title=journal of the egyptian national cancer institute
"The Egyptian Heart Journal Publisher:  SpringerOpen P-ISSN: 1110-2608 E-ISSN: 2090-911X Language:  English Country of Publisher:  United Kingdom APC: No Processing Time (Weeks):  9 Review Process:  Double anonymous peer review Subjects:  Medicine: Internal medicine: Specialties of internal medicine: Diseases of the circulatory (Cardiovascular) systemIndexing The the egyptian heart journal is indexed in:DOAJPubMedAn indexed journal means that the journal has gone through and passed a review process of certain requirements done by a journal indexer.The Web of Science Core Collection includes the Science Citation Index Expanded (SCIE), Social Sciences Citation Index (SSCI), Arts & Humanities Citation Index (AHCI), and Emerging Sources Citation Index (ESCI).Publication fee Based on the Official Journal Homepage, the the egyptian heart journal does not charge any publication fee.An article processing charge (APC), also known as a publication fee, is a fee which is sometimes charged to authors. Most commonly, it is involved in making a work available as open access (OA), in either a full OA journal or in a hybrid journal.Journal Publication Time The Journal Publication Time means the average number of weeks between article submission and publication. According to the journal website, the the egyptian heart journal publishes research articles in 9 weeks on an average.Call for PapersVisit to the official website of the journal/ conference to check the details about call for papers.How to publish in The Egyptian Heart Journal?If your research is related to cardiology, cardiovascular medicine, cardiovascular disease, then visit the official website of the egyptian heart journal and send your manuscript.Tips for publishing in The Egyptian Heart Journal:Selection of research problem.Presenting a solution.Designing the paper.Make your manuscript publication worthy.Write an effective results section.Mind your references.Acceptance RateAcceptance rate is the ratio of the number of articles submitted to the number of articles published. Researchers can check the acceptance rate on the journal website. Alternatively, they can contact the editor of the journal.Final SummaryIt is published by SpringerOpen.The journal is indexed in , DOAJ, PubMed.It is an open access journal.The publication time (Average number of weeks between article submission and publication) of the journal is 9 weeks.Based on the Official Journal Homepage, the the egyptian heart journal does not charge any publication fee.Sources: https://tehj.springeropen.com/",SpringerOpen,2090-911X,9 weeks,Free (Verified via Directory),Not Indexed,https://journalsearches.com/journal.php?title=the egyptian heart journal
"Egyptian Journal of Biological Pest Control Publisher:  Springer Science and Business Media Deutschland GmbH ISSN: 11101768, 25369342 Journal Scope: Agricultural and Biological Sciences; Environmental Science Country of Publisher:  Germany Scopus CiteScore: 5.6 Scopus Coverage: 2008-2025 H-Index:  36 SJR:  0.671 Quartile: Agronomy and Crop Science (Q1); Insect Science (Q1); Plant Science (Q1); Ecology (Q2) Open Access: YesIndexing The egyptian journal of biological pest control is indexed in:UGC CAREScopusWeb of Science (SCIE)DOAJAn indexed journal means that the journal has gone through and passed a review process of certain requirements done by a journal indexer.The Web of Science Core Collection includes the Science Citation Index Expanded (SCIE), Social Sciences Citation Index (SSCI), Arts & Humanities Citation Index (AHCI), and Emerging Sources Citation Index (ESCI).Egyptian Journal Of Biological Pest Control Impact Factor 2026 The latest impact factor of egyptian journal of biological pest control is 2.1 which was recently updated in June, 2025.From the recent Journal Citation Reports (JCR) releases onward, the Impact Factor is provided to all journals indexed in the Web of Science Core Collection, including SCIE, SSCI, ESCI, and AHCI.The impact factor (IF) is a measure of the frequency with which the average article in a journal has been cited in a particular year. It is used to measure the importance or rank of a journal by calculating the times it's articles are cited.Note: Every year, The Clarivate releases the Journal Citation Report (JCR). The JCR provides information about academic journals including impact factor. The latest JCR was released in June, 2025.Quartile The latest Quartile of egyptian journal of biological pest control is Q1.Each subject category of journals is divided into four quartiles: Q1, Q2, Q3, Q4. Q1 is occupied by the top 25% of journals in the list; Q2 is occupied by journals in the 25 to 50% group; Q3 is occupied by journals in the 50 to 75% group and Q4 is occupied by journals in the 75 to 100% group.Publication fee Based on the Official Journal Homepage, the egyptian journal of biological pest control does not charge any publication fee.An article processing charge (APC), also known as a publication fee, is a fee which is sometimes charged to authors. Most commonly, it is involved in making a work available as open access (OA), in either a full OA journal or in a hybrid journal.Journal Publication Time The Journal Publication Time means the average number of weeks between article submission and publication. According to the journal website, the egyptian journal of biological pest control publishes research articles in 5 weeks on an average.Call for PapersVisit to the official website of the journal/ conference to check the details about call for papers.How to publish in Egyptian Journal Of Biological Pest Control?If your research is related to Agricultural and Biological Sciences; Environmental Science, then visit the official website of egyptian journal of biological pest control and send your manuscript.Tips for publishing in Egyptian Journal Of Biological Pest Control:Selection of research problem.Presenting a solution.Designing the paper.Make your manuscript publication worthy.Write an effective results section.Mind your references.Acceptance RateAcceptance rate is the ratio of the number of articles submitted to the number of articles published. Researchers can check the acceptance rate on the journal website. Alternatively, they can contact the editor of the journal.Final SummaryThe impact factor of egyptian journal of biological pest control is 2.1.The egyptian journal of biological pest control is a reputed research journal.It is published by Springer Science and Business Media Deutschland GmbH.The journal is indexed in UGC CARE, Scopus, SCIE, DOAJ.It is an open access journal.The (SJR) SCImago Journal Rank is 0.671.The publication time (Average number of weeks between article submission and publication) of the journal is 5 weeks.Based on the Official Journal Homepage, the egyptian journal of biological pest control does not charge any publication fee.Sources: https://ejbpc.springeropen.com/",Springer Science and Business Media Deutschland GmbH,"11101768, 25369342",5 weeks,Free (Verified via Directory),Indexed,https://journalsearches.com/journal.php?title=egyptian journal of biological pest control
"Egyptian Journal of Medical Human Genetics Publisher:   ISSN: 20902441, 11108630 Journal Scope: Medicine Country of Publisher:  Germany Scopus CiteScore: 2 Scopus Coverage: 2010-2025 H-Index:  28 SJR:  0.332 Quartile: Genetics (clinical) (Q4) Open Access: YesIndexing The egyptian journal of medical human genetics is indexed in:UGC CAREScopusWeb of Science (ESCI)DOAJEmbaseAn indexed journal means that the journal has gone through and passed a review process of certain requirements done by a journal indexer.The Web of Science Core Collection includes the Science Citation Index Expanded (SCIE), Social Sciences Citation Index (SSCI), Arts & Humanities Citation Index (AHCI), and Emerging Sources Citation Index (ESCI).Note: ESCI journals donot come with an impact factor. However, ESCI journals are evaluated every year and those who qualified are transferred to SCIE.Egyptian Journal Of Medical Human Genetics Impact Factor 2026 The latest impact factor of egyptian journal of medical human genetics is 1.1 which was recently updated in June, 2025.From the recent Journal Citation Reports (JCR) releases onward, the Impact Factor is provided to all journals indexed in the Web of Science Core Collection, including SCIE, SSCI, ESCI, and AHCI.The impact factor (IF) is a measure of the frequency with which the average article in a journal has been cited in a particular year. It is used to measure the importance or rank of a journal by calculating the times it's articles are cited.Note: Every year, The Clarivate releases the Journal Citation Report (JCR). The JCR provides information about academic journals including impact factor. The latest JCR was released in June, 2025.Quartile The latest Quartile of egyptian journal of medical human genetics is Q4.Each subject category of journals is divided into four quartiles: Q1, Q2, Q3, Q4. Q1 is occupied by the top 25% of journals in the list; Q2 is occupied by journals in the 25 to 50% group; Q3 is occupied by journals in the 50 to 75% group and Q4 is occupied by journals in the 75 to 100% group.Publication fee Based on the Official Journal Homepage, the egyptian journal of medical human genetics does not charge any publication fee.An article processing charge (APC), also known as a publication fee, is a fee which is sometimes charged to authors. Most commonly, it is involved in making a work available as open access (OA), in either a full OA journal or in a hybrid journal.Journal Publication Time The Journal Publication Time means the average number of weeks between article submission and publication. According to the journal website, the egyptian journal of medical human genetics publishes research articles in 18 weeks on an average.Call for PapersVisit to the official website of the journal/ conference to check the details about call for papers.How to publish in Egyptian Journal Of Medical Human Genetics?If your research is related to Medicine, then visit the official website of egyptian journal of medical human genetics and send your manuscript.Tips for publishing in Egyptian Journal Of Medical Human Genetics:Selection of research problem.Presenting a solution.Designing the paper.Make your manuscript publication worthy.Write an effective results section.Mind your references.Acceptance RateAcceptance rate is the ratio of the number of articles submitted to the number of articles published. Researchers can check the acceptance rate on the journal website. Alternatively, they can contact the editor of the journal.Final SummaryThe impact factor of egyptian journal of medical human genetics is 1.1.The egyptian journal of medical human genetics is a reputed research journal.It is published by .The journal is indexed in UGC CARE, Scopus, ESCI, DOAJ, Embase.It is an open access journal.The (SJR) SCImago Journal Rank is 0.332.The publication time (Average number of weeks between article submission and publication) of the journal is 18 weeks.Based on the Official Journal Homepage, the egyptian journal of medical human genetics does not charge any publication fee.Sources: https://jmhg.springeropen.com","ISSN: 20902441, 11108630 Journal Scope: Medicine","20902441, 11108630",18 weeks,Free (Verified via Directory),Indexed,https://journalsearches.com/journal.php?title=egyptian journal of medical human genetics
"Middle East Fertility Society Journal Publisher:  Springer Science and Business Media Deutschland GmbH ISSN: 11105690, 20903251 Journal Scope: Medicine Country of Publisher:  Germany Scopus CiteScore: 2.6 Scopus Coverage: 1996-2024 H-Index:  28 SJR:  0.39 Quartile: Obstetrics and Gynecology (Q3); Reproductive Medicine (Q3) Open Access: YesIndexing The middle east fertility society journal is indexed in:UGC CAREScopusWeb of Science (ESCI)DOAJEmbaseAn indexed journal means that the journal has gone through and passed a review process of certain requirements done by a journal indexer.The Web of Science Core Collection includes the Science Citation Index Expanded (SCIE), Social Sciences Citation Index (SSCI), Arts & Humanities Citation Index (AHCI), and Emerging Sources Citation Index (ESCI).Note: ESCI journals donot come with an impact factor. However, ESCI journals are evaluated every year and those who qualified are transferred to SCIE.Middle East Fertility Society Journal Impact Factor 2026 The latest impact factor of middle east fertility society journal is 1.3 which was recently updated in June, 2025.From the recent Journal Citation Reports (JCR) releases onward, the Impact Factor is provided to all journals indexed in the Web of Science Core Collection, including SCIE, SSCI, ESCI, and AHCI.The impact factor (IF) is a measure of the frequency with which the average article in a journal has been cited in a particular year. It is used to measure the importance or rank of a journal by calculating the times it's articles are cited.Note: Every year, The Clarivate releases the Journal Citation Report (JCR). The JCR provides information about academic journals including impact factor. The latest JCR was released in June, 2025.Quartile The latest Quartile of middle east fertility society journal is Q3.Each subject category of journals is divided into four quartiles: Q1, Q2, Q3, Q4. Q1 is occupied by the top 25% of journals in the list; Q2 is occupied by journals in the 25 to 50% group; Q3 is occupied by journals in the 50 to 75% group and Q4 is occupied by journals in the 75 to 100% group.Publication fee Based on the Official Journal Homepage, the middle east fertility society journal does not charge any publication fee.An article processing charge (APC), also known as a publication fee, is a fee which is sometimes charged to authors. Most commonly, it is involved in making a work available as open access (OA), in either a full OA journal or in a hybrid journal.Journal Publication Time The Journal Publication Time means the average number of weeks between article submission and publication. According to the journal website, the middle east fertility society journal publishes research articles in 45 weeks on an average.Call for PapersVisit to the official website of the journal/ conference to check the details about call for papers.How to publish in Middle East Fertility Society Journal?If your research is related to Medicine, then visit the official website of middle east fertility society journal and send your manuscript.Tips for publishing in Middle East Fertility Society Journal:Selection of research problem.Presenting a solution.Designing the paper.Make your manuscript publication worthy.Write an effective results section.Mind your references.Acceptance RateAcceptance rate is the ratio of the number of articles submitted to the number of articles published. Researchers can check the acceptance rate on the journal website. Alternatively, they can contact the editor of the journal.Final SummaryThe impact factor of middle east fertility society journal is 1.3.The middle east fertility society journal is a reputed research journal.It is published by Springer Science and Business Media Deutschland GmbH.The journal is indexed in UGC CARE, Scopus, ESCI, DOAJ, Embase.It is an open access journal.The (SJR) SCImago Journal Rank is 0.39.The publication time (Average number of weeks between article submission and publication) of the journal is 45 weeks.Based on the Official Journal Homepage, the middle east fertility society journal does not charge any publication fee.Sources: https://mefj.springeropen.com",Springer Science and Business Media Deutschland GmbH,"11105690, 20903251",45 weeks,Free (Verified via Directory),Indexed,https://journalsearches.com/journal.php?title=middle east fertility society journal
"African Journal of Urology Publisher:  Springer Science and Business Media Deutschland GmbH ISSN: 19619987, 11105704 Journal Scope: Medicine Country of Publisher:  Germany Scopus CiteScore: 1.1 Scopus Coverage: 2012-2025 H-Index:  18 SJR:  0.232 Quartile: Urology (Q3) Open Access: YesIndexing The african journal of urology is indexed in:UGC CAREScopusWeb of Science (ESCI)DOAJEmbaseAn indexed journal means that the journal has gone through and passed a review process of certain requirements done by a journal indexer.The Web of Science Core Collection includes the Science Citation Index Expanded (SCIE), Social Sciences Citation Index (SSCI), Arts & Humanities Citation Index (AHCI), and Emerging Sources Citation Index (ESCI).Note: ESCI journals donot come with an impact factor. However, ESCI journals are evaluated every year and those who qualified are transferred to SCIE.African Journal Of Urology Impact Factor 2026 The latest impact factor of african journal of urology is 0.4 which was recently updated in June, 2025.From the recent Journal Citation Reports (JCR) releases onward, the Impact Factor is provided to all journals indexed in the Web of Science Core Collection, including SCIE, SSCI, ESCI, and AHCI.The impact factor (IF) is a measure of the frequency with which the average article in a journal has been cited in a particular year. It is used to measure the importance or rank of a journal by calculating the times it's articles are cited.Note: Every year, The Clarivate releases the Journal Citation Report (JCR). The JCR provides information about academic journals including impact factor. The latest JCR was released in June, 2025.Quartile The latest Quartile of african journal of urology is Q3.Each subject category of journals is divided into four quartiles: Q1, Q2, Q3, Q4. Q1 is occupied by the top 25% of journals in the list; Q2 is occupied by journals in the 25 to 50% group; Q3 is occupied by journals in the 50 to 75% group and Q4 is occupied by journals in the 75 to 100% group.Publication fee Based on the Official Journal Homepage, the african journal of urology does not charge any publication fee.An article processing charge (APC), also known as a publication fee, is a fee which is sometimes charged to authors. Most commonly, it is involved in making a work available as open access (OA), in either a full OA journal or in a hybrid journal.Journal Publication Time The Journal Publication Time means the average number of weeks between article submission and publication. According to the journal website, the african journal of urology publishes research articles in 9 weeks on an average.Call for PapersVisit to the official website of the journal/ conference to check the details about call for papers.How to publish in African Journal Of Urology?If your research is related to Medicine, then visit the official website of african journal of urology and send your manuscript.Tips for publishing in African Journal Of Urology:Selection of research problem.Presenting a solution.Designing the paper.Make your manuscript publication worthy.Write an effective results section.Mind your references.Acceptance RateAcceptance rate is the ratio of the number of articles submitted to the number of articles published. Researchers can check the acceptance rate on the journal website. Alternatively, they can contact the editor of the journal.Final SummaryThe impact factor of african journal of urology is 0.4.The african journal of urology is a reputed research journal.It is published by Springer Science and Business Media Deutschland GmbH.The journal is indexed in UGC CARE, Scopus, ESCI, DOAJ, Embase.It is an open access journal.The (SJR) SCImago Journal Rank is 0.232.The publication time (Average number of weeks between article submission and publication) of the journal is 9 weeks.Based on the Official Journal Homepage, the african journal of urology does not charge any publication fee.Sources: https://afju.springeropen.com",Springer Science and Business Media Deutschland GmbH,"19619987, 11105704",9 weeks,Free (Verified via Directory),Indexed,https://journalsearches.com/journal.php?title=african journal of urology
"Bulletin of Faculty of Physical Therapy Publisher:  SpringerOpen P-ISSN: 1110-6611 E-ISSN: 2536-9660 Language:  English Country of Publisher:  United States APC: No Processing Time (Weeks):  9 Review Process:  Double anonymous peer review Subjects:  Medicine: Other systems of medicine: Miscellaneous systems and treatmentsIndexing The bulletin of faculty of physical therapy is indexed in:DOAJAn indexed journal means that the journal has gone through and passed a review process of certain requirements done by a journal indexer.The Web of Science Core Collection includes the Science Citation Index Expanded (SCIE), Social Sciences Citation Index (SSCI), Arts & Humanities Citation Index (AHCI), and Emerging Sources Citation Index (ESCI).Publication fee Based on the Official Journal Homepage, the bulletin of faculty of physical therapy does not charge any publication fee.An article processing charge (APC), also known as a publication fee, is a fee which is sometimes charged to authors. Most commonly, it is involved in making a work available as open access (OA), in either a full OA journal or in a hybrid journal.Journal Publication Time The Journal Publication Time means the average number of weeks between article submission and publication. According to the journal website, the bulletin of faculty of physical therapy publishes research articles in 9 weeks on an average.Call for PapersVisit to the official website of the journal/ conference to check the details about call for papers.How to publish in Bulletin Of Faculty Of Physical Therapy?If your research is related to physiotherapy, occupational therapy, rehabilitation, kinesiology, biomechanics, respiratory therapy, then visit the official website of bulletin of faculty of physical therapy and send your manuscript.Tips for publishing in Bulletin Of Faculty Of Physical Therapy:Selection of research problem.Presenting a solution.Designing the paper.Make your manuscript publication worthy.Write an effective results section.Mind your references.Acceptance RateAcceptance rate is the ratio of the number of articles submitted to the number of articles published. Researchers can check the acceptance rate on the journal website. Alternatively, they can contact the editor of the journal.Final SummaryIt is published by SpringerOpen.The journal is indexed in , DOAJ.It is an open access journal.The publication time (Average number of weeks between article submission and publication) of the journal is 9 weeks.Based on the Official Journal Homepage, the bulletin of faculty of physical therapy does not charge any publication fee.Sources: https://bfpt.springeropen.com/",SpringerOpen,2536-9660,9 weeks,Free (Verified via Directory),Not Indexed,https://journalsearches.com/journal.php?title=bulletin of faculty of physical therapy
"Egyptian Pediatric Association Gazette Publisher:  SpringerOpen P-ISSN: 1110-6638 E-ISSN: 2090-9942 Language:  English Country of Publisher:  United Kingdom APC: No Processing Time (Weeks):  9 Review Process:  Double anonymous peer review Subjects:  Medicine: PediatricsIndexing The egyptian pediatric association gazette is indexed in:UGC CAREWeb of Science (ESCI)DOAJEmbaseAn indexed journal means that the journal has gone through and passed a review process of certain requirements done by a journal indexer.The Web of Science Core Collection includes the Science Citation Index Expanded (SCIE), Social Sciences Citation Index (SSCI), Arts & Humanities Citation Index (AHCI), and Emerging Sources Citation Index (ESCI).Note: ESCI journals donot come with an impact factor. However, ESCI journals are evaluated every year and those who qualified are transferred to SCIE.Egyptian Pediatric Association Gazette Impact Factor 2026 The latest impact factor of egyptian pediatric association gazette is 0.5 which was recently updated in June, 2025.From the recent Journal Citation Reports (JCR) releases onward, the Impact Factor is provided to all journals indexed in the Web of Science Core Collection, including SCIE, SSCI, ESCI, and AHCI.The impact factor (IF) is a measure of the frequency with which the average article in a journal has been cited in a particular year. It is used to measure the importance or rank of a journal by calculating the times it's articles are cited.Note: Every year, The Clarivate releases the Journal Citation Report (JCR). The JCR provides information about academic journals including impact factor. The latest JCR was released in June, 2025.Publication fee Based on the Official Journal Homepage, the egyptian pediatric association gazette does not charge any publication fee.An article processing charge (APC), also known as a publication fee, is a fee which is sometimes charged to authors. Most commonly, it is involved in making a work available as open access (OA), in either a full OA journal or in a hybrid journal.Journal Publication Time The Journal Publication Time means the average number of weeks between article submission and publication. According to the journal website, the egyptian pediatric association gazette publishes research articles in 9 weeks on an average.Call for PapersVisit to the official website of the journal/ conference to check the details about call for papers.How to publish in Egyptian Pediatric Association Gazette?If your research is related to child health, paediatrics, paediatric surgery, then visit the official website of egyptian pediatric association gazette and send your manuscript.Tips for publishing in Egyptian Pediatric Association Gazette:Selection of research problem.Presenting a solution.Designing the paper.Make your manuscript publication worthy.Write an effective results section.Mind your references.Acceptance RateAcceptance rate is the ratio of the number of articles submitted to the number of articles published. Researchers can check the acceptance rate on the journal website. Alternatively, they can contact the editor of the journal.Final SummaryThe impact factor of egyptian pediatric association gazette is 0.5.The egyptian pediatric association gazette is a reputed research journal.It is published by SpringerOpen.The journal is indexed in UGC CARE, ESCI, DOAJ, Embase.It is an open access journal.The publication time (Average number of weeks between article submission and publication) of the journal is 9 weeks.Based on the Official Journal Homepage, the egyptian pediatric association gazette does not charge any publication fee.Sources: https://epag.springeropen.com/",SpringerOpen,2090-9942,9 weeks,Free (Verified via Directory),Not Indexed,https://journalsearches.com/journal.php?title=egyptian pediatric association gazette
"The Egyptian Journal of Otolaryngology Publisher:  SpringerOpen P-ISSN: 1012-5574 E-ISSN: 2090-8539 Language:  English Country of Publisher:  United Kingdom APC: No Processing Time (Weeks):  9 Review Process:  Double anonymous peer review Subjects:  Medicine: OtorhinolaryngologyIndexing The the egyptian journal of otolaryngology is indexed in:DOAJAn indexed journal means that the journal has gone through and passed a review process of certain requirements done by a journal indexer.The Web of Science Core Collection includes the Science Citation Index Expanded (SCIE), Social Sciences Citation Index (SSCI), Arts & Humanities Citation Index (AHCI), and Emerging Sources Citation Index (ESCI).Publication fee Based on the Official Journal Homepage, the the egyptian journal of otolaryngology does not charge any publication fee.An article processing charge (APC), also known as a publication fee, is a fee which is sometimes charged to authors. Most commonly, it is involved in making a work available as open access (OA), in either a full OA journal or in a hybrid journal.Journal Publication Time The Journal Publication Time means the average number of weeks between article submission and publication. According to the journal website, the the egyptian journal of otolaryngology publishes research articles in 9 weeks on an average.Call for PapersVisit to the official website of the journal/ conference to check the details about call for papers.How to publish in The Egyptian Journal Of Otolaryngology?If your research is related to rhinology, head and neck, otology, audiology, otorhinolaryngology, phoniatrics, then visit the official website of the egyptian journal of otolaryngology and send your manuscript.Tips for publishing in The Egyptian Journal Of Otolaryngology:Selection of research problem.Presenting a solution.Designing the paper.Make your manuscript publication worthy.Write an effective results section.Mind your references.Acceptance RateAcceptance rate is the ratio of the number of articles submitted to the number of articles published. Researchers can check the acceptance rate on the journal website. Alternatively, they can contact the editor of the journal.Final SummaryIt is published by SpringerOpen.The journal is indexed in , DOAJ.It is an open access journal.The publication time (Average number of weeks between article submission and publication) of the journal is 9 weeks.Based on the Official Journal Homepage, the the egyptian journal of otolaryngology does not charge any publication fee.Sources: https://ejo.springeropen.com/",SpringerOpen,2090-8539,9 weeks,Free (Verified via Directory),Not Indexed,https://journalsearches.com/journal.php?title=the egyptian journal of otolaryngology
"Living Reviews in Solar Physics Publisher:  Springer International Publishing AG ISSN: 16144961, 23673648 Journal Scope: Earth and Planetary Sciences; Physics and Astronomy Country of Publisher:  Switzerland Scopus CiteScore: 57.8 Scopus Coverage: 2004-2024 H-Index:  74 SJR:  7.431 Quartile: Astronomy and Astrophysics (Q1); Space and Planetary Science (Q1) Open Access: YesIndexing The living reviews in solar physics is indexed in:UGC CAREScopusWeb of Science (SCIE)DOAJAn indexed journal means that the journal has gone through and passed a review process of certain requirements done by a journal indexer.The Web of Science Core Collection includes the Science Citation Index Expanded (SCIE), Social Sciences Citation Index (SSCI), Arts & Humanities Citation Index (AHCI), and Emerging Sources Citation Index (ESCI).Living Reviews In Solar Physics Impact Factor 2026 The latest impact factor of living reviews in solar physics is 27.6 which was recently updated in June, 2025.From the recent Journal Citation Reports (JCR) releases onward, the Impact Factor is provided to all journals indexed in the Web of Science Core Collection, including SCIE, SSCI, ESCI, and AHCI.The impact factor (IF) is a measure of the frequency with which the average article in a journal has been cited in a particular year. It is used to measure the importance or rank of a journal by calculating the times it's articles are cited.Note: Every year, The Clarivate releases the Journal Citation Report (JCR). The JCR provides information about academic journals including impact factor. The latest JCR was released in June, 2025.Quartile The latest Quartile of living reviews in solar physics is Q1.Each subject category of journals is divided into four quartiles: Q1, Q2, Q3, Q4. Q1 is occupied by the top 25% of journals in the list; Q2 is occupied by journals in the 25 to 50% group; Q3 is occupied by journals in the 50 to 75% group and Q4 is occupied by journals in the 75 to 100% group.Publication fee Based on the Official Journal Homepage, the living reviews in solar physics does not charge any publication fee.An article processing charge (APC), also known as a publication fee, is a fee which is sometimes charged to authors. Most commonly, it is involved in making a work available as open access (OA), in either a full OA journal or in a hybrid journal.Journal Publication Time The Journal Publication Time means the average number of weeks between article submission and publication. According to the journal website, the living reviews in solar physics publishes research articles in 20 weeks on an average.Call for PapersVisit to the official website of the journal/ conference to check the details about call for papers.How to publish in Living Reviews In Solar Physics?If your research is related to Earth and Planetary Sciences; Physics and Astronomy, then visit the official website of living reviews in solar physics and send your manuscript.Tips for publishing in Living Reviews In Solar Physics:Selection of research problem.Presenting a solution.Designing the paper.Make your manuscript publication worthy.Write an effective results section.Mind your references.Acceptance RateAcceptance rate is the ratio of the number of articles submitted to the number of articles published. Researchers can check the acceptance rate on the journal website. Alternatively, they can contact the editor of the journal.Final SummaryThe impact factor of living reviews in solar physics is 27.6.The living reviews in solar physics is a reputed research journal.It is published by Springer International Publishing AG.The journal is indexed in UGC CARE, Scopus, SCIE, DOAJ.It is an open access journal.The (SJR) SCImago Journal Rank is 7.431.The publication time (Average number of weeks between article submission and publication) of the journal is 20 weeks.Based on the Official Journal Homepage, the living reviews in solar physics does not charge any publication fee.Sources: https://www.springer.com/journal/41116",Springer International Publishing AG,"16144961, 23673648",20 weeks,Free (Verified via Directory),Indexed,https://journalsearches.com/journal.php?title=living reviews in solar physics
"Asian Journal for Mathematics Education Publisher:  SAGE Publications Ltd ISSN: 27527271, 27527263 Journal Scope: Social Sciences Country of Publisher:  United Kingdom Scopus CiteScore: 0.8 Scopus Coverage: 2023-2025 H-Index:  3 SJR:  0.244 Quartile: Education (Q3); Social Sciences (miscellaneous) (Q3) Open Access: YesIndexing The asian journal for mathematics education is indexed in:UGC CAREScopusDOAJAn indexed journal means that the journal has gone through and passed a review process of certain requirements done by a journal indexer.The Web of Science Core Collection includes the Science Citation Index Expanded (SCIE), Social Sciences Citation Index (SSCI), Arts & Humanities Citation Index (AHCI), and Emerging Sources Citation Index (ESCI).Quartile The latest Quartile of asian journal for mathematics education is Q3.Each subject category of journals is divided into four quartiles: Q1, Q2, Q3, Q4. Q1 is occupied by the top 25% of journals in the list; Q2 is occupied by journals in the 25 to 50% group; Q3 is occupied by journals in the 50 to 75% group and Q4 is occupied by journals in the 75 to 100% group.Publication fee Based on the Official Journal Homepage, the asian journal for mathematics education does not charge any publication fee.An article processing charge (APC), also known as a publication fee, is a fee which is sometimes charged to authors. Most commonly, it is involved in making a work available as open access (OA), in either a full OA journal or in a hybrid journal.Journal Publication Time The Journal Publication Time means the average number of weeks between article submission and publication. According to the journal website, the asian journal for mathematics education publishes research articles in 15 weeks on an average.Call for PapersVisit to the official website of the journal/ conference to check the details about call for papers.How to publish in Asian Journal For Mathematics Education?If your research is related to Social Sciences, then visit the official website of asian journal for mathematics education and send your manuscript.Tips for publishing in Asian Journal For Mathematics Education:Selection of research problem.Presenting a solution.Designing the paper.Make your manuscript publication worthy.Write an effective results section.Mind your references.Acceptance RateAcceptance rate is the ratio of the number of articles submitted to the number of articles published. Researchers can check the acceptance rate on the journal website. Alternatively, they can contact the editor of the journal.Final SummaryIt is published by SAGE Publications Ltd.The journal is indexed in UGC CARE, Scopus, DOAJ.It is an open access journal.The (SJR) SCImago Journal Rank is 0.244.The publication time (Average number of weeks between article submission and publication) of the journal is 15 weeks.Based on the Official Journal Homepage, the asian journal for mathematics education does not charge any publication fee.Sources: https://journals.sagepub.com/description/MEA",SAGE Publications Ltd,"27527271, 27527263",15 weeks,Free (Stated on Website),Indexed,https://journalsearches.com/journal.php?title=asian journal for mathematics education
"Nordic Studies on Alcohol and Drugs Publisher:  SAGE Publishing P-ISSN:  E-ISSN: 1458-6126 Language:  Danish, English, Norwegian, Swedish Country of Publisher:  United Kingdom APC: No Processing Time (Weeks):  30 Review Process:  Double anonymous peer review Subjects:  Social Sciences: Social pathology. Social and public welfare. Criminology | Social Sciences: Social history and conditions. Social problems. Social reformIndexing The nordic studies on alcohol and drugs is indexed in:UGC CAREWeb of Science (SSCI)DOAJAn indexed journal means that the journal has gone through and passed a review process of certain requirements done by a journal indexer.The Web of Science Core Collection includes the Science Citation Index Expanded (SCIE), Social Sciences Citation Index (SSCI), Arts & Humanities Citation Index (AHCI), and Emerging Sources Citation Index (ESCI).Nordic Studies On Alcohol And Drugs Impact Factor 2026 The latest impact factor of nordic studies on alcohol and drugs is 2.2 which was recently updated in June, 2025.From the recent Journal Citation Reports (JCR) releases onward, the Impact Factor is provided to all journals indexed in the Web of Science Core Collection, including SCIE, SSCI, ESCI, and AHCI.The impact factor (IF) is a measure of the frequency with which the average article in a journal has been cited in a particular year. It is used to measure the importance or rank of a journal by calculating the times it's articles are cited.Note: Every year, The Clarivate releases the Journal Citation Report (JCR). The JCR provides information about academic journals including impact factor. The latest JCR was released in June, 2025.Publication fee Based on the Official Journal Homepage, the nordic studies on alcohol and drugs does not charge any publication fee.An article processing charge (APC), also known as a publication fee, is a fee which is sometimes charged to authors. Most commonly, it is involved in making a work available as open access (OA), in either a full OA journal or in a hybrid journal.Journal Publication Time The Journal Publication Time means the average number of weeks between article submission and publication. According to the journal website, the nordic studies on alcohol and drugs publishes research articles in 30 weeks on an average.Call for PapersVisit to the official website of the journal/ conference to check the details about call for papers.How to publish in Nordic Studies On Alcohol And Drugs?If your research is related to social problems, substance-related disorders, drug abuse, alcoholism, social policy, then visit the official website of nordic studies on alcohol and drugs and send your manuscript.Tips for publishing in Nordic Studies On Alcohol And Drugs:Selection of research problem.Presenting a solution.Designing the paper.Make your manuscript publication worthy.Write an effective results section.Mind your references.Acceptance RateAcceptance rate is the ratio of the number of articles submitted to the number of articles published. Researchers can check the acceptance rate on the journal website. Alternatively, they can contact the editor of the journal.Final SummaryThe impact factor of nordic studies on alcohol and drugs is 2.2.The nordic studies on alcohol and drugs is a reputed research journal.It is published by SAGE Publishing.The journal is indexed in UGC CARE, SSCI, DOAJ.It is an open access journal.The publication time (Average number of weeks between article submission and publication) of the journal is 30 weeks.Based on the Official Journal Homepage, the nordic studies on alcohol and drugs does not charge any publication fee.Sources: http://journals.sagepub.com/home/nada",SAGE Publishing,1458-6126,30 weeks,Free (Verified via Directory),Not Indexed,https://journalsearches.com/journal.php?title=nordic studies on alcohol and drugs
"Hong Kong Journal of Occupational Therapy Publisher:  Elsevier (Singapore) Pte Ltd ISSN: 15691861 Journal Scope: Health Professions Country of Publisher:  Singapore Scopus CiteScore: 1.6 Scopus Coverage: 2002-2024 H-Index:  22 SJR:  0.407 Quartile: Occupational Therapy (Q2) Open Access: YesIndexing The hong kong journal of occupational therapy is indexed in:UGC CAREScopusWeb of Science (SCIE)DOAJEmbaseAn indexed journal means that the journal has gone through and passed a review process of certain requirements done by a journal indexer.The Web of Science Core Collection includes the Science Citation Index Expanded (SCIE), Social Sciences Citation Index (SSCI), Arts & Humanities Citation Index (AHCI), and Emerging Sources Citation Index (ESCI).Hong Kong Journal Of Occupational Therapy Impact Factor 2026 The latest impact factor of hong kong journal of occupational therapy is 1.6 which was recently updated in June, 2025.From the recent Journal Citation Reports (JCR) releases onward, the Impact Factor is provided to all journals indexed in the Web of Science Core Collection, including SCIE, SSCI, ESCI, and AHCI.The impact factor (IF) is a measure of the frequency with which the average article in a journal has been cited in a particular year. It is used to measure the importance or rank of a journal by calculating the times it's articles are cited.Note: Every year, The Clarivate releases the Journal Citation Report (JCR). The JCR provides information about academic journals including impact factor. The latest JCR was released in June, 2025.Quartile The latest Quartile of hong kong journal of occupational therapy is Q2.Each subject category of journals is divided into four quartiles: Q1, Q2, Q3, Q4. Q1 is occupied by the top 25% of journals in the list; Q2 is occupied by journals in the 25 to 50% group; Q3 is occupied by journals in the 50 to 75% group and Q4 is occupied by journals in the 75 to 100% group.Publication fee Based on the Official Journal Homepage, the hong kong journal of occupational therapy does not charge any publication fee.An article processing charge (APC), also known as a publication fee, is a fee which is sometimes charged to authors. Most commonly, it is involved in making a work available as open access (OA), in either a full OA journal or in a hybrid journal.Journal Publication Time The Journal Publication Time means the average number of weeks between article submission and publication. According to the journal website, the hong kong journal of occupational therapy publishes research articles in 30 weeks on an average.Call for PapersVisit to the official website of the journal/ conference to check the details about call for papers.How to publish in Hong Kong Journal Of Occupational Therapy?If your research is related to Health Professions, then visit the official website of hong kong journal of occupational therapy and send your manuscript.Tips for publishing in Hong Kong Journal Of Occupational Therapy:Selection of research problem.Presenting a solution.Designing the paper.Make your manuscript publication worthy.Write an effective results section.Mind your references.Acceptance RateAcceptance rate is the ratio of the number of articles submitted to the number of articles published. Researchers can check the acceptance rate on the journal website. Alternatively, they can contact the editor of the journal.Final SummaryThe impact factor of hong kong journal of occupational therapy is 1.6.The hong kong journal of occupational therapy is a reputed research journal.It is published by Elsevier (Singapore) Pte Ltd.The journal is indexed in UGC CARE, Scopus, SCIE, DOAJ, Embase.It is an open access journal.The (SJR) SCImago Journal Rank is 0.407.The publication time (Average number of weeks between article submission and publication) of the journal is 30 weeks.Based on the Official Journal Homepage, the hong kong journal of occupational therapy does not charge any publication fee.Sources: https://journals.sagepub.com/home/hjo",Elsevier (Singapore) Pte Ltd,15691861,30 weeks,Free (Stated on Website),Indexed,https://journalsearches.com/journal.php?title=hong kong journal of occupational therapy
"Proceedings of Singapore Healthcare Publisher:  SingHealth Academy ISSN: 20592329, 20101058 Journal Scope: Medicine Country of Publisher:  Singapore Scopus CiteScore: 1.3 Scopus Coverage: 2010-2024 H-Index:  18 SJR:  0.251 Quartile: Medicine (miscellaneous) (Q3) Open Access: YesIndexing The proceedings of singapore healthcare is indexed in:UGC CAREScopusWeb of Science (ESCI)DOAJEmbaseAn indexed journal means that the journal has gone through and passed a review process of certain requirements done by a journal indexer.The Web of Science Core Collection includes the Science Citation Index Expanded (SCIE), Social Sciences Citation Index (SSCI), Arts & Humanities Citation Index (AHCI), and Emerging Sources Citation Index (ESCI).Note: ESCI journals donot come with an impact factor. However, ESCI journals are evaluated every year and those who qualified are transferred to SCIE.Proceedings Of Singapore Healthcare Impact Factor 2026 The latest impact factor of proceedings of singapore healthcare is 0.5 which was recently updated in June, 2025.From the recent Journal Citation Reports (JCR) releases onward, the Impact Factor is provided to all journals indexed in the Web of Science Core Collection, including SCIE, SSCI, ESCI, and AHCI.The impact factor (IF) is a measure of the frequency with which the average article in a journal has been cited in a particular year. It is used to measure the importance or rank of a journal by calculating the times it's articles are cited.Note: Every year, The Clarivate releases the Journal Citation Report (JCR). The JCR provides information about academic journals including impact factor. The latest JCR was released in June, 2025.Quartile The latest Quartile of proceedings of singapore healthcare is Q3.Each subject category of journals is divided into four quartiles: Q1, Q2, Q3, Q4. Q1 is occupied by the top 25% of journals in the list; Q2 is occupied by journals in the 25 to 50% group; Q3 is occupied by journals in the 50 to 75% group and Q4 is occupied by journals in the 75 to 100% group.Publication fee Based on the Official Journal Homepage, the proceedings of singapore healthcare does not charge any publication fee.An article processing charge (APC), also known as a publication fee, is a fee which is sometimes charged to authors. Most commonly, it is involved in making a work available as open access (OA), in either a full OA journal or in a hybrid journal.Journal Publication Time The Journal Publication Time means the average number of weeks between article submission and publication. According to the journal website, the proceedings of singapore healthcare publishes research articles in 15 weeks on an average.Call for PapersVisit to the official website of the journal/ conference to check the details about call for papers.How to publish in Proceedings Of Singapore Healthcare?If your research is related to Medicine, then visit the official website of proceedings of singapore healthcare and send your manuscript.Tips for publishing in Proceedings Of Singapore Healthcare:Selection of research problem.Presenting a solution.Designing the paper.Make your manuscript publication worthy.Write an effective results section.Mind your references.Acceptance RateAcceptance rate is the ratio of the number of articles submitted to the number of articles published. Researchers can check the acceptance rate on the journal website. Alternatively, they can contact the editor of the journal.Final SummaryThe impact factor of proceedings of singapore healthcare is 0.5.The proceedings of singapore healthcare is a reputed research journal.It is published by SingHealth Academy.The journal is indexed in UGC CARE, Scopus, ESCI, DOAJ, Embase.It is an open access journal.The (SJR) SCImago Journal Rank is 0.251.The publication time (Average number of weeks between article submission and publication) of the journal is 15 weeks.Based on the Official Journal Homepage, the proceedings of singapore healthcare does not charge any publication fee.Sources: http://journals.sagepub.com/home/PSH",SingHealth Academy,"20592329, 20101058",15 weeks,Free (Verified via Directory),Indexed,https://journalsearches.com/journal.php?title=proceedings of singapore healthcare
"Beni-Suef University Journal of Basic and Applied Sciences Publisher:  Springer Science and Business Media Deutschland GmbH ISSN: 23148543, 23148535 Journal Scope: Agricultural and Biological Sciences; Medicine; Pharmacology, Toxicology and Pharmaceutics Country of Publisher:  Germany Scopus CiteScore: 4.9 Scopus Coverage: 2019-2025 H-Index:  26 SJR:  0.504 Quartile: Agricultural and Biological Sciences (miscellaneous) (Q2); Pharmaceutical Science (Q2); Medicine (miscellaneous) (Q3) Open Access: YesIndexing The beni-suef university journal of basic and applied sciences is indexed in:UGC CAREScopusWeb of Science (ESCI)DOAJAn indexed journal means that the journal has gone through and passed a review process of certain requirements done by a journal indexer.The Web of Science Core Collection includes the Science Citation Index Expanded (SCIE), Social Sciences Citation Index (SSCI), Arts & Humanities Citation Index (AHCI), and Emerging Sources Citation Index (ESCI).Note: ESCI journals donot come with an impact factor. However, ESCI journals are evaluated every year and those who qualified are transferred to SCIE.Beni-suef University Journal Of Basic And Applied Sciences Impact Factor 2026 The latest impact factor of beni-suef university journal of basic and applied sciences is 2.6 which was recently updated in June, 2025.From the recent Journal Citation Reports (JCR) releases onward, the Impact Factor is provided to all journals indexed in the Web of Science Core Collection, including SCIE, SSCI, ESCI, and AHCI.The impact factor (IF) is a measure of the frequency with which the average article in a journal has been cited in a particular year. It is used to measure the importance or rank of a journal by calculating the times it's articles are cited.Note: Every year, The Clarivate releases the Journal Citation Report (JCR). The JCR provides information about academic journals including impact factor. The latest JCR was released in June, 2025.Quartile The latest Quartile of beni-suef university journal of basic and applied sciences is Q2.Each subject category of journals is divided into four quartiles: Q1, Q2, Q3, Q4. Q1 is occupied by the top 25% of journals in the list; Q2 is occupied by journals in the 25 to 50% group; Q3 is occupied by journals in the 50 to 75% group and Q4 is occupied by journals in the 75 to 100% group.Publication fee Based on the Official Journal Homepage, the beni-suef university journal of basic and applied sciences does not charge any publication fee.An article processing charge (APC), also known as a publication fee, is a fee which is sometimes charged to authors. Most commonly, it is involved in making a work available as open access (OA), in either a full OA journal or in a hybrid journal.Journal Publication Time The Journal Publication Time means the average number of weeks between article submission and publication. According to the journal website, the beni-suef university journal of basic and applied sciences publishes research articles in 9 weeks on an average.Call for PapersVisit to the official website of the journal/ conference to check the details about call for papers.How to publish in Beni-suef University Journal Of Basic And Applied Sciences?If your research is related to Agricultural and Biological Sciences; Medicine; Pharmacology, Toxicology and Pharmaceutics, then visit the official website of beni-suef university journal of basic and applied sciences and send your manuscript.Tips for publishing in Beni-suef University Journal Of Basic And Applied Sciences:Selection of research problem.Presenting a solution.Designing the paper.Make your manuscript publication worthy.Write an effective results section.Mind your references.Acceptance RateAcceptance rate is the ratio of the number of articles submitted to the number of articles published. Researchers can check the acceptance rate on the journal website. Alternatively, they can contact the editor of the journal.Final SummaryThe impact factor of beni-suef university journal of basic and applied sciences is 2.6.The beni-suef university journal of basic and applied sciences is a reputed research journal.It is published by Springer Science and Business Media Deutschland GmbH.The journal is indexed in UGC CARE, Scopus, ESCI, DOAJ.It is an open access journal.The (SJR) SCImago Journal Rank is 0.504.The publication time (Average number of weeks between article submission and publication) of the journal is 9 weeks.Based on the Official Journal Homepage, the beni-suef university journal of basic and applied sciences does not charge any publication fee.Sources: https://bjbas.springeropen.com",Springer Science and Business Media Deutschland GmbH,"23148543, 23148535",9 weeks,Free (Verified via Directory),Indexed,https://journalsearches.com/journal.php?title=beni-suef university journal of basic and applied sciences
"Journal of Current Southeast Asian Affairs Publisher:  SAGE Publications Ltd ISSN: 18684882, 18681034 Journal Scope: Social Sciences Country of Publisher:  Germany Scopus CiteScore: 5.6 Scopus Coverage: 2015-2024 H-Index:  22 SJR:  0.76 Quartile: Political Science and International Relations (Q1); Sociology and Political Science (Q1) Open Access: YesIndexing The journal of current southeast asian affairs is indexed in:UGC CAREScopusWeb of Science (SSCI)DOAJAn indexed journal means that the journal has gone through and passed a review process of certain requirements done by a journal indexer.The Web of Science Core Collection includes the Science Citation Index Expanded (SCIE), Social Sciences Citation Index (SSCI), Arts & Humanities Citation Index (AHCI), and Emerging Sources Citation Index (ESCI).Journal Of Current Southeast Asian Affairs Impact Factor 2026 The latest impact factor of journal of current southeast asian affairs is 1.7 which was recently updated in June, 2025.From the recent Journal Citation Reports (JCR) releases onward, the Impact Factor is provided to all journals indexed in the Web of Science Core Collection, including SCIE, SSCI, ESCI, and AHCI.The impact factor (IF) is a measure of the frequency with which the average article in a journal has been cited in a particular year. It is used to measure the importance or rank of a journal by calculating the times it's articles are cited.Note: Every year, The Clarivate releases the Journal Citation Report (JCR). The JCR provides information about academic journals including impact factor. The latest JCR was released in June, 2025.Quartile The latest Quartile of journal of current southeast asian affairs is Q1.Each subject category of journals is divided into four quartiles: Q1, Q2, Q3, Q4. Q1 is occupied by the top 25% of journals in the list; Q2 is occupied by journals in the 25 to 50% group; Q3 is occupied by journals in the 50 to 75% group and Q4 is occupied by journals in the 75 to 100% group.Publication fee Based on the Official Journal Homepage, the journal of current southeast asian affairs does not charge any publication fee.An article processing charge (APC), also known as a publication fee, is a fee which is sometimes charged to authors. Most commonly, it is involved in making a work available as open access (OA), in either a full OA journal or in a hybrid journal.Journal Publication Time The Journal Publication Time means the average number of weeks between article submission and publication. According to the journal website, the journal of current southeast asian affairs publishes research articles in 8 weeks on an average.Call for PapersVisit to the official website of the journal/ conference to check the details about call for papers.How to publish in Journal Of Current Southeast Asian Affairs?If your research is related to Social Sciences, then visit the official website of journal of current southeast asian affairs and send your manuscript.Tips for publishing in Journal Of Current Southeast Asian Affairs:Selection of research problem.Presenting a solution.Designing the paper.Make your manuscript publication worthy.Write an effective results section.Mind your references.Acceptance RateAcceptance rate is the ratio of the number of articles submitted to the number of articles published. Researchers can check the acceptance rate on the journal website. Alternatively, they can contact the editor of the journal.Final SummaryThe impact factor of journal of current southeast asian affairs is 1.7.The journal of current southeast asian affairs is a reputed research journal.It is published by SAGE Publications Ltd.The journal is indexed in UGC CARE, Scopus, SSCI, DOAJ.It is an open access journal.The (SJR) SCImago Journal Rank is 0.76.The publication time (Average number of weeks between article submission and publication) of the journal is 8 weeks.Based on the Official Journal Homepage, the journal of current southeast asian affairs does not charge any publication fee.Sources: https://journals.sagepub.com/home/saa",SAGE Publications Ltd,"18684882, 18681034",8 weeks,Free (Stated on Website),Indexed,https://journalsearches.com/journal.php?title=journal of current southeast asian affairs
"The Egyptian Journal of Bronchology Publisher:  SpringerOpen P-ISSN: 1687-8426 E-ISSN: 2314-8551 Language:  English Country of Publisher:  United Kingdom APC: No Processing Time (Weeks):  9 Review Process:  Anonymous peer review Subjects:  Medicine: Internal medicine: Specialties of internal medicine: Diseases of the respiratory system | Medicine: Internal medicine: Medical emergencies. Critical care. Intensive care. First aidIndexing The the egyptian journal of bronchology is indexed in:DOAJAn indexed journal means that the journal has gone through and passed a review process of certain requirements done by a journal indexer.The Web of Science Core Collection includes the Science Citation Index Expanded (SCIE), Social Sciences Citation Index (SSCI), Arts & Humanities Citation Index (AHCI), and Emerging Sources Citation Index (ESCI).Publication fee Based on the Official Journal Homepage, the the egyptian journal of bronchology does not charge any publication fee.An article processing charge (APC), also known as a publication fee, is a fee which is sometimes charged to authors. Most commonly, it is involved in making a work available as open access (OA), in either a full OA journal or in a hybrid journal.Journal Publication Time The Journal Publication Time means the average number of weeks between article submission and publication. According to the journal website, the the egyptian journal of bronchology publishes research articles in 9 weeks on an average.Call for PapersVisit to the official website of the journal/ conference to check the details about call for papers.How to publish in The Egyptian Journal Of Bronchology?If your research is related to bronchology, pulmonology, respiratory medicine, sleep medicine, critical care medicine, then visit the official website of the egyptian journal of bronchology and send your manuscript.Tips for publishing in The Egyptian Journal Of Bronchology:Selection of research problem.Presenting a solution.Designing the paper.Make your manuscript publication worthy.Write an effective results section.Mind your references.Acceptance RateAcceptance rate is the ratio of the number of articles submitted to the number of articles published. Researchers can check the acceptance rate on the journal website. Alternatively, they can contact the editor of the journal.Final SummaryIt is published by SpringerOpen.The journal is indexed in , DOAJ.It is an open access journal.The publication time (Average number of weeks between article submission and publication) of the journal is 9 weeks.Based on the Official Journal Homepage, the the egyptian journal of bronchology does not charge any publication fee.Sources: https://ejb.springeropen.com/",SpringerOpen,2314-8551,9 weeks,Free (Verified via Directory),Not Indexed,https://journalsearches.com/journal.php?title=the egyptian journal of bronchology
"Journal of the Egyptian Public Health Association Publisher:  SpringerOpen P-ISSN: 0013-2446 E-ISSN: 2090-262X Language:  English Country of Publisher:  United Kingdom APC: No Processing Time (Weeks):  10 Review Process:  Anonymous peer review Subjects:  Medicine: Internal medicine: Special situations and conditions: Arctic medicine. Tropical medicine | Medicine: Public aspects of medicineIndexing The journal of the egyptian public health association is indexed in:UGC CAREWeb of Science (ESCI)DOAJPubMedAn indexed journal means that the journal has gone through and passed a review process of certain requirements done by a journal indexer.The Web of Science Core Collection includes the Science Citation Index Expanded (SCIE), Social Sciences Citation Index (SSCI), Arts & Humanities Citation Index (AHCI), and Emerging Sources Citation Index (ESCI).Note: ESCI journals donot come with an impact factor. However, ESCI journals are evaluated every year and those who qualified are transferred to SCIE.Journal Of The Egyptian Public Health Association Impact Factor 2026 The latest impact factor of journal of the egyptian public health association is 2.5 which was recently updated in June, 2025.From the recent Journal Citation Reports (JCR) releases onward, the Impact Factor is provided to all journals indexed in the Web of Science Core Collection, including SCIE, SSCI, ESCI, and AHCI.The impact factor (IF) is a measure of the frequency with which the average article in a journal has been cited in a particular year. It is used to measure the importance or rank of a journal by calculating the times it's articles are cited.Note: Every year, The Clarivate releases the Journal Citation Report (JCR). The JCR provides information about academic journals including impact factor. The latest JCR was released in June, 2025.Publication fee Based on the Official Journal Homepage, the journal of the egyptian public health association does not charge any publication fee.An article processing charge (APC), also known as a publication fee, is a fee which is sometimes charged to authors. Most commonly, it is involved in making a work available as open access (OA), in either a full OA journal or in a hybrid journal.Journal Publication Time The Journal Publication Time means the average number of weeks between article submission and publication. According to the journal website, the journal of the egyptian public health association publishes research articles in 10 weeks on an average.Call for PapersVisit to the official website of the journal/ conference to check the details about call for papers.How to publish in Journal Of The Egyptian Public Health Association?If your research is related to epidemiology, health management, occupational health, environmental health, family health, tropical health, then visit the official website of journal of the egyptian public health association and send your manuscript.Tips for publishing in Journal Of The Egyptian Public Health Association:Selection of research problem.Presenting a solution.Designing the paper.Make your manuscript publication worthy.Write an effective results section.Mind your references.Acceptance RateAcceptance rate is the ratio of the number of articles submitted to the number of articles published. Researchers can check the acceptance rate on the journal website. Alternatively, they can contact the editor of the journal.Final SummaryThe impact factor of journal of the egyptian public health association is 2.5.The journal of the egyptian public health association is a reputed research journal.It is published by SpringerOpen.The journal is indexed in UGC CARE, ESCI, DOAJ, PubMed.It is an open access journal.The publication time (Average number of weeks between article submission and publication) of the journal is 10 weeks.Based on the Official Journal Homepage, the journal of the egyptian public health association does not charge any publication fee.Sources: https://jepha.springeropen.com/",SpringerOpen,2090-262X,10 weeks,Free (Verified via Directory),Not Indexed,https://journalsearches.com/journal.php?title=journal of the egyptian public health association
"Chinese Journal of Mechanical Engineering Publisher:  SpringerOpen P-ISSN: 1000-9345 E-ISSN: 2192-8258 Language:  English Country of Publisher:  United Kingdom APC: No Processing Time (Weeks):  5 Review Process:  Anonymous peer review Subjects:  Technology: Ocean engineering | Technology: Mechanical engineering and machineryIndexing The chinese journal of mechanical engineering is indexed in:UGC CAREWeb of Science (SCIE)DOAJAn indexed journal means that the journal has gone through and passed a review process of certain requirements done by a journal indexer.The Web of Science Core Collection includes the Science Citation Index Expanded (SCIE), Social Sciences Citation Index (SSCI), Arts & Humanities Citation Index (AHCI), and Emerging Sources Citation Index (ESCI).Chinese Journal Of Mechanical Engineering Impact Factor 2026 The latest impact factor of chinese journal of mechanical engineering is 4.5 which was recently updated in June, 2025.From the recent Journal Citation Reports (JCR) releases onward, the Impact Factor is provided to all journals indexed in the Web of Science Core Collection, including SCIE, SSCI, ESCI, and AHCI.The impact factor (IF) is a measure of the frequency with which the average article in a journal has been cited in a particular year. It is used to measure the importance or rank of a journal by calculating the times it's articles are cited.Note: Every year, The Clarivate releases the Journal Citation Report (JCR). The JCR provides information about academic journals including impact factor. The latest JCR was released in June, 2025.Publication fee Based on the Official Journal Homepage, the chinese journal of mechanical engineering does not charge any publication fee.An article processing charge (APC), also known as a publication fee, is a fee which is sometimes charged to authors. Most commonly, it is involved in making a work available as open access (OA), in either a full OA journal or in a hybrid journal.Journal Publication Time The Journal Publication Time means the average number of weeks between article submission and publication. According to the journal website, the chinese journal of mechanical engineering publishes research articles in 5 weeks on an average.Call for PapersVisit to the official website of the journal/ conference to check the details about call for papers.How to publish in Chinese Journal Of Mechanical Engineering?If your research is related to robotics, intelligent manufacturing technology, advanced transportation equipment, ocean engineering equipment, smart materials, then visit the official website of chinese journal of mechanical engineering and send your manuscript.Tips for publishing in Chinese Journal Of Mechanical Engineering:Selection of research problem.Presenting a solution.Designing the paper.Make your manuscript publication worthy.Write an effective results section.Mind your references.Acceptance RateAcceptance rate is the ratio of the number of articles submitted to the number of articles published. Researchers can check the acceptance rate on the journal website. Alternatively, they can contact the editor of the journal.Final SummaryThe impact factor of chinese journal of mechanical engineering is 4.5.The chinese journal of mechanical engineering is a reputed research journal.It is published by SpringerOpen.The journal is indexed in UGC CARE, SCIE, DOAJ.It is an open access journal.The publication time (Average number of weeks between article submission and publication) of the journal is 5 weeks.Based on the Official Journal Homepage, the chinese journal of mechanical engineering does not charge any publication fee.Sources: https://cjme.springeropen.com/",SpringerOpen,2192-8258,5 weeks,Free (Verified via Directory),Not Indexed,https://journalsearches.com/journal.php?title=chinese journal of mechanical engineering
"Ain Shams Journal of Anesthesiology Publisher:  SpringerOpen P-ISSN:  E-ISSN: 2090-925X Language:  English Country of Publisher:  United Kingdom APC: No Processing Time (Weeks):  10 Review Process:  Double anonymous peer review Subjects:  Medicine: Surgery: Anesthesiology | Medicine: Internal medicine: Medical emergencies. Critical care. Intensive care. First aidIndexing The ain shams journal of anesthesiology is indexed in:UGC CAREWeb of Science (ESCI)DOAJAn indexed journal means that the journal has gone through and passed a review process of certain requirements done by a journal indexer.The Web of Science Core Collection includes the Science Citation Index Expanded (SCIE), Social Sciences Citation Index (SSCI), Arts & Humanities Citation Index (AHCI), and Emerging Sources Citation Index (ESCI).Note: ESCI journals donot come with an impact factor. However, ESCI journals are evaluated every year and those who qualified are transferred to SCIE.Ain Shams Journal Of Anesthesiology Impact Factor 2026 The latest impact factor of ain shams journal of anesthesiology is 0.5 which was recently updated in June, 2025.From the recent Journal Citation Reports (JCR) releases onward, the Impact Factor is provided to all journals indexed in the Web of Science Core Collection, including SCIE, SSCI, ESCI, and AHCI.The impact factor (IF) is a measure of the frequency with which the average article in a journal has been cited in a particular year. It is used to measure the importance or rank of a journal by calculating the times it's articles are cited.Note: Every year, The Clarivate releases the Journal Citation Report (JCR). The JCR provides information about academic journals including impact factor. The latest JCR was released in June, 2025.Publication fee Based on the Official Journal Homepage, the ain shams journal of anesthesiology does not charge any publication fee.An article processing charge (APC), also known as a publication fee, is a fee which is sometimes charged to authors. Most commonly, it is involved in making a work available as open access (OA), in either a full OA journal or in a hybrid journal.Journal Publication Time The Journal Publication Time means the average number of weeks between article submission and publication. According to the journal website, the ain shams journal of anesthesiology publishes research articles in 10 weeks on an average.Call for PapersVisit to the official website of the journal/ conference to check the details about call for papers.How to publish in Ain Shams Journal Of Anesthesiology?If your research is related to intensive care, critical care, trauma, pain management, anaesthesiology, then visit the official website of ain shams journal of anesthesiology and send your manuscript.Tips for publishing in Ain Shams Journal Of Anesthesiology:Selection of research problem.Presenting a solution.Designing the paper.Make your manuscript publication worthy.Write an effective results section.Mind your references.Acceptance RateAcceptance rate is the ratio of the number of articles submitted to the number of articles published. Researchers can check the acceptance rate on the journal website. Alternatively, they can contact the editor of the journal.Final SummaryThe impact factor of ain shams journal of anesthesiology is 0.5.The ain shams journal of anesthesiology is a reputed research journal.It is published by SpringerOpen.The journal is indexed in UGC CARE, ESCI, DOAJ.It is an open access journal.The publication time (Average number of weeks between article submission and publication) of the journal is 10 weeks.Based on the Official Journal Homepage, the ain shams journal of anesthesiology does not charge any publication fee.Sources: https://asja.springeropen.com/",SpringerOpen,2090-925X,10 weeks,Free (Verified via Directory),Not Indexed,https://journalsearches.com/journal.php?title=ain shams journal of anesthesiology
"Annals of Pediatric Surgery Publisher:  SpringerOpen P-ISSN: 1687-4137 E-ISSN: 2090-5394 Language:  English Country of Publisher:  United Kingdom APC: No Processing Time (Weeks):  9 Review Process:  Anonymous peer review Subjects:  Medicine: Pediatrics | Medicine: SurgeryIndexing The annals of pediatric surgery is indexed in:UGC CAREWeb of Science (ESCI)DOAJAn indexed journal means that the journal has gone through and passed a review process of certain requirements done by a journal indexer.The Web of Science Core Collection includes the Science Citation Index Expanded (SCIE), Social Sciences Citation Index (SSCI), Arts & Humanities Citation Index (AHCI), and Emerging Sources Citation Index (ESCI).Note: ESCI journals donot come with an impact factor. However, ESCI journals are evaluated every year and those who qualified are transferred to SCIE.Annals Of Pediatric Surgery Impact Factor 2026 The latest impact factor of annals of pediatric surgery is 0.3 which was recently updated in June, 2025.From the recent Journal Citation Reports (JCR) releases onward, the Impact Factor is provided to all journals indexed in the Web of Science Core Collection, including SCIE, SSCI, ESCI, and AHCI.The impact factor (IF) is a measure of the frequency with which the average article in a journal has been cited in a particular year. It is used to measure the importance or rank of a journal by calculating the times it's articles are cited.Note: Every year, The Clarivate releases the Journal Citation Report (JCR). The JCR provides information about academic journals including impact factor. The latest JCR was released in June, 2025.Publication fee Based on the Official Journal Homepage, the annals of pediatric surgery does not charge any publication fee.An article processing charge (APC), also known as a publication fee, is a fee which is sometimes charged to authors. Most commonly, it is involved in making a work available as open access (OA), in either a full OA journal or in a hybrid journal.Journal Publication Time The Journal Publication Time means the average number of weeks between article submission and publication. According to the journal website, the annals of pediatric surgery publishes research articles in 9 weeks on an average.Call for PapersVisit to the official website of the journal/ conference to check the details about call for papers.How to publish in Annals Of Pediatric Surgery?If your research is related to paediatrics, paediatric surgery, then visit the official website of annals of pediatric surgery and send your manuscript.Tips for publishing in Annals Of Pediatric Surgery:Selection of research problem.Presenting a solution.Designing the paper.Make your manuscript publication worthy.Write an effective results section.Mind your references.Acceptance RateAcceptance rate is the ratio of the number of articles submitted to the number of articles published. Researchers can check the acceptance rate on the journal website. Alternatively, they can contact the editor of the journal.Final SummaryThe impact factor of annals of pediatric surgery is 0.3.The annals of pediatric surgery is a reputed research journal.It is published by SpringerOpen.The journal is indexed in UGC CARE, ESCI, DOAJ.It is an open access journal.The publication time (Average number of weeks between article submission and publication) of the journal is 9 weeks.Based on the Official Journal Homepage, the annals of pediatric surgery does not charge any publication fee.Sources: https://aops.springeropen.com/",SpringerOpen,2090-5394,9 weeks,Free (Verified via Directory),Not Indexed,https://journalsearches.com/journal.php?title=annals of pediatric surgery
"Journal of the Egyptian Mathematical Society Publisher:  SpringerOpen P-ISSN: 1110-256X E-ISSN: 2090-9128 Language:  English Country of Publisher:  United Kingdom APC: No Processing Time (Weeks):  9 Review Process:  Anonymous peer review Subjects:  Science: MathematicsIndexing The journal of the egyptian mathematical society is indexed in:DOAJAn indexed journal means that the journal has gone through and passed a review process of certain requirements done by a journal indexer.The Web of Science Core Collection includes the Science Citation Index Expanded (SCIE), Social Sciences Citation Index (SSCI), Arts & Humanities Citation Index (AHCI), and Emerging Sources Citation Index (ESCI).Publication fee Based on the Official Journal Homepage, the journal of the egyptian mathematical society does not charge any publication fee.An article processing charge (APC), also known as a publication fee, is a fee which is sometimes charged to authors. Most commonly, it is involved in making a work available as open access (OA), in either a full OA journal or in a hybrid journal.Journal Publication Time The Journal Publication Time means the average number of weeks between article submission and publication. According to the journal website, the journal of the egyptian mathematical society publishes research articles in 9 weeks on an average.Call for PapersVisit to the official website of the journal/ conference to check the details about call for papers.How to publish in Journal Of The Egyptian Mathematical Society?If your research is related to pure mathematics, applied mathematics, then visit the official website of journal of the egyptian mathematical society and send your manuscript.Tips for publishing in Journal Of The Egyptian Mathematical Society:Selection of research problem.Presenting a solution.Designing the paper.Make your manuscript publication worthy.Write an effective results section.Mind your references.Acceptance RateAcceptance rate is the ratio of the number of articles submitted to the number of articles published. Researchers can check the acceptance rate on the journal website. Alternatively, they can contact the editor of the journal.Final SummaryIt is published by SpringerOpen.The journal is indexed in , DOAJ.It is an open access journal.The publication time (Average number of weeks between article submission and publication) of the journal is 9 weeks.Based on the Official Journal Homepage, the journal of the egyptian mathematical society does not charge any publication fee.Sources: https://joems.springeropen.com/",SpringerOpen,2090-9128,9 weeks,Free (Verified via Directory),Not Indexed,https://journalsearches.com/journal.php?title=journal of the egyptian mathematical society
"Indian Journal of Clinical Cardiology Publisher:  SAGE Publishing P-ISSN: 2632-4636 E-ISSN: 2632-4644 Language:  English Country of Publisher:  United Kingdom APC: No Processing Time (Weeks):  15 Review Process:  Double anonymous peer review Subjects:  Medicine: Internal medicine: Specialties of internal medicine: Diseases of the circulatory (Cardiovascular) systemIndexing The indian journal of clinical cardiology is indexed in:DOAJAn indexed journal means that the journal has gone through and passed a review process of certain requirements done by a journal indexer.The Web of Science Core Collection includes the Science Citation Index Expanded (SCIE), Social Sciences Citation Index (SSCI), Arts & Humanities Citation Index (AHCI), and Emerging Sources Citation Index (ESCI).Publication fee Based on the Official Journal Homepage, the indian journal of clinical cardiology does not charge any publication fee.An article processing charge (APC), also known as a publication fee, is a fee which is sometimes charged to authors. Most commonly, it is involved in making a work available as open access (OA), in either a full OA journal or in a hybrid journal.Journal Publication Time The Journal Publication Time means the average number of weeks between article submission and publication. According to the journal website, the indian journal of clinical cardiology publishes research articles in 15 weeks on an average.Call for PapersVisit to the official website of the journal/ conference to check the details about call for papers.How to publish in Indian Journal Of Clinical Cardiology?If your research is related to cardiology, cardiovascular research, cardiac electrophysiology, echocardiography, cardiac magnetic resonance imaging, interventional cardiology, then visit the official website of indian journal of clinical cardiology and send your manuscript.Tips for publishing in Indian Journal Of Clinical Cardiology:Selection of research problem.Presenting a solution.Designing the paper.Make your manuscript publication worthy.Write an effective results section.Mind your references.Acceptance RateAcceptance rate is the ratio of the number of articles submitted to the number of articles published. Researchers can check the acceptance rate on the journal website. Alternatively, they can contact the editor of the journal.Final SummaryIt is published by SAGE Publishing.The journal is indexed in , DOAJ.It is an open access journal.The publication time (Average number of weeks between article submission and publication) of the journal is 15 weeks.Based on the Official Journal Homepage, the indian journal of clinical cardiology does not charge any publication fee.Sources: https://journals.sagepub.com/home/occ",SAGE Publishing,2632-4644,15 weeks,Free (Stated on Website),Not Indexed,https://journalsearches.com/journal.php?title=indian journal of clinical cardiology
"NMIMS Management Review Publisher:  Narsee Monjee Institute of Management Studies ISSN: 0971-1023 E-ISSN: NA Current UGC CARE Status: UGC CARE Approved UGC Coverage:  from September - 2019  to  PresentIndexing The nmims management review is indexed in:UGC CAREWeb of Science (ESCI)DOAJAn indexed journal means that the journal has gone through and passed a review process of certain requirements done by a journal indexer.The Web of Science Core Collection includes the Science Citation Index Expanded (SCIE), Social Sciences Citation Index (SSCI), Arts & Humanities Citation Index (AHCI), and Emerging Sources Citation Index (ESCI).Note: ESCI journals donot come with an impact factor. However, ESCI journals are evaluated every year and those who qualified are transferred to SCIE.Nmims Management Review Impact Factor 2026 The latest impact factor of nmims management review is 0.5 which was recently updated in June, 2025.From the recent Journal Citation Reports (JCR) releases onward, the Impact Factor is provided to all journals indexed in the Web of Science Core Collection, including SCIE, SSCI, ESCI, and AHCI.The impact factor (IF) is a measure of the frequency with which the average article in a journal has been cited in a particular year. It is used to measure the importance or rank of a journal by calculating the times it's articles are cited.Note: Every year, The Clarivate releases the Journal Citation Report (JCR). The JCR provides information about academic journals including impact factor. The latest JCR was released in June, 2025.Publication fee Based on the Official Journal Homepage, the nmims management review does not charge any publication fee.An article processing charge (APC), also known as a publication fee, is a fee which is sometimes charged to authors. Most commonly, it is involved in making a work available as open access (OA), in either a full OA journal or in a hybrid journal.Journal Publication Time The Journal Publication Time means the average number of weeks between article submission and publication. According to the journal website, the nmims management review publishes research articles in 7 weeks on an average.Call for PapersVisit to the official website of the journal/ conference to check the details about call for papers.How to publish in Nmims Management Review?If your research is related to the scope of the journal, then visit the official website of nmims management review and send your manuscript.Tips for publishing in Nmims Management Review:Selection of research problem.Presenting a solution.Designing the paper.Make your manuscript publication worthy.Write an effective results section.Mind your references.Acceptance RateAcceptance rate is the ratio of the number of articles submitted to the number of articles published. Researchers can check the acceptance rate on the journal website. Alternatively, they can contact the editor of the journal.Final SummaryThe impact factor of nmims management review is 0.5.The nmims management review is a reputed research journal.It is published by Narsee Monjee Institute of Management Studies.The journal is indexed in UGC CARE, ESCI, DOAJ.It is an open access journal.The publication time (Average number of weeks between article submission and publication) of the journal is 7 weeks.Based on the Official Journal Homepage, the nmims management review does not charge any publication fee.Sources: https://journals.sagepub.com/home/NRM",Narsee Monjee Institute of Management Studies,Not Available,7 weeks,Free (Stated on Website),Not Indexed,https://journalsearches.com/journal.php?title=nmims management review
"Organization Theory Publisher:  SAGE Publications Ltd ISSN: 26317877 Journal Scope: Business, Management and Accounting Country of Publisher:  United Kingdom Scopus CiteScore: 12.9 Scopus Coverage: 2020-2024 H-Index:  33 SJR:  6.872 Quartile: Organizational Behavior and Human Resource Management (Q1); Strategy and Management (Q1) Open Access: YesIndexing The organization theory is indexed in:UGC CAREScopusDOAJAn indexed journal means that the journal has gone through and passed a review process of certain requirements done by a journal indexer.The Web of Science Core Collection includes the Science Citation Index Expanded (SCIE), Social Sciences Citation Index (SSCI), Arts & Humanities Citation Index (AHCI), and Emerging Sources Citation Index (ESCI).Organization Theory Impact Factor 2026 The latest impact factor of organization theory is 6.4 which was recently updated in June, 2025.From the recent Journal Citation Reports (JCR) releases onward, the Impact Factor is provided to all journals indexed in the Web of Science Core Collection, including SCIE, SSCI, ESCI, and AHCI.The impact factor (IF) is a measure of the frequency with which the average article in a journal has been cited in a particular year. It is used to measure the importance or rank of a journal by calculating the times it's articles are cited.Note: Every year, The Clarivate releases the Journal Citation Report (JCR). The JCR provides information about academic journals including impact factor. The latest JCR was released in June, 2025.Quartile The latest Quartile of organization theory is Q1.Each subject category of journals is divided into four quartiles: Q1, Q2, Q3, Q4. Q1 is occupied by the top 25% of journals in the list; Q2 is occupied by journals in the 25 to 50% group; Q3 is occupied by journals in the 50 to 75% group and Q4 is occupied by journals in the 75 to 100% group.Publication fee Based on the Official Journal Homepage, the organization theory does not charge any publication fee.An article processing charge (APC), also known as a publication fee, is a fee which is sometimes charged to authors. Most commonly, it is involved in making a work available as open access (OA), in either a full OA journal or in a hybrid journal.Journal Publication Time The Journal Publication Time means the average number of weeks between article submission and publication. According to the journal website, the organization theory publishes research articles in 16 weeks on an average.Call for PapersVisit to the official website of the journal/ conference to check the details about call for papers.How to publish in Organization Theory?If your research is related to Business, Management and Accounting, then visit the official website of organization theory and send your manuscript.Tips for publishing in Organization Theory:Selection of research problem.Presenting a solution.Designing the paper.Make your manuscript publication worthy.Write an effective results section.Mind your references.Acceptance RateAcceptance rate is the ratio of the number of articles submitted to the number of articles published. Researchers can check the acceptance rate on the journal website. Alternatively, they can contact the editor of the journal.Final SummaryThe impact factor of organization theory is 6.4.The organization theory is a reputed research journal.It is published by SAGE Publications Ltd.The journal is indexed in UGC CARE, Scopus, DOAJ.It is an open access journal.The (SJR) SCImago Journal Rank is 6.872.The publication time (Average number of weeks between article submission and publication) of the journal is 16 weeks.Based on the Official Journal Homepage, the organization theory does not charge any publication fee.Sources: https://journals.sagepub.com/home/ott",SAGE Publications Ltd,26317877,16 weeks,Free (Stated on Website),Indexed,https://journalsearches.com/journal.php?title=organization theory
"Egyptian Liver Journal Publisher:  Lippincott Williams and Wilkins Ltd. ISSN: 20906226, 20906218 Journal Scope: Medicine Country of Publisher:  United States Scopus CiteScore: 1.6 Scopus Coverage: 2012-2025 H-Index:  11 SJR:  0.256 Quartile: Hepatology (Q4) Open Access: YesIndexing The egyptian liver journal is indexed in:UGC CAREScopusWeb of Science (ESCI)DOAJAn indexed journal means that the journal has gone through and passed a review process of certain requirements done by a journal indexer.The Web of Science Core Collection includes the Science Citation Index Expanded (SCIE), Social Sciences Citation Index (SSCI), Arts & Humanities Citation Index (AHCI), and Emerging Sources Citation Index (ESCI).Note: ESCI journals donot come with an impact factor. However, ESCI journals are evaluated every year and those who qualified are transferred to SCIE.Quartile The latest Quartile of egyptian liver journal is Q4.Each subject category of journals is divided into four quartiles: Q1, Q2, Q3, Q4. Q1 is occupied by the top 25% of journals in the list; Q2 is occupied by journals in the 25 to 50% group; Q3 is occupied by journals in the 50 to 75% group and Q4 is occupied by journals in the 75 to 100% group.Publication fee Based on the Official Journal Homepage, the egyptian liver journal does not charge any publication fee.An article processing charge (APC), also known as a publication fee, is a fee which is sometimes charged to authors. Most commonly, it is involved in making a work available as open access (OA), in either a full OA journal or in a hybrid journal.Journal Publication Time The Journal Publication Time means the average number of weeks between article submission and publication. According to the journal website, the egyptian liver journal publishes research articles in 9 weeks on an average.Call for PapersVisit to the official website of the journal/ conference to check the details about call for papers.How to publish in Egyptian Liver Journal?If your research is related to Medicine, then visit the official website of egyptian liver journal and send your manuscript.Tips for publishing in Egyptian Liver Journal:Selection of research problem.Presenting a solution.Designing the paper.Make your manuscript publication worthy.Write an effective results section.Mind your references.Acceptance RateAcceptance rate is the ratio of the number of articles submitted to the number of articles published. Researchers can check the acceptance rate on the journal website. Alternatively, they can contact the editor of the journal.Final SummaryIt is published by Lippincott Williams and Wilkins Ltd..The journal is indexed in UGC CARE, Scopus, ESCI, DOAJ.It is an open access journal.The (SJR) SCImago Journal Rank is 0.256.The publication time (Average number of weeks between article submission and publication) of the journal is 9 weeks.Based on the Official Journal Homepage, the egyptian liver journal does not charge any publication fee.Sources: https://eglj.springeropen.com/",Lippincott Williams and Wilkins Ltd.,"20906226, 20906218",9 weeks,Free (Verified via Directory),Indexed,https://journalsearches.com/journal.php?title=egyptian liver journal
"Computational Visual Media Publisher:  Institute of Electrical and Electronics Engineers Inc. ISSN: 20960662, 20960433 Journal Scope: Computer Science Country of Publisher:  China Scopus CiteScore: 28.5 Scopus Coverage: 2015-2024 H-Index:  31 SJR:  3.166 Quartile: Artificial Intelligence (Q1); Computer Graphics and Computer-Aided Design (Q1); Computer Vision and Pattern Recognition (Q1) Open Access: YesIndexing The computational visual media is indexed in:UGC CAREScopusWeb of Science (SCIE)DOAJAn indexed journal means that the journal has gone through and passed a review process of certain requirements done by a journal indexer.The Web of Science Core Collection includes the Science Citation Index Expanded (SCIE), Social Sciences Citation Index (SSCI), Arts & Humanities Citation Index (AHCI), and Emerging Sources Citation Index (ESCI).Computational Visual Media Impact Factor 2026 The latest impact factor of computational visual media is 18.3 which was recently updated in June, 2025.From the recent Journal Citation Reports (JCR) releases onward, the Impact Factor is provided to all journals indexed in the Web of Science Core Collection, including SCIE, SSCI, ESCI, and AHCI.The impact factor (IF) is a measure of the frequency with which the average article in a journal has been cited in a particular year. It is used to measure the importance or rank of a journal by calculating the times it's articles are cited.Note: Every year, The Clarivate releases the Journal Citation Report (JCR). The JCR provides information about academic journals including impact factor. The latest JCR was released in June, 2025.Quartile The latest Quartile of computational visual media is Q1.Each subject category of journals is divided into four quartiles: Q1, Q2, Q3, Q4. Q1 is occupied by the top 25% of journals in the list; Q2 is occupied by journals in the 25 to 50% group; Q3 is occupied by journals in the 50 to 75% group and Q4 is occupied by journals in the 75 to 100% group.Publication fee Based on the Official Journal Homepage, the computational visual media does not charge any publication fee.An article processing charge (APC), also known as a publication fee, is a fee which is sometimes charged to authors. Most commonly, it is involved in making a work available as open access (OA), in either a full OA journal or in a hybrid journal.Journal Publication Time The Journal Publication Time means the average number of weeks between article submission and publication. According to the journal website, the computational visual media publishes research articles in 6 weeks on an average.Call for PapersVisit to the official website of the journal/ conference to check the details about call for papers.How to publish in Computational Visual Media?If your research is related to Computer Science, then visit the official website of computational visual media and send your manuscript.Tips for publishing in Computational Visual Media:Selection of research problem.Presenting a solution.Designing the paper.Make your manuscript publication worthy.Write an effective results section.Mind your references.Acceptance RateAcceptance rate is the ratio of the number of articles submitted to the number of articles published. Researchers can check the acceptance rate on the journal website. Alternatively, they can contact the editor of the journal.Final SummaryThe impact factor of computational visual media is 18.3.The computational visual media is a reputed research journal.It is published by Institute of Electrical and Electronics Engineers Inc..The journal is indexed in UGC CARE, Scopus, SCIE, DOAJ.It is an open access journal.The (SJR) SCImago Journal Rank is 3.166.The publication time (Average number of weeks between article submission and publication) of the journal is 6 weeks.Based on the Official Journal Homepage, the computational visual media does not charge any publication fee.Sources: http://www.springer.com/41095",Institute of Electrical and Electronics Engineers Inc.,"20960662, 20960433",6 weeks,Free (Stated on Website),Indexed,https://journalsearches.com/journal.php?title=computational visual media
"Indian Journal of Rheumatology Publisher:  SAGE Publications Ltd ISSN: 9733698 Journal Scope: Medicine Country of Publisher:  India Scopus CiteScore: 1 Scopus Coverage: 2007-2024 H-Index:  16 SJR:  0.167 Quartile: Rheumatology (Q4) Open Access: YesIndexing The indian journal of rheumatology is indexed in:UGC CAREScopusWeb of Science (ESCI)DOAJEmbaseAn indexed journal means that the journal has gone through and passed a review process of certain requirements done by a journal indexer.The Web of Science Core Collection includes the Science Citation Index Expanded (SCIE), Social Sciences Citation Index (SSCI), Arts & Humanities Citation Index (AHCI), and Emerging Sources Citation Index (ESCI).Note: ESCI journals donot come with an impact factor. However, ESCI journals are evaluated every year and those who qualified are transferred to SCIE.Indian Journal Of Rheumatology Impact Factor 2026 The latest impact factor of indian journal of rheumatology is 0.5 which was recently updated in June, 2025.From the recent Journal Citation Reports (JCR) releases onward, the Impact Factor is provided to all journals indexed in the Web of Science Core Collection, including SCIE, SSCI, ESCI, and AHCI.The impact factor (IF) is a measure of the frequency with which the average article in a journal has been cited in a particular year. It is used to measure the importance or rank of a journal by calculating the times it's articles are cited.Note: Every year, The Clarivate releases the Journal Citation Report (JCR). The JCR provides information about academic journals including impact factor. The latest JCR was released in June, 2025.Quartile The latest Quartile of indian journal of rheumatology is Q4.Each subject category of journals is divided into four quartiles: Q1, Q2, Q3, Q4. Q1 is occupied by the top 25% of journals in the list; Q2 is occupied by journals in the 25 to 50% group; Q3 is occupied by journals in the 50 to 75% group and Q4 is occupied by journals in the 75 to 100% group.Publication fee Based on the Official Journal Homepage, the indian journal of rheumatology does not charge any publication fee.An article processing charge (APC), also known as a publication fee, is a fee which is sometimes charged to authors. Most commonly, it is involved in making a work available as open access (OA), in either a full OA journal or in a hybrid journal.Journal Publication Time The Journal Publication Time means the average number of weeks between article submission and publication. According to the journal website, the indian journal of rheumatology publishes research articles in 8 weeks on an average.Call for PapersVisit to the official website of the journal/ conference to check the details about call for papers.How to publish in Indian Journal Of Rheumatology?If your research is related to Medicine, then visit the official website of indian journal of rheumatology and send your manuscript.Tips for publishing in Indian Journal Of Rheumatology:Selection of research problem.Presenting a solution.Designing the paper.Make your manuscript publication worthy.Write an effective results section.Mind your references.Acceptance RateAcceptance rate is the ratio of the number of articles submitted to the number of articles published. Researchers can check the acceptance rate on the journal website. Alternatively, they can contact the editor of the journal.Final SummaryThe impact factor of indian journal of rheumatology is 0.5.The indian journal of rheumatology is a reputed research journal.It is published by SAGE Publications Ltd.The journal is indexed in UGC CARE, Scopus, ESCI, DOAJ, Embase.It is an open access journal.The (SJR) SCImago Journal Rank is 0.167.The publication time (Average number of weeks between article submission and publication) of the journal is 8 weeks.Based on the Official Journal Homepage, the indian journal of rheumatology does not charge any publication fee.Sources: https://journals.sagepub.com/home/JRH",SAGE Publications Ltd,9733698,8 weeks,Free (Stated on Website),Indexed,https://journalsearches.com/journal.php?title=indian journal of rheumatology
"Emerging Economies Cases Journal Publisher:  Indian Institute of Management Rohtak ISSN: 2516-6042 E-ISSN: 2516-6050 Current UGC CARE Status: UGC CARE Approved UGC Coverage:  from April - 2022  to  PresentIndexing The emerging economies cases journal is indexed in:UGC CAREDOAJAn indexed journal means that the journal has gone through and passed a review process of certain requirements done by a journal indexer.The Web of Science Core Collection includes the Science Citation Index Expanded (SCIE), Social Sciences Citation Index (SSCI), Arts & Humanities Citation Index (AHCI), and Emerging Sources Citation Index (ESCI).Publication fee Based on the Official Journal Homepage, the emerging economies cases journal does not charge any publication fee.An article processing charge (APC), also known as a publication fee, is a fee which is sometimes charged to authors. Most commonly, it is involved in making a work available as open access (OA), in either a full OA journal or in a hybrid journal.Journal Publication Time The Journal Publication Time means the average number of weeks between article submission and publication. According to the journal website, the emerging economies cases journal publishes research articles in 16 weeks on an average.Call for PapersVisit to the official website of the journal/ conference to check the details about call for papers.How to publish in Emerging Economies Cases Journal?If your research is related to the scope of the journal, then visit the official website of emerging economies cases journal and send your manuscript.Tips for publishing in Emerging Economies Cases Journal:Selection of research problem.Presenting a solution.Designing the paper.Make your manuscript publication worthy.Write an effective results section.Mind your references.Acceptance RateAcceptance rate is the ratio of the number of articles submitted to the number of articles published. Researchers can check the acceptance rate on the journal website. Alternatively, they can contact the editor of the journal.Final SummaryIt is published by Indian Institute of Management Rohtak.The journal is indexed in UGC CARE, DOAJ.It is an open access journal.The publication time (Average number of weeks between article submission and publication) of the journal is 16 weeks.Based on the Official Journal Homepage, the emerging economies cases journal does not charge any publication fee.Sources: https://journals.sagepub.com/home/EEC",Indian Institute of Management Rohtak,2516-6050,16 weeks,Free (Stated on Website),Not Indexed,https://journalsearches.com/journal.php?title=emerging economies cases journal
"Discover Soil Publisher:  Springer P-ISSN:  E-ISSN: 3005-1223 Language:  English Country of Publisher:  Singapore APC: No Processing Time (Weeks):  18 Review Process:  Peer review Subjects:  Science: Geology | Geography. Anthropology. Recreation: Environmental sciencesIndexing The discover soil is indexed in:DOAJAn indexed journal means that the journal has gone through and passed a review process of certain requirements done by a journal indexer.The Web of Science Core Collection includes the Science Citation Index Expanded (SCIE), Social Sciences Citation Index (SSCI), Arts & Humanities Citation Index (AHCI), and Emerging Sources Citation Index (ESCI).Publication fee Based on the Official Journal Homepage, the discover soil does not charge any publication fee.An article processing charge (APC), also known as a publication fee, is a fee which is sometimes charged to authors. Most commonly, it is involved in making a work available as open access (OA), in either a full OA journal or in a hybrid journal.Journal Publication Time The Journal Publication Time means the average number of weeks between article submission and publication. According to the journal website, the discover soil publishes research articles in 18 weeks on an average.Call for PapersVisit to the official website of the journal/ conference to check the details about call for papers.How to publish in Discover Soil?If your research is related to soil chemistry and physics, soil microbiology and ecosystems, soil fertility and plant nutrition, soil health and sustainable agriculture, soil-plant interactions, soil and climate change, then visit the official website of discover soil and send your manuscript.Tips for publishing in Discover Soil:Selection of research problem.Presenting a solution.Designing the paper.Make your manuscript publication worthy.Write an effective results section.Mind your references.Acceptance RateAcceptance rate is the ratio of the number of articles submitted to the number of articles published. Researchers can check the acceptance rate on the journal website. Alternatively, they can contact the editor of the journal.Final SummaryIt is published by Springer.The journal is indexed in , DOAJ.It is an open access journal.The publication time (Average number of weeks between article submission and publication) of the journal is 18 weeks.Based on the Official Journal Homepage, the discover soil does not charge any publication fee.Sources: https://link.springer.com/journal/44378",Springer,3005-1223,18 weeks,Free (Stated on Website),Not Indexed,https://journalsearches.com/journal.php?title=discover soil
"Discover Electrochemistry Publisher:  Springer P-ISSN:  E-ISSN: 3005-1215 Language:  English Country of Publisher:  Singapore APC: No Processing Time (Weeks):  16 Review Process:  Anonymous peer review Subjects:  Technology: Chemical technology | Science: Chemistry: Physical and theoretical chemistryIndexing The discover electrochemistry is indexed in:DOAJAn indexed journal means that the journal has gone through and passed a review process of certain requirements done by a journal indexer.The Web of Science Core Collection includes the Science Citation Index Expanded (SCIE), Social Sciences Citation Index (SSCI), Arts & Humanities Citation Index (AHCI), and Emerging Sources Citation Index (ESCI).Publication fee Based on the Official Journal Homepage, the discover electrochemistry does not charge any publication fee.An article processing charge (APC), also known as a publication fee, is a fee which is sometimes charged to authors. Most commonly, it is involved in making a work available as open access (OA), in either a full OA journal or in a hybrid journal.Journal Publication Time The Journal Publication Time means the average number of weeks between article submission and publication. According to the journal website, the discover electrochemistry publishes research articles in 16 weeks on an average.Call for PapersVisit to the official website of the journal/ conference to check the details about call for papers.How to publish in Discover Electrochemistry?If your research is related to electrochemistry, electrochemical cells, solid state electrochemistry, electrocatalysis, electrochemical corrosion, then visit the official website of discover electrochemistry and send your manuscript.Tips for publishing in Discover Electrochemistry:Selection of research problem.Presenting a solution.Designing the paper.Make your manuscript publication worthy.Write an effective results section.Mind your references.Acceptance RateAcceptance rate is the ratio of the number of articles submitted to the number of articles published. Researchers can check the acceptance rate on the journal website. Alternatively, they can contact the editor of the journal.Final SummaryIt is published by Springer.The journal is indexed in , DOAJ.It is an open access journal.The publication time (Average number of weeks between article submission and publication) of the journal is 16 weeks.Based on the Official Journal Homepage, the discover electrochemistry does not charge any publication fee.Sources: https://link.springer.com/journal/44373",Springer,3005-1215,16 weeks,Free (Stated on Website),Not Indexed,https://journalsearches.com/journal.php?title=discover electrochemistry
"Discover Cities Publisher:  Springer P-ISSN:  E-ISSN: 3004-8311 Language:  English Country of Publisher:  Switzerland APC: No Processing Time (Weeks):  17 Review Process:  Anonymous peer review Subjects:  Geography. Anthropology. Recreation: Human ecology. Anthropogeography: Settlements: Cities. Urban geography | Social Sciences: Communities. Classes. Races: Urban groups. The city. Urban sociologyIndexing The discover cities is indexed in:DOAJAn indexed journal means that the journal has gone through and passed a review process of certain requirements done by a journal indexer.The Web of Science Core Collection includes the Science Citation Index Expanded (SCIE), Social Sciences Citation Index (SSCI), Arts & Humanities Citation Index (AHCI), and Emerging Sources Citation Index (ESCI).Publication fee Based on the Official Journal Homepage, the discover cities does not charge any publication fee.An article processing charge (APC), also known as a publication fee, is a fee which is sometimes charged to authors. Most commonly, it is involved in making a work available as open access (OA), in either a full OA journal or in a hybrid journal.Journal Publication Time The Journal Publication Time means the average number of weeks between article submission and publication. According to the journal website, the discover cities publishes research articles in 17 weeks on an average.Call for PapersVisit to the official website of the journal/ conference to check the details about call for papers.How to publish in Discover Cities?If your research is related to smart cities, urban planning, urban energy, sustainable cities, urban climate, built environment, then visit the official website of discover cities and send your manuscript.Tips for publishing in Discover Cities:Selection of research problem.Presenting a solution.Designing the paper.Make your manuscript publication worthy.Write an effective results section.Mind your references.Acceptance RateAcceptance rate is the ratio of the number of articles submitted to the number of articles published. Researchers can check the acceptance rate on the journal website. Alternatively, they can contact the editor of the journal.Final SummaryIt is published by Springer.The journal is indexed in , DOAJ.It is an open access journal.The publication time (Average number of weeks between article submission and publication) of the journal is 17 weeks.Based on the Official Journal Homepage, the discover cities does not charge any publication fee.Sources: https://link.springer.com/journal/44327",Springer,3004-8311,17 weeks,Free (Stated on Website),Not Indexed,https://journalsearches.com/journal.php?title=discover cities
"Smart Construction and Sustainable Cities Publisher:  Springer P-ISSN:  E-ISSN: 2731-9032 Language:  English Country of Publisher:  Singapore APC: No Processing Time (Weeks):  15 Review Process:  Anonymous peer review Subjects:  Geography. Anthropology. Recreation: Human ecology. Anthropogeography: Settlements: Cities. Urban geography | Technology: Engineering (General). Civil engineering (General): Environmental engineering | Technology: Building construction | Technology: TechnIndexing The smart construction and sustainable cities is indexed in:DOAJAn indexed journal means that the journal has gone through and passed a review process of certain requirements done by a journal indexer.The Web of Science Core Collection includes the Science Citation Index Expanded (SCIE), Social Sciences Citation Index (SSCI), Arts & Humanities Citation Index (AHCI), and Emerging Sources Citation Index (ESCI).Publication fee Based on the Official Journal Homepage, the smart construction and sustainable cities does not charge any publication fee.An article processing charge (APC), also known as a publication fee, is a fee which is sometimes charged to authors. Most commonly, it is involved in making a work available as open access (OA), in either a full OA journal or in a hybrid journal.Journal Publication Time The Journal Publication Time means the average number of weeks between article submission and publication. According to the journal website, the smart construction and sustainable cities publishes research articles in 15 weeks on an average.Call for PapersVisit to the official website of the journal/ conference to check the details about call for papers.How to publish in Smart Construction And Sustainable Cities?If your research is related to sustainable cities, smart construction, digital technologies, artificial intelligence, urban planning and management, then visit the official website of smart construction and sustainable cities and send your manuscript.Tips for publishing in Smart Construction And Sustainable Cities:Selection of research problem.Presenting a solution.Designing the paper.Make your manuscript publication worthy.Write an effective results section.Mind your references.Acceptance RateAcceptance rate is the ratio of the number of articles submitted to the number of articles published. Researchers can check the acceptance rate on the journal website. Alternatively, they can contact the editor of the journal.Final SummaryIt is published by Springer.The journal is indexed in , DOAJ.It is an open access journal.The publication time (Average number of weeks between article submission and publication) of the journal is 15 weeks.Based on the Official Journal Homepage, the smart construction and sustainable cities does not charge any publication fee.Sources: https://link.springer.com/journal/44268",Springer,2731-9032,15 weeks,Free (Stated on Website),Not Indexed,https://journalsearches.com/journal.php?title=smart construction and sustainable cities
"Journal of Traditional and Complementary Medicine Publisher:  National Taiwan University ISSN: 22254110 Journal Scope: Medicine Country of Publisher:  Taiwan Scopus CiteScore: 8 Scopus Coverage: 2011-2025 H-Index:  67 SJR:  0.701 Quartile: Complementary and Alternative Medicine (Q1) Open Access: YesIndexing The journal of traditional and complementary medicine is indexed in:UGC CAREScopusWeb of Science (SCIE)DOAJPubMedAn indexed journal means that the journal has gone through and passed a review process of certain requirements done by a journal indexer.The Web of Science Core Collection includes the Science Citation Index Expanded (SCIE), Social Sciences Citation Index (SSCI), Arts & Humanities Citation Index (AHCI), and Emerging Sources Citation Index (ESCI).Journal Of Traditional And Complementary Medicine Impact Factor 2026 The latest impact factor of journal of traditional and complementary medicine is 3.0 which was recently updated in June, 2025.From the recent Journal Citation Reports (JCR) releases onward, the Impact Factor is provided to all journals indexed in the Web of Science Core Collection, including SCIE, SSCI, ESCI, and AHCI.The impact factor (IF) is a measure of the frequency with which the average article in a journal has been cited in a particular year. It is used to measure the importance or rank of a journal by calculating the times it's articles are cited.Note: Every year, The Clarivate releases the Journal Citation Report (JCR). The JCR provides information about academic journals including impact factor. The latest JCR was released in June, 2025.Quartile The latest Quartile of journal of traditional and complementary medicine is Q1.Each subject category of journals is divided into four quartiles: Q1, Q2, Q3, Q4. Q1 is occupied by the top 25% of journals in the list; Q2 is occupied by journals in the 25 to 50% group; Q3 is occupied by journals in the 50 to 75% group and Q4 is occupied by journals in the 75 to 100% group.Publication fee Based on the Official Journal Homepage, the journal of traditional and complementary medicine does not charge any publication fee.An article processing charge (APC), also known as a publication fee, is a fee which is sometimes charged to authors. Most commonly, it is involved in making a work available as open access (OA), in either a full OA journal or in a hybrid journal.Journal Publication Time The Journal Publication Time means the average number of weeks between article submission and publication. According to the journal website, the journal of traditional and complementary medicine publishes research articles in 12 weeks on an average.Call for PapersVisit to the official website of the journal/ conference to check the details about call for papers.How to publish in Journal Of Traditional And Complementary Medicine?If your research is related to Medicine, then visit the official website of journal of traditional and complementary medicine and send your manuscript.Tips for publishing in Journal Of Traditional And Complementary Medicine:Selection of research problem.Presenting a solution.Designing the paper.Make your manuscript publication worthy.Write an effective results section.Mind your references.Acceptance RateAcceptance rate is the ratio of the number of articles submitted to the number of articles published. Researchers can check the acceptance rate on the journal website. Alternatively, they can contact the editor of the journal.Final SummaryThe impact factor of journal of traditional and complementary medicine is 3.0.The journal of traditional and complementary medicine is a reputed research journal.It is published by National Taiwan University.The journal is indexed in UGC CARE, Scopus, SCIE, DOAJ, PubMed.It is an open access journal.The (SJR) SCImago Journal Rank is 0.701.The publication time (Average number of weeks between article submission and publication) of the journal is 12 weeks.Based on the Official Journal Homepage, the journal of traditional and complementary medicine does not charge any publication fee.Sources: http://www.journals.elsevier.com/journal-of-traditional-and-complementary-medicine/",National Taiwan University,22254110,12 weeks,Free (Stated on Website),Indexed,https://journalsearches.com/journal.php?title=journal of traditional and complementary medicine
"Indian Heart Journal Publisher:  Elsevier B.V. ISSN: 22133763, 00194832 Journal Scope: Medicine Country of Publisher:  Netherlands Scopus CiteScore: 2.8 Scopus Coverage: 1961, 1964-2025 H-Index:  54 SJR:  0.458 Quartile: Cardiology and Cardiovascular Medicine (Q3) Open Access: YesIndexing The indian heart journal is indexed in:UGC CAREScopusWeb of Science (ESCI)DOAJPubMedEmbaseAn indexed journal means that the journal has gone through and passed a review process of certain requirements done by a journal indexer.The Web of Science Core Collection includes the Science Citation Index Expanded (SCIE), Social Sciences Citation Index (SSCI), Arts & Humanities Citation Index (AHCI), and Emerging Sources Citation Index (ESCI).Note: ESCI journals donot come with an impact factor. However, ESCI journals are evaluated every year and those who qualified are transferred to SCIE.Indian Heart Journal Impact Factor 2026 The latest impact factor of indian heart journal is 1.8 which was recently updated in June, 2025.From the recent Journal Citation Reports (JCR) releases onward, the Impact Factor is provided to all journals indexed in the Web of Science Core Collection, including SCIE, SSCI, ESCI, and AHCI.The impact factor (IF) is a measure of the frequency with which the average article in a journal has been cited in a particular year. It is used to measure the importance or rank of a journal by calculating the times it's articles are cited.Note: Every year, The Clarivate releases the Journal Citation Report (JCR). The JCR provides information about academic journals including impact factor. The latest JCR was released in June, 2025.Quartile The latest Quartile of indian heart journal is Q3.Each subject category of journals is divided into four quartiles: Q1, Q2, Q3, Q4. Q1 is occupied by the top 25% of journals in the list; Q2 is occupied by journals in the 25 to 50% group; Q3 is occupied by journals in the 50 to 75% group and Q4 is occupied by journals in the 75 to 100% group.Publication fee Based on the Official Journal Homepage, the indian heart journal does not charge any publication fee.An article processing charge (APC), also known as a publication fee, is a fee which is sometimes charged to authors. Most commonly, it is involved in making a work available as open access (OA), in either a full OA journal or in a hybrid journal.Journal Publication Time The Journal Publication Time means the average number of weeks between article submission and publication. According to the journal website, the indian heart journal publishes research articles in 53 weeks on an average.Call for PapersVisit to the official website of the journal/ conference to check the details about call for papers.How to publish in Indian Heart Journal?If your research is related to Medicine, then visit the official website of indian heart journal and send your manuscript.Tips for publishing in Indian Heart Journal:Selection of research problem.Presenting a solution.Designing the paper.Make your manuscript publication worthy.Write an effective results section.Mind your references.Acceptance RateAcceptance rate is the ratio of the number of articles submitted to the number of articles published. Researchers can check the acceptance rate on the journal website. Alternatively, they can contact the editor of the journal.Final SummaryThe impact factor of indian heart journal is 1.8.The indian heart journal is a reputed research journal.It is published by Elsevier B.V..The journal is indexed in UGC CARE, Scopus, ESCI, DOAJ, PubMed, Embase.It is an open access journal.The (SJR) SCImago Journal Rank is 0.458.The publication time (Average number of weeks between article submission and publication) of the journal is 53 weeks.Based on the Official Journal Homepage, the indian heart journal does not charge any publication fee.Sources: https://www.sciencedirect.com/journal/indian-heart-journal",Elsevier B.V.,"22133763, 00194832",53 weeks,Free (Stated on Website),Indexed,https://journalsearches.com/journal.php?title=indian heart journal
"International Journal of Mining Science and Technology Publisher:  China University of Mining and Technology ISSN: 20952686 Journal Scope: Earth and Planetary Sciences; Energy Country of Publisher:  China Scopus CiteScore: 22.2 Scopus Coverage: 2012-2025 H-Index:  82 SJR:  3.137 Quartile: Energy Engineering and Power Technology (Q1); Geochemistry and Petrology (Q1); Geotechnical Engineering and Engineering Geology (Q1) Open Access: YesIndexing The international journal of mining science and technology is indexed in:UGC CAREScopusWeb of Science (SCIE)DOAJAn indexed journal means that the journal has gone through and passed a review process of certain requirements done by a journal indexer.The Web of Science Core Collection includes the Science Citation Index Expanded (SCIE), Social Sciences Citation Index (SSCI), Arts & Humanities Citation Index (AHCI), and Emerging Sources Citation Index (ESCI).International Journal Of Mining Science And Technology Impact Factor 2026 The latest impact factor of international journal of mining science and technology is 13.7 which was recently updated in June, 2025.From the recent Journal Citation Reports (JCR) releases onward, the Impact Factor is provided to all journals indexed in the Web of Science Core Collection, including SCIE, SSCI, ESCI, and AHCI.The impact factor (IF) is a measure of the frequency with which the average article in a journal has been cited in a particular year. It is used to measure the importance or rank of a journal by calculating the times it's articles are cited.Note: Every year, The Clarivate releases the Journal Citation Report (JCR). The JCR provides information about academic journals including impact factor. The latest JCR was released in June, 2025.Quartile The latest Quartile of international journal of mining science and technology is Q1.Each subject category of journals is divided into four quartiles: Q1, Q2, Q3, Q4. Q1 is occupied by the top 25% of journals in the list; Q2 is occupied by journals in the 25 to 50% group; Q3 is occupied by journals in the 50 to 75% group and Q4 is occupied by journals in the 75 to 100% group.Publication fee Based on the Official Journal Homepage, the international journal of mining science and technology does not charge any publication fee.An article processing charge (APC), also known as a publication fee, is a fee which is sometimes charged to authors. Most commonly, it is involved in making a work available as open access (OA), in either a full OA journal or in a hybrid journal.Journal Publication Time The Journal Publication Time means the average number of weeks between article submission and publication. According to the journal website, the international journal of mining science and technology publishes research articles in 40 weeks on an average.Call for PapersVisit to the official website of the journal/ conference to check the details about call for papers.How to publish in International Journal Of Mining Science And Technology?If your research is related to Earth and Planetary Sciences; Energy, then visit the official website of international journal of mining science and technology and send your manuscript.Tips for publishing in International Journal Of Mining Science And Technology:Selection of research problem.Presenting a solution.Designing the paper.Make your manuscript publication worthy.Write an effective results section.Mind your references.Acceptance RateAcceptance rate is the ratio of the number of articles submitted to the number of articles published. Researchers can check the acceptance rate on the journal website. Alternatively, they can contact the editor of the journal.Final SummaryThe impact factor of international journal of mining science and technology is 13.7.The international journal of mining science and technology is a reputed research journal.It is published by China University of Mining and Technology.The journal is indexed in UGC CARE, Scopus, SCIE, DOAJ.It is an open access journal.The (SJR) SCImago Journal Rank is 3.137.The publication time (Average number of weeks between article submission and publication) of the journal is 40 weeks.Based on the Official Journal Homepage, the international journal of mining science and technology does not charge any publication fee.Sources: https://www.sciencedirect.com/journal/international-journal-of-mining-science-and-technology/vol/27/issue/6",China University of Mining and Technology,20952686,40 weeks,Free (Stated on Website),Indexed,https://journalsearches.com/journal.php?title=international journal of mining science and technology
"Japanese Dental Science Review Publisher:  Elsevier Ltd ISSN: 18827616, 22136851 Journal Scope: Dentistry Country of Publisher:  United Kingdom Scopus CiteScore: 12.1 Scopus Coverage: 2008-2025 H-Index:  44 SJR:  1.575 Quartile: Dentistry (miscellaneous) (Q1) Open Access: YesIndexing The japanese dental science review is indexed in:UGC CAREScopusWeb of Science (SCIE)DOAJAn indexed journal means that the journal has gone through and passed a review process of certain requirements done by a journal indexer.The Web of Science Core Collection includes the Science Citation Index Expanded (SCIE), Social Sciences Citation Index (SSCI), Arts & Humanities Citation Index (AHCI), and Emerging Sources Citation Index (ESCI).Japanese Dental Science Review Impact Factor 2026 The latest impact factor of japanese dental science review is 6.6 which was recently updated in June, 2025.From the recent Journal Citation Reports (JCR) releases onward, the Impact Factor is provided to all journals indexed in the Web of Science Core Collection, including SCIE, SSCI, ESCI, and AHCI.The impact factor (IF) is a measure of the frequency with which the average article in a journal has been cited in a particular year. It is used to measure the importance or rank of a journal by calculating the times it's articles are cited.Note: Every year, The Clarivate releases the Journal Citation Report (JCR). The JCR provides information about academic journals including impact factor. The latest JCR was released in June, 2025.Quartile The latest Quartile of japanese dental science review is Q1.Each subject category of journals is divided into four quartiles: Q1, Q2, Q3, Q4. Q1 is occupied by the top 25% of journals in the list; Q2 is occupied by journals in the 25 to 50% group; Q3 is occupied by journals in the 50 to 75% group and Q4 is occupied by journals in the 75 to 100% group.Publication fee Based on the Official Journal Homepage, the japanese dental science review does not charge any publication fee.An article processing charge (APC), also known as a publication fee, is a fee which is sometimes charged to authors. Most commonly, it is involved in making a work available as open access (OA), in either a full OA journal or in a hybrid journal.Journal Publication Time The Journal Publication Time means the average number of weeks between article submission and publication. According to the journal website, the japanese dental science review publishes research articles in 30 weeks on an average.Call for PapersVisit to the official website of the journal/ conference to check the details about call for papers.How to publish in Japanese Dental Science Review?If your research is related to Dentistry, then visit the official website of japanese dental science review and send your manuscript.Tips for publishing in Japanese Dental Science Review:Selection of research problem.Presenting a solution.Designing the paper.Make your manuscript publication worthy.Write an effective results section.Mind your references.Acceptance RateAcceptance rate is the ratio of the number of articles submitted to the number of articles published. Researchers can check the acceptance rate on the journal website. Alternatively, they can contact the editor of the journal.Final SummaryThe impact factor of japanese dental science review is 6.6.The japanese dental science review is a reputed research journal.It is published by Elsevier Ltd.The journal is indexed in UGC CARE, Scopus, SCIE, DOAJ.It is an open access journal.The (SJR) SCImago Journal Rank is 1.575.The publication time (Average number of weeks between article submission and publication) of the journal is 30 weeks.Based on the Official Journal Homepage, the japanese dental science review does not charge any publication fee.Sources: https://www.sciencedirect.com/journal/japanese-dental-science-review",Elsevier Ltd,"18827616, 22136851",30 weeks,Free (Stated on Website),Indexed,https://journalsearches.com/journal.php?title=japanese dental science review
"Digital Economy and Sustainable Development Publisher:  Springer P-ISSN:  E-ISSN: 2731-9423 Language:  English Country of Publisher:  Singapore APC: No Processing Time (Weeks):  20 Review Process:  Double anonymous peer review Subjects:  Geography. Anthropology. Recreation: Environmental sciences | Technology | Social Sciences: CommerceIndexing The digital economy and sustainable development is indexed in:DOAJAn indexed journal means that the journal has gone through and passed a review process of certain requirements done by a journal indexer.The Web of Science Core Collection includes the Science Citation Index Expanded (SCIE), Social Sciences Citation Index (SSCI), Arts & Humanities Citation Index (AHCI), and Emerging Sources Citation Index (ESCI).Publication fee Based on the Official Journal Homepage, the digital economy and sustainable development does not charge any publication fee.An article processing charge (APC), also known as a publication fee, is a fee which is sometimes charged to authors. Most commonly, it is involved in making a work available as open access (OA), in either a full OA journal or in a hybrid journal.Journal Publication Time The Journal Publication Time means the average number of weeks between article submission and publication. According to the journal website, the digital economy and sustainable development publishes research articles in 20 weeks on an average.Call for PapersVisit to the official website of the journal/ conference to check the details about call for papers.How to publish in Digital Economy And Sustainable Development?If your research is related to digital economy, sustainable development, then visit the official website of digital economy and sustainable development and send your manuscript.Tips for publishing in Digital Economy And Sustainable Development:Selection of research problem.Presenting a solution.Designing the paper.Make your manuscript publication worthy.Write an effective results section.Mind your references.Acceptance RateAcceptance rate is the ratio of the number of articles submitted to the number of articles published. Researchers can check the acceptance rate on the journal website. Alternatively, they can contact the editor of the journal.Final SummaryIt is published by Springer.The journal is indexed in , DOAJ.It is an open access journal.The publication time (Average number of weeks between article submission and publication) of the journal is 20 weeks.Based on the Official Journal Homepage, the digital economy and sustainable development does not charge any publication fee.Sources: https://link.springer.com/journal/44265",Springer,2731-9423,20 weeks,Free (Stated on Website),Not Indexed,https://journalsearches.com/journal.php?title=digital economy and sustainable development
"Rice Science Publisher:  Elsevier B.V. ISSN: 16726308 Journal Scope: Agricultural and Biological Sciences; Biochemistry, Genetics and Molecular Biology Country of Publisher:  Netherlands Scopus CiteScore: 10.6 Scopus Coverage: 2007-2025 H-Index:  56 SJR:  1.153 Quartile: Agronomy and Crop Science (Q1); Biotechnology (Q1); Plant Science (Q1) Open Access: YesIndexing The rice science is indexed in:UGC CAREScopusWeb of Science (SCIE)DOAJAn indexed journal means that the journal has gone through and passed a review process of certain requirements done by a journal indexer.The Web of Science Core Collection includes the Science Citation Index Expanded (SCIE), Social Sciences Citation Index (SSCI), Arts & Humanities Citation Index (AHCI), and Emerging Sources Citation Index (ESCI).Rice Science Impact Factor 2026 The latest impact factor of rice science is 6.1 which was recently updated in June, 2025.From the recent Journal Citation Reports (JCR) releases onward, the Impact Factor is provided to all journals indexed in the Web of Science Core Collection, including SCIE, SSCI, ESCI, and AHCI.The impact factor (IF) is a measure of the frequency with which the average article in a journal has been cited in a particular year. It is used to measure the importance or rank of a journal by calculating the times it's articles are cited.Note: Every year, The Clarivate releases the Journal Citation Report (JCR). The JCR provides information about academic journals including impact factor. The latest JCR was released in June, 2025.Quartile The latest Quartile of rice science is Q1.Each subject category of journals is divided into four quartiles: Q1, Q2, Q3, Q4. Q1 is occupied by the top 25% of journals in the list; Q2 is occupied by journals in the 25 to 50% group; Q3 is occupied by journals in the 50 to 75% group and Q4 is occupied by journals in the 75 to 100% group.Publication fee Based on the Official Journal Homepage, the rice science does not charge any publication fee.An article processing charge (APC), also known as a publication fee, is a fee which is sometimes charged to authors. Most commonly, it is involved in making a work available as open access (OA), in either a full OA journal or in a hybrid journal.Journal Publication Time The Journal Publication Time means the average number of weeks between article submission and publication. According to the journal website, the rice science publishes research articles in 40 weeks on an average.Call for PapersVisit to the official website of the journal/ conference to check the details about call for papers.How to publish in Rice Science?If your research is related to Agricultural and Biological Sciences; Biochemistry, Genetics and Molecular Biology, then visit the official website of rice science and send your manuscript.Tips for publishing in Rice Science:Selection of research problem.Presenting a solution.Designing the paper.Make your manuscript publication worthy.Write an effective results section.Mind your references.Acceptance RateAcceptance rate is the ratio of the number of articles submitted to the number of articles published. Researchers can check the acceptance rate on the journal website. Alternatively, they can contact the editor of the journal.Final SummaryThe impact factor of rice science is 6.1.The rice science is a reputed research journal.It is published by Elsevier B.V..The journal is indexed in UGC CARE, Scopus, SCIE, DOAJ.It is an open access journal.The (SJR) SCImago Journal Rank is 1.153.The publication time (Average number of weeks between article submission and publication) of the journal is 40 weeks.Based on the Official Journal Homepage, the rice science does not charge any publication fee.Sources: https://www.sciencedirect.com/journal/rice-science",Elsevier B.V.,16726308,40 weeks,Free (Stated on Website),Indexed,https://journalsearches.com/journal.php?title=rice science
"Pediatrics and Neonatology Publisher:  Elsevier (Singapore) Pte Ltd ISSN: 18759572, 22121692 Journal Scope: Medicine Country of Publisher:  Singapore Scopus CiteScore: 3.1 Scopus Coverage: 2008-2025 H-Index:  55 SJR:  0.538 Quartile: Pediatrics, Perinatology and Child Health (Q2) Open Access: YesIndexing The pediatrics and neonatology is indexed in:UGC CAREScopusWeb of Science (SCIE)DOAJPubMedEmbaseAn indexed journal means that the journal has gone through and passed a review process of certain requirements done by a journal indexer.The Web of Science Core Collection includes the Science Citation Index Expanded (SCIE), Social Sciences Citation Index (SSCI), Arts & Humanities Citation Index (AHCI), and Emerging Sources Citation Index (ESCI).Pediatrics And Neonatology Impact Factor 2026 The latest impact factor of pediatrics and neonatology is 2.1 which was recently updated in June, 2025.From the recent Journal Citation Reports (JCR) releases onward, the Impact Factor is provided to all journals indexed in the Web of Science Core Collection, including SCIE, SSCI, ESCI, and AHCI.The impact factor (IF) is a measure of the frequency with which the average article in a journal has been cited in a particular year. It is used to measure the importance or rank of a journal by calculating the times it's articles are cited.Note: Every year, The Clarivate releases the Journal Citation Report (JCR). The JCR provides information about academic journals including impact factor. The latest JCR was released in June, 2025.Quartile The latest Quartile of pediatrics and neonatology is Q2.Each subject category of journals is divided into four quartiles: Q1, Q2, Q3, Q4. Q1 is occupied by the top 25% of journals in the list; Q2 is occupied by journals in the 25 to 50% group; Q3 is occupied by journals in the 50 to 75% group and Q4 is occupied by journals in the 75 to 100% group.Publication fee Based on the Official Journal Homepage, the pediatrics and neonatology does not charge any publication fee.An article processing charge (APC), also known as a publication fee, is a fee which is sometimes charged to authors. Most commonly, it is involved in making a work available as open access (OA), in either a full OA journal or in a hybrid journal.Journal Publication Time The Journal Publication Time means the average number of weeks between article submission and publication. According to the journal website, the pediatrics and neonatology publishes research articles in 52 weeks on an average.Call for PapersVisit to the official website of the journal/ conference to check the details about call for papers.How to publish in Pediatrics And Neonatology?If your research is related to Medicine, then visit the official website of pediatrics and neonatology and send your manuscript.Tips for publishing in Pediatrics And Neonatology:Selection of research problem.Presenting a solution.Designing the paper.Make your manuscript publication worthy.Write an effective results section.Mind your references.Acceptance RateAcceptance rate is the ratio of the number of articles submitted to the number of articles published. Researchers can check the acceptance rate on the journal website. Alternatively, they can contact the editor of the journal.Final SummaryThe impact factor of pediatrics and neonatology is 2.1.The pediatrics and neonatology is a reputed research journal.It is published by Elsevier (Singapore) Pte Ltd.The journal is indexed in UGC CARE, Scopus, SCIE, DOAJ, PubMed, Embase.It is an open access journal.The (SJR) SCImago Journal Rank is 0.538.The publication time (Average number of weeks between article submission and publication) of the journal is 52 weeks.Based on the Official Journal Homepage, the pediatrics and neonatology does not charge any publication fee.Sources: https://www.sciencedirect.com/journal/pediatrics-and-neonatology",Elsevier (Singapore) Pte Ltd,"18759572, 22121692",52 weeks,Free (Stated on Website),Indexed,https://journalsearches.com/journal.php?title=pediatrics and neonatology
"Brazilian Journal of Anesthesiology Publisher:  Elsevier Editora Ltda P-ISSN: 00347094 Open Access: Unpaywall Open Access Scopus Status: Inactive Scopus Coverage:  1994-2020; 1960-1982Indexing The brazilian journal of anesthesiology is indexed in:The journal is discontinued by the Scopus.UGC CAREWeb of Science (SCIE)DOAJAn indexed journal means that the journal has gone through and passed a review process of certain requirements done by a journal indexer.The Web of Science Core Collection includes the Science Citation Index Expanded (SCIE), Social Sciences Citation Index (SSCI), Arts & Humanities Citation Index (AHCI), and Emerging Sources Citation Index (ESCI).Brazilian Journal Of Anesthesiology Impact Factor 2026 The latest impact factor of brazilian journal of anesthesiology is 1.9 which was recently updated in June, 2025.From the recent Journal Citation Reports (JCR) releases onward, the Impact Factor is provided to all journals indexed in the Web of Science Core Collection, including SCIE, SSCI, ESCI, and AHCI.The impact factor (IF) is a measure of the frequency with which the average article in a journal has been cited in a particular year. It is used to measure the importance or rank of a journal by calculating the times it's articles are cited.Note: Every year, The Clarivate releases the Journal Citation Report (JCR). The JCR provides information about academic journals including impact factor. The latest JCR was released in June, 2025.Publication fee Based on the Official Journal Homepage, the brazilian journal of anesthesiology does not charge any publication fee.An article processing charge (APC), also known as a publication fee, is a fee which is sometimes charged to authors. Most commonly, it is involved in making a work available as open access (OA), in either a full OA journal or in a hybrid journal.Journal Publication Time The Journal Publication Time means the average number of weeks between article submission and publication. According to the journal website, the brazilian journal of anesthesiology publishes research articles in 51 weeks on an average.Call for PapersVisit to the official website of the journal/ conference to check the details about call for papers.How to publish in Brazilian Journal Of Anesthesiology?If your research is related to the scope of the journal, then visit the official website of brazilian journal of anesthesiology and send your manuscript.Tips for publishing in Brazilian Journal Of Anesthesiology:Selection of research problem.Presenting a solution.Designing the paper.Make your manuscript publication worthy.Write an effective results section.Mind your references.Acceptance RateAcceptance rate is the ratio of the number of articles submitted to the number of articles published. Researchers can check the acceptance rate on the journal website. Alternatively, they can contact the editor of the journal.Final SummaryThe impact factor of brazilian journal of anesthesiology is 1.9.The brazilian journal of anesthesiology is a reputed research journal.It is published by Elsevier Editora Ltda.The journal is indexed in UGC CARE, SCIE, DOAJ.It is an open access journal.The publication time (Average number of weeks between article submission and publication) of the journal is 51 weeks.Based on the Official Journal Homepage, the brazilian journal of anesthesiology does not charge any publication fee.Sources: https://www.sciencedirect.com/journal/brazilian-journal-of-anesthesiology-english-edition",Elsevier Editora Ltda,00347094,51 weeks,Free (Stated on Website),Indexed,https://journalsearches.com/journal.php?title=brazilian journal of anesthesiology
"Nuclear Physics B Publisher:  Elsevier B.V. ISSN: 5503213 Journal Scope: Physics and Astronomy Country of Publisher:  Netherlands Scopus CiteScore: 5.2 Scopus Coverage: 1967-2025 H-Index:  272 SJR:  0.868 Quartile: Nuclear and High Energy Physics (Q1) Open Access: YesIndexing The nuclear physics b is indexed in:UGC CAREScopusWeb of Science (SCIE)DOAJAn indexed journal means that the journal has gone through and passed a review process of certain requirements done by a journal indexer.The Web of Science Core Collection includes the Science Citation Index Expanded (SCIE), Social Sciences Citation Index (SSCI), Arts & Humanities Citation Index (AHCI), and Emerging Sources Citation Index (ESCI).Nuclear Physics B Impact Factor 2026 The latest impact factor of nuclear physics b is 2.8 which was recently updated in June, 2025.From the recent Journal Citation Reports (JCR) releases onward, the Impact Factor is provided to all journals indexed in the Web of Science Core Collection, including SCIE, SSCI, ESCI, and AHCI.The impact factor (IF) is a measure of the frequency with which the average article in a journal has been cited in a particular year. It is used to measure the importance or rank of a journal by calculating the times it's articles are cited.Note: Every year, The Clarivate releases the Journal Citation Report (JCR). The JCR provides information about academic journals including impact factor. The latest JCR was released in June, 2025.Quartile The latest Quartile of nuclear physics b is Q1.Each subject category of journals is divided into four quartiles: Q1, Q2, Q3, Q4. Q1 is occupied by the top 25% of journals in the list; Q2 is occupied by journals in the 25 to 50% group; Q3 is occupied by journals in the 50 to 75% group and Q4 is occupied by journals in the 75 to 100% group.Publication fee Based on the Official Journal Homepage, the nuclear physics b does not charge any publication fee.An article processing charge (APC), also known as a publication fee, is a fee which is sometimes charged to authors. Most commonly, it is involved in making a work available as open access (OA), in either a full OA journal or in a hybrid journal.Journal Publication Time The Journal Publication Time means the average number of weeks between article submission and publication. According to the journal website, the nuclear physics b publishes research articles in 12 weeks on an average.Call for PapersVisit to the official website of the journal/ conference to check the details about call for papers.How to publish in Nuclear Physics B?If your research is related to Physics and Astronomy, then visit the official website of nuclear physics b and send your manuscript.Tips for publishing in Nuclear Physics B:Selection of research problem.Presenting a solution.Designing the paper.Make your manuscript publication worthy.Write an effective results section.Mind your references.Acceptance RateAcceptance rate is the ratio of the number of articles submitted to the number of articles published. Researchers can check the acceptance rate on the journal website. Alternatively, they can contact the editor of the journal.Final SummaryThe impact factor of nuclear physics b is 2.8.The nuclear physics b is a reputed research journal.It is published by Elsevier B.V..The journal is indexed in UGC CARE, Scopus, SCIE, DOAJ.It is an open access journal.The (SJR) SCImago Journal Rank is 0.868.The publication time (Average number of weeks between article submission and publication) of the journal is 12 weeks.Based on the Official Journal Homepage, the nuclear physics b does not charge any publication fee.Sources: https://www.sciencedirect.com/journal/nuclear-physics-b",Elsevier B.V.,5503213,12 weeks,Free (Stated on Website),Indexed,https://journalsearches.com/journal.php?title=nuclear physics b
"Physics Letters B Publisher:  Elsevier P-ISSN: 0370-2693 E-ISSN: 1873-2445 Language:  English Country of Publisher:  Netherlands APC: No Processing Time (Weeks):  23 Review Process:  Anonymous peer review Subjects:  Science: PhysicsIndexing The physics letters b is indexed in:UGC CAREWeb of Science (SCIE)DOAJAn indexed journal means that the journal has gone through and passed a review process of certain requirements done by a journal indexer.The Web of Science Core Collection includes the Science Citation Index Expanded (SCIE), Social Sciences Citation Index (SSCI), Arts & Humanities Citation Index (AHCI), and Emerging Sources Citation Index (ESCI).Physics Letters B Impact Factor 2026 The latest impact factor of physics letters b is 4.5 which was recently updated in June, 2025.From the recent Journal Citation Reports (JCR) releases onward, the Impact Factor is provided to all journals indexed in the Web of Science Core Collection, including SCIE, SSCI, ESCI, and AHCI.The impact factor (IF) is a measure of the frequency with which the average article in a journal has been cited in a particular year. It is used to measure the importance or rank of a journal by calculating the times it's articles are cited.Note: Every year, The Clarivate releases the Journal Citation Report (JCR). The JCR provides information about academic journals including impact factor. The latest JCR was released in June, 2025.Publication fee Based on the Official Journal Homepage, the physics letters b does not charge any publication fee.An article processing charge (APC), also known as a publication fee, is a fee which is sometimes charged to authors. Most commonly, it is involved in making a work available as open access (OA), in either a full OA journal or in a hybrid journal.Journal Publication Time The Journal Publication Time means the average number of weeks between article submission and publication. According to the journal website, the physics letters b publishes research articles in 23 weeks on an average.Call for PapersVisit to the official website of the journal/ conference to check the details about call for papers.How to publish in Physics Letters B?If your research is related to nuclear physics, particle physics, then visit the official website of physics letters b and send your manuscript.Tips for publishing in Physics Letters B:Selection of research problem.Presenting a solution.Designing the paper.Make your manuscript publication worthy.Write an effective results section.Mind your references.Acceptance RateAcceptance rate is the ratio of the number of articles submitted to the number of articles published. Researchers can check the acceptance rate on the journal website. Alternatively, they can contact the editor of the journal.Final SummaryThe impact factor of physics letters b is 4.5.The physics letters b is a reputed research journal.It is published by Elsevier.The journal is indexed in UGC CARE, SCIE, DOAJ.It is an open access journal.The publication time (Average number of weeks between article submission and publication) of the journal is 23 weeks.Based on the Official Journal Homepage, the physics letters b does not charge any publication fee.Sources: https://www.sciencedirect.com/journal/physics-letters-b",Elsevier,1873-2445,23 weeks,Free (Stated on Website),Not Indexed,https://journalsearches.com/journal.php?title=physics letters b
"Discover public health Publisher:  BioMed Central Ltd P-ISSN:  Open Access: Unpaywall Open Access Scopus Status: Active Scopus Coverage:  2024-2025Indexing The discover public health is indexed in:UGC CAREScopusWeb of Science (ESCI)DOAJAn indexed journal means that the journal has gone through and passed a review process of certain requirements done by a journal indexer.The Web of Science Core Collection includes the Science Citation Index Expanded (SCIE), Social Sciences Citation Index (SSCI), Arts & Humanities Citation Index (AHCI), and Emerging Sources Citation Index (ESCI).Note: ESCI journals donot come with an impact factor. However, ESCI journals are evaluated every year and those who qualified are transferred to SCIE.Discover Public Health Impact Factor 2026 The latest impact factor of discover public health is N/A which was recently updated in June, 2025.From the recent Journal Citation Reports (JCR) releases onward, the Impact Factor is provided to all journals indexed in the Web of Science Core Collection, including SCIE, SSCI, ESCI, and AHCI.The impact factor (IF) is a measure of the frequency with which the average article in a journal has been cited in a particular year. It is used to measure the importance or rank of a journal by calculating the times it's articles are cited.Note: Every year, The Clarivate releases the Journal Citation Report (JCR). The JCR provides information about academic journals including impact factor. The latest JCR was released in June, 2025.Publication fee Based on the Official Journal Homepage, the discover public health does not charge any publication fee.An article processing charge (APC), also known as a publication fee, is a fee which is sometimes charged to authors. Most commonly, it is involved in making a work available as open access (OA), in either a full OA journal or in a hybrid journal.Journal Publication Time The Journal Publication Time means the average number of weeks between article submission and publication. According to the journal website, the discover public health publishes research articles in 28 weeks on an average.Call for PapersVisit to the official website of the journal/ conference to check the details about call for papers.How to publish in Discover Public Health?If your research is related to the scope of the journal, then visit the official website of discover public health and send your manuscript.Tips for publishing in Discover Public Health:Selection of research problem.Presenting a solution.Designing the paper.Make your manuscript publication worthy.Write an effective results section.Mind your references.Acceptance RateAcceptance rate is the ratio of the number of articles submitted to the number of articles published. Researchers can check the acceptance rate on the journal website. Alternatively, they can contact the editor of the journal.Final SummaryThe impact factor of discover public health is N/A.The discover public health is a reputed research journal.It is published by BioMed Central Ltd.The journal is indexed in UGC CARE, Scopus, ESCI, DOAJ.It is an open access journal.The publication time (Average number of weeks between article submission and publication) of the journal is 28 weeks.Based on the Official Journal Homepage, the discover public health does not charge any publication fee.Sources: https://link.springer.com/journal/12982",BioMed Central Ltd,,28 weeks,Free (Stated on Website),Indexed,https://journalsearches.com/journal.php?title=discover public health
"Schmalenbach Journal of Business Research Publisher:  Springer Gabler ISSN: 23666153, 03412687 Journal Scope: Business, Management and Accounting; Economics, Econometrics and Finance Country of Publisher:  Germany Scopus CiteScore: 3.8 Scopus Coverage: 1976, 2016-2025 H-Index:  37 SJR:  0.524 Quartile: Business, Management and Accounting (miscellaneous) (Q2); Economics, Econometrics and Finance (miscellaneous) (Q2); Management of Technology and Innovation (Q2) Open Access: YesIndexing The schmalenbach journal of business research is indexed in:UGC CAREScopusDOAJAn indexed journal means that the journal has gone through and passed a review process of certain requirements done by a journal indexer.The Web of Science Core Collection includes the Science Citation Index Expanded (SCIE), Social Sciences Citation Index (SSCI), Arts & Humanities Citation Index (AHCI), and Emerging Sources Citation Index (ESCI).Quartile The latest Quartile of schmalenbach journal of business research is Q2.Each subject category of journals is divided into four quartiles: Q1, Q2, Q3, Q4. Q1 is occupied by the top 25% of journals in the list; Q2 is occupied by journals in the 25 to 50% group; Q3 is occupied by journals in the 50 to 75% group and Q4 is occupied by journals in the 75 to 100% group.Publication fee Based on the Official Journal Homepage, the schmalenbach journal of business research does not charge any publication fee.An article processing charge (APC), also known as a publication fee, is a fee which is sometimes charged to authors. Most commonly, it is involved in making a work available as open access (OA), in either a full OA journal or in a hybrid journal.Journal Publication Time The Journal Publication Time means the average number of weeks between article submission and publication. According to the journal website, the schmalenbach journal of business research publishes research articles in 26 weeks on an average.Call for PapersVisit to the official website of the journal/ conference to check the details about call for papers.How to publish in Schmalenbach Journal Of Business Research?If your research is related to Business, Management and Accounting; Economics, Econometrics and Finance, then visit the official website of schmalenbach journal of business research and send your manuscript.Tips for publishing in Schmalenbach Journal Of Business Research:Selection of research problem.Presenting a solution.Designing the paper.Make your manuscript publication worthy.Write an effective results section.Mind your references.Acceptance RateAcceptance rate is the ratio of the number of articles submitted to the number of articles published. Researchers can check the acceptance rate on the journal website. Alternatively, they can contact the editor of the journal.Final SummaryIt is published by Springer Gabler.The journal is indexed in UGC CARE, Scopus, DOAJ.It is an open access journal.The (SJR) SCImago Journal Rank is 0.524.The publication time (Average number of weeks between article submission and publication) of the journal is 26 weeks.Based on the Official Journal Homepage, the schmalenbach journal of business research does not charge any publication fee.Sources: https://www.springer.com/journal/41471",Springer Gabler,"23666153, 03412687",26 weeks,Free (Verified via Directory),Indexed,https://journalsearches.com/journal.php?title=schmalenbach journal of business research
"Business Research Publisher:  Springer Science and Business Media Deutschland GmbH P-ISSN: 21983402 Open Access: Unpaywall Open Access Scopus Status: Inactive Scopus Coverage:  2008-2020Indexing The business research is indexed in:The journal is discontinued by the Scopus.DOAJAn indexed journal means that the journal has gone through and passed a review process of certain requirements done by a journal indexer.The Web of Science Core Collection includes the Science Citation Index Expanded (SCIE), Social Sciences Citation Index (SSCI), Arts & Humanities Citation Index (AHCI), and Emerging Sources Citation Index (ESCI).Publication fee Based on the Official Journal Homepage, the business research does not charge any publication fee.An article processing charge (APC), also known as a publication fee, is a fee which is sometimes charged to authors. Most commonly, it is involved in making a work available as open access (OA), in either a full OA journal or in a hybrid journal.Journal Publication Time The Journal Publication Time means the average number of weeks between article submission and publication. According to the journal website, the business research publishes research articles in 13 weeks on an average.Call for PapersVisit to the official website of the journal/ conference to check the details about call for papers.How to publish in Business Research?If your research is related to the scope of the journal, then visit the official website of business research and send your manuscript.Tips for publishing in Business Research:Selection of research problem.Presenting a solution.Designing the paper.Make your manuscript publication worthy.Write an effective results section.Mind your references.Acceptance RateAcceptance rate is the ratio of the number of articles submitted to the number of articles published. Researchers can check the acceptance rate on the journal website. Alternatively, they can contact the editor of the journal.Final SummaryIt is published by Springer Science and Business Media Deutschland GmbH.The journal is indexed in , DOAJ.It is an open access journal.The publication time (Average number of weeks between article submission and publication) of the journal is 13 weeks.Based on the Official Journal Homepage, the business research does not charge any publication fee.Sources: https://www.springer.com/journal/40685",Springer Science and Business Media Deutschland GmbH,21983402,13 weeks,Free (Stated on Website),Indexed,https://journalsearches.com/journal.php?title=business research
"Business Research Quarterly Publisher:  SAGE Publishing P-ISSN:  E-ISSN: 2340-9444 Language:  English Country of Publisher:  United Kingdom APC: No Processing Time (Weeks):  10 Review Process:  Double anonymous peer review Subjects:  Social Sciences: Commerce: BusinessIndexing The business research quarterly is indexed in:DOAJABDCAn indexed journal means that the journal has gone through and passed a review process of certain requirements done by a journal indexer.The Web of Science Core Collection includes the Science Citation Index Expanded (SCIE), Social Sciences Citation Index (SSCI), Arts & Humanities Citation Index (AHCI), and Emerging Sources Citation Index (ESCI).Publication fee Based on the Official Journal Homepage, the business research quarterly does not charge any publication fee.An article processing charge (APC), also known as a publication fee, is a fee which is sometimes charged to authors. Most commonly, it is involved in making a work available as open access (OA), in either a full OA journal or in a hybrid journal.Journal Publication Time The Journal Publication Time means the average number of weeks between article submission and publication. According to the journal website, the business research quarterly publishes research articles in 10 weeks on an average.Call for PapersVisit to the official website of the journal/ conference to check the details about call for papers.How to publish in Business Research Quarterly?If your research is related to management, marketing, economics, business, finance, accounting, then visit the official website of business research quarterly and send your manuscript.Tips for publishing in Business Research Quarterly:Selection of research problem.Presenting a solution.Designing the paper.Make your manuscript publication worthy.Write an effective results section.Mind your references.Acceptance RateAcceptance rate is the ratio of the number of articles submitted to the number of articles published. Researchers can check the acceptance rate on the journal website. Alternatively, they can contact the editor of the journal.Final SummaryIt is published by SAGE Publishing.The journal is indexed in , DOAJ, ABDC.It is an open access journal.The publication time (Average number of weeks between article submission and publication) of the journal is 10 weeks.Based on the Official Journal Homepage, the business research quarterly does not charge any publication fee.Sources: https://journals.sagepub.com/home/brq",SAGE Publishing,2340-9444,10 weeks,Free (Stated on Website),Not Indexed,https://journalsearches.com/journal.php?title=business research quarterly
"Discover Geoscience Publisher:  Springer P-ISSN:  E-ISSN: 2948-1589 Language:  English Country of Publisher:  Switzerland APC: No Processing Time (Weeks):  16 Review Process:  Anonymous peer review Subjects:  Science: Geology | Science: Physics: Geophysics. Cosmic physicsIndexing The discover geoscience is indexed in:DOAJAn indexed journal means that the journal has gone through and passed a review process of certain requirements done by a journal indexer.The Web of Science Core Collection includes the Science Citation Index Expanded (SCIE), Social Sciences Citation Index (SSCI), Arts & Humanities Citation Index (AHCI), and Emerging Sources Citation Index (ESCI).Publication fee Based on the Official Journal Homepage, the discover geoscience does not charge any publication fee.An article processing charge (APC), also known as a publication fee, is a fee which is sometimes charged to authors. Most commonly, it is involved in making a work available as open access (OA), in either a full OA journal or in a hybrid journal.Journal Publication Time The Journal Publication Time means the average number of weeks between article submission and publication. According to the journal website, the discover geoscience publishes research articles in 16 weeks on an average.Call for PapersVisit to the official website of the journal/ conference to check the details about call for papers.How to publish in Discover Geoscience?If your research is related to geochemistry, geophysics, geology, geohazards, hydrology, geoheritage and geotourism, then visit the official website of discover geoscience and send your manuscript.Tips for publishing in Discover Geoscience:Selection of research problem.Presenting a solution.Designing the paper.Make your manuscript publication worthy.Write an effective results section.Mind your references.Acceptance RateAcceptance rate is the ratio of the number of articles submitted to the number of articles published. Researchers can check the acceptance rate on the journal website. Alternatively, they can contact the editor of the journal.Final SummaryIt is published by Springer.The journal is indexed in , DOAJ.It is an open access journal.The publication time (Average number of weeks between article submission and publication) of the journal is 16 weeks.Based on the Official Journal Homepage, the discover geoscience does not charge any publication fee.Sources: https://link.springer.com/journal/44288",Springer,2948-1589,16 weeks,Free (Stated on Website),Not Indexed,https://journalsearches.com/journal.php?title=discover geoscience
"Journal for Labour Market Research Publisher:   ISSN: 25105027, 25105019 Journal Scope: Business, Management and Accounting; Economics, Econometrics and Finance Country of Publisher:  Germany Scopus CiteScore: 3.1 Scopus Coverage: 2013-2025 H-Index:  30 SJR:  0.545 Quartile: Economics and Econometrics (Q2); Industrial Relations (Q2); Organizational Behavior and Human Resource Management (Q2) Open Access: YesIndexing The journal for labour market research is indexed in:UGC CAREScopusWeb of Science (ESCI)DOAJAn indexed journal means that the journal has gone through and passed a review process of certain requirements done by a journal indexer.The Web of Science Core Collection includes the Science Citation Index Expanded (SCIE), Social Sciences Citation Index (SSCI), Arts & Humanities Citation Index (AHCI), and Emerging Sources Citation Index (ESCI).Note: ESCI journals donot come with an impact factor. However, ESCI journals are evaluated every year and those who qualified are transferred to SCIE.Journal For Labour Market Research Impact Factor 2026 The latest impact factor of journal for labour market research is 1.7 which was recently updated in June, 2025.From the recent Journal Citation Reports (JCR) releases onward, the Impact Factor is provided to all journals indexed in the Web of Science Core Collection, including SCIE, SSCI, ESCI, and AHCI.The impact factor (IF) is a measure of the frequency with which the average article in a journal has been cited in a particular year. It is used to measure the importance or rank of a journal by calculating the times it's articles are cited.Note: Every year, The Clarivate releases the Journal Citation Report (JCR). The JCR provides information about academic journals including impact factor. The latest JCR was released in June, 2025.Quartile The latest Quartile of journal for labour market research is Q2.Each subject category of journals is divided into four quartiles: Q1, Q2, Q3, Q4. Q1 is occupied by the top 25% of journals in the list; Q2 is occupied by journals in the 25 to 50% group; Q3 is occupied by journals in the 50 to 75% group and Q4 is occupied by journals in the 75 to 100% group.Publication fee Based on the Official Journal Homepage, the journal for labour market research does not charge any publication fee.An article processing charge (APC), also known as a publication fee, is a fee which is sometimes charged to authors. Most commonly, it is involved in making a work available as open access (OA), in either a full OA journal or in a hybrid journal.Journal Publication Time The Journal Publication Time means the average number of weeks between article submission and publication. According to the journal website, the journal for labour market research publishes research articles in 15 weeks on an average.Call for PapersVisit to the official website of the journal/ conference to check the details about call for papers.How to publish in Journal For Labour Market Research?If your research is related to Business, Management and Accounting; Economics, Econometrics and Finance, then visit the official website of journal for labour market research and send your manuscript.Tips for publishing in Journal For Labour Market Research:Selection of research problem.Presenting a solution.Designing the paper.Make your manuscript publication worthy.Write an effective results section.Mind your references.Acceptance RateAcceptance rate is the ratio of the number of articles submitted to the number of articles published. Researchers can check the acceptance rate on the journal website. Alternatively, they can contact the editor of the journal.Final SummaryThe impact factor of journal for labour market research is 1.7.The journal for labour market research is a reputed research journal.It is published by .The journal is indexed in UGC CARE, Scopus, ESCI, DOAJ.It is an open access journal.The (SJR) SCImago Journal Rank is 0.545.The publication time (Average number of weeks between article submission and publication) of the journal is 15 weeks.Based on the Official Journal Homepage, the journal for labour market research does not charge any publication fee.Sources: http://labourmarketresearch.springeropen.com/","ISSN: 25105027, 25105019 Journal Scope: Business, Management and Accounting; Economics, Econometrics and Finance","25105027, 25105019",15 weeks,Free (Verified via Directory),Indexed,https://journalsearches.com/journal.php?title=journal for labour market research
Taiwanese Journal of Obstetrics & Gynecology,ELSEVIER TAIWAN Taiwanese Journal of Obstetrics & GynecologyE-ISSN: Publisher: Elsevier Taiwanese Journal of Obstetrics and GynecologyE-ISSN: Publisher: Elsevier Taiwan TAIWANESE JOURNAL OF MATHEMATICSE-ISSN: 2224-6851Publisher: MATHEMATICAL SOC REP CHINA Taiwanese Journal of PsychiatryE-ISSN: 2666-2078Publisher: Wolters Kluwer Medknow Publications Taiwanese Journal of Agricultural Chemistry and Food ScienceE-ISSN: Publisher: Chinese Agricultural Chemical Society Taiwanese Journal of MathematicsE-ISSN: Publisher: Mathematical Society of the Republic of China Taiwanese Political Science,Not Available,Not Available,Potential Fee,Not Indexed,https://journalsearches.com/journal.php?title=taiwanese journal of obstetrics & gynecology
"International Journal of Disaster Risk Science Publisher:  Beijing Normal University Press ISSN: 21926395, 20950055 Journal Scope: Environmental Science; Social Sciences Country of Publisher:  China Scopus CiteScore: 6.7 Scopus Coverage: 2010-2025 H-Index:  55 SJR:  0.945 Quartile: Geography, Planning and Development (Q1); Safety Research (Q1); Global and Planetary Change (Q2); Management, Monitoring, Policy and Law (Q2) Open Access: YesIndexing The international journal of disaster risk science is indexed in:UGC CAREScopusWeb of Science (SCIE)DOAJAn indexed journal means that the journal has gone through and passed a review process of certain requirements done by a journal indexer.The Web of Science Core Collection includes the Science Citation Index Expanded (SCIE), Social Sciences Citation Index (SSCI), Arts & Humanities Citation Index (AHCI), and Emerging Sources Citation Index (ESCI).International Journal Of Disaster Risk Science Impact Factor 2026 The latest impact factor of international journal of disaster risk science is 4.0 which was recently updated in June, 2025.From the recent Journal Citation Reports (JCR) releases onward, the Impact Factor is provided to all journals indexed in the Web of Science Core Collection, including SCIE, SSCI, ESCI, and AHCI.The impact factor (IF) is a measure of the frequency with which the average article in a journal has been cited in a particular year. It is used to measure the importance or rank of a journal by calculating the times it's articles are cited.Note: Every year, The Clarivate releases the Journal Citation Report (JCR). The JCR provides information about academic journals including impact factor. The latest JCR was released in June, 2025.Quartile The latest Quartile of international journal of disaster risk science is Q1.Each subject category of journals is divided into four quartiles: Q1, Q2, Q3, Q4. Q1 is occupied by the top 25% of journals in the list; Q2 is occupied by journals in the 25 to 50% group; Q3 is occupied by journals in the 50 to 75% group and Q4 is occupied by journals in the 75 to 100% group.Publication fee Based on the Official Journal Homepage, the international journal of disaster risk science does not charge any publication fee.An article processing charge (APC), also known as a publication fee, is a fee which is sometimes charged to authors. Most commonly, it is involved in making a work available as open access (OA), in either a full OA journal or in a hybrid journal.Journal Publication Time The Journal Publication Time means the average number of weeks between article submission and publication. According to the journal website, the international journal of disaster risk science publishes research articles in 13 weeks on an average.Call for PapersVisit to the official website of the journal/ conference to check the details about call for papers.How to publish in International Journal Of Disaster Risk Science?If your research is related to Environmental Science; Social Sciences, then visit the official website of international journal of disaster risk science and send your manuscript.Tips for publishing in International Journal Of Disaster Risk Science:Selection of research problem.Presenting a solution.Designing the paper.Make your manuscript publication worthy.Write an effective results section.Mind your references.Acceptance RateAcceptance rate is the ratio of the number of articles submitted to the number of articles published. Researchers can check the acceptance rate on the journal website. Alternatively, they can contact the editor of the journal.Final SummaryThe impact factor of international journal of disaster risk science is 4.0.The international journal of disaster risk science is a reputed research journal.It is published by Beijing Normal University Press.The journal is indexed in UGC CARE, Scopus, SCIE, DOAJ.It is an open access journal.The (SJR) SCImago Journal Rank is 0.945.The publication time (Average number of weeks between article submission and publication) of the journal is 13 weeks.Based on the Official Journal Homepage, the international journal of disaster risk science does not charge any publication fee.Sources: http://www.springer.com/13753",Beijing Normal University Press,"21926395, 20950055",13 weeks,Free (Verified via Directory),Indexed,https://journalsearches.com/journal.php?title=international journal of disaster risk science
"Therapeutic Advances in Rare Disease Publisher:  SAGE Publications Ltd ISSN: 26330040 Journal Scope: Medicine Country of Publisher:  United Kingdom Scopus CiteScore: 2.4 Scopus Coverage: 2020-2025 H-Index:  8 SJR:  0.545 Quartile: Internal Medicine (Q2) Open Access: YesIndexing The therapeutic advances in rare disease is indexed in:UGC CAREScopusDOAJAn indexed journal means that the journal has gone through and passed a review process of certain requirements done by a journal indexer.The Web of Science Core Collection includes the Science Citation Index Expanded (SCIE), Social Sciences Citation Index (SSCI), Arts & Humanities Citation Index (AHCI), and Emerging Sources Citation Index (ESCI).Quartile The latest Quartile of therapeutic advances in rare disease is Q2.Each subject category of journals is divided into four quartiles: Q1, Q2, Q3, Q4. Q1 is occupied by the top 25% of journals in the list; Q2 is occupied by journals in the 25 to 50% group; Q3 is occupied by journals in the 50 to 75% group and Q4 is occupied by journals in the 75 to 100% group.Publication fee Based on the Official Journal Homepage, the therapeutic advances in rare disease does not charge any publication fee.An article processing charge (APC), also known as a publication fee, is a fee which is sometimes charged to authors. Most commonly, it is involved in making a work available as open access (OA), in either a full OA journal or in a hybrid journal.Journal Publication Time The Journal Publication Time means the average number of weeks between article submission and publication. According to the journal website, the therapeutic advances in rare disease publishes research articles in 15 weeks on an average.Call for PapersVisit to the official website of the journal/ conference to check the details about call for papers.How to publish in Therapeutic Advances In Rare Disease?If your research is related to Medicine, then visit the official website of therapeutic advances in rare disease and send your manuscript.Tips for publishing in Therapeutic Advances In Rare Disease:Selection of research problem.Presenting a solution.Designing the paper.Make your manuscript publication worthy.Write an effective results section.Mind your references.Acceptance RateAcceptance rate is the ratio of the number of articles submitted to the number of articles published. Researchers can check the acceptance rate on the journal website. Alternatively, they can contact the editor of the journal.Final SummaryIt is published by SAGE Publications Ltd.The journal is indexed in UGC CARE, Scopus, DOAJ.It is an open access journal.The (SJR) SCImago Journal Rank is 0.545.The publication time (Average number of weeks between article submission and publication) of the journal is 15 weeks.Based on the Official Journal Homepage, the therapeutic advances in rare disease does not charge any publication fee.Sources: https://journals.sagepub.com/home/trd",SAGE Publications Ltd,26330040,15 weeks,Free (Stated on Website),Indexed,https://journalsearches.com/journal.php?title=therapeutic advances in rare disease
"Emerging Media Publisher:  SAGE Publishing P-ISSN: 2752-3543 E-ISSN: 2752-3551 Language:  English Country of Publisher:  United Kingdom APC: No Processing Time (Weeks):  12 Review Process:  Double anonymous peer review Subjects:  Language and Literature: Philology. Linguistics: Communication. Mass media | Technology: Technology (General): Industrial engineering. Management engineering: Information technologyIndexing The emerging media is indexed in:DOAJAn indexed journal means that the journal has gone through and passed a review process of certain requirements done by a journal indexer.The Web of Science Core Collection includes the Science Citation Index Expanded (SCIE), Social Sciences Citation Index (SSCI), Arts & Humanities Citation Index (AHCI), and Emerging Sources Citation Index (ESCI).Publication fee Based on the Official Journal Homepage, the emerging media does not charge any publication fee.An article processing charge (APC), also known as a publication fee, is a fee which is sometimes charged to authors. Most commonly, it is involved in making a work available as open access (OA), in either a full OA journal or in a hybrid journal.Journal Publication Time The Journal Publication Time means the average number of weeks between article submission and publication. According to the journal website, the emerging media publishes research articles in 12 weeks on an average.Call for PapersVisit to the official website of the journal/ conference to check the details about call for papers.How to publish in Emerging Media?If your research is related to media and technology, industry and management, society and culture, then visit the official website of emerging media and send your manuscript.Tips for publishing in Emerging Media:Selection of research problem.Presenting a solution.Designing the paper.Make your manuscript publication worthy.Write an effective results section.Mind your references.Acceptance RateAcceptance rate is the ratio of the number of articles submitted to the number of articles published. Researchers can check the acceptance rate on the journal website. Alternatively, they can contact the editor of the journal.Final SummaryIt is published by SAGE Publishing.The journal is indexed in , DOAJ.It is an open access journal.The publication time (Average number of weeks between article submission and publication) of the journal is 12 weeks.Based on the Official Journal Homepage, the emerging media does not charge any publication fee.Sources: https://journals.sagepub.com/home/EMM",SAGE Publishing,2752-3551,12 weeks,Free (Stated on Website),Not Indexed,https://journalsearches.com/journal.php?title=emerging media
"Empirical Research in Vocational Education and Training Publisher:  Springer Science + Business Media ISSN: 18776337, 18776345 Journal Scope: Social Sciences Country of Publisher:  United States Scopus CiteScore: 4.5 Scopus Coverage: 2009-2025 H-Index:  23 SJR:  0.753 Quartile: Education (Q1) Open Access: YesIndexing The empirical research in vocational education and training is indexed in:UGC CAREScopusWeb of Science (ESCI)DOAJAn indexed journal means that the journal has gone through and passed a review process of certain requirements done by a journal indexer.The Web of Science Core Collection includes the Science Citation Index Expanded (SCIE), Social Sciences Citation Index (SSCI), Arts & Humanities Citation Index (AHCI), and Emerging Sources Citation Index (ESCI).Note: ESCI journals donot come with an impact factor. However, ESCI journals are evaluated every year and those who qualified are transferred to SCIE.Empirical Research In Vocational Education And Training Impact Factor 2026 The latest impact factor of empirical research in vocational education and training is 3.1 which was recently updated in June, 2025.From the recent Journal Citation Reports (JCR) releases onward, the Impact Factor is provided to all journals indexed in the Web of Science Core Collection, including SCIE, SSCI, ESCI, and AHCI.The impact factor (IF) is a measure of the frequency with which the average article in a journal has been cited in a particular year. It is used to measure the importance or rank of a journal by calculating the times it's articles are cited.Note: Every year, The Clarivate releases the Journal Citation Report (JCR). The JCR provides information about academic journals including impact factor. The latest JCR was released in June, 2025.Quartile The latest Quartile of empirical research in vocational education and training is Q1.Each subject category of journals is divided into four quartiles: Q1, Q2, Q3, Q4. Q1 is occupied by the top 25% of journals in the list; Q2 is occupied by journals in the 25 to 50% group; Q3 is occupied by journals in the 50 to 75% group and Q4 is occupied by journals in the 75 to 100% group.Publication fee Based on the Official Journal Homepage, the empirical research in vocational education and training does not charge any publication fee.An article processing charge (APC), also known as a publication fee, is a fee which is sometimes charged to authors. Most commonly, it is involved in making a work available as open access (OA), in either a full OA journal or in a hybrid journal.Journal Publication Time The Journal Publication Time means the average number of weeks between article submission and publication. According to the journal website, the empirical research in vocational education and training publishes research articles in 13 weeks on an average.Call for PapersVisit to the official website of the journal/ conference to check the details about call for papers.How to publish in Empirical Research In Vocational Education And Training?If your research is related to Social Sciences, then visit the official website of empirical research in vocational education and training and send your manuscript.Tips for publishing in Empirical Research In Vocational Education And Training:Selection of research problem.Presenting a solution.Designing the paper.Make your manuscript publication worthy.Write an effective results section.Mind your references.Acceptance RateAcceptance rate is the ratio of the number of articles submitted to the number of articles published. Researchers can check the acceptance rate on the journal website. Alternatively, they can contact the editor of the journal.Final SummaryThe impact factor of empirical research in vocational education and training is 3.1.The empirical research in vocational education and training is a reputed research journal.It is published by Springer Science + Business Media.The journal is indexed in UGC CARE, Scopus, ESCI, DOAJ.It is an open access journal.The (SJR) SCImago Journal Rank is 0.753.The publication time (Average number of weeks between article submission and publication) of the journal is 13 weeks.Based on the Official Journal Homepage, the empirical research in vocational education and training does not charge any publication fee.Sources: http://www.ervet-journal.com/",Springer Science + Business Media,"18776337, 18776345",13 weeks,Free (Verified via Directory),Indexed,https://journalsearches.com/journal.php?title=empirical research in vocational education and training
"Large-Scale Assessments in Education Publisher:  SpringerOpen ISSN: 21960739 Journal Scope: Social Sciences Country of Publisher:  United States Scopus CiteScore: 4 Scopus Coverage: 2013-2025 H-Index:  28 SJR:  1.155 Quartile: Education (Q1) Open Access: YesIndexing The large-scale assessments in education is indexed in:UGC CAREScopusWeb of Science (ESCI)DOAJAn indexed journal means that the journal has gone through and passed a review process of certain requirements done by a journal indexer.The Web of Science Core Collection includes the Science Citation Index Expanded (SCIE), Social Sciences Citation Index (SSCI), Arts & Humanities Citation Index (AHCI), and Emerging Sources Citation Index (ESCI).Note: ESCI journals donot come with an impact factor. However, ESCI journals are evaluated every year and those who qualified are transferred to SCIE.Large-scale Assessments In Education Impact Factor 2026 The latest impact factor of large-scale assessments in education is 3.0 which was recently updated in June, 2025.From the recent Journal Citation Reports (JCR) releases onward, the Impact Factor is provided to all journals indexed in the Web of Science Core Collection, including SCIE, SSCI, ESCI, and AHCI.The impact factor (IF) is a measure of the frequency with which the average article in a journal has been cited in a particular year. It is used to measure the importance or rank of a journal by calculating the times it's articles are cited.Note: Every year, The Clarivate releases the Journal Citation Report (JCR). The JCR provides information about academic journals including impact factor. The latest JCR was released in June, 2025.Quartile The latest Quartile of large-scale assessments in education is Q1.Each subject category of journals is divided into four quartiles: Q1, Q2, Q3, Q4. Q1 is occupied by the top 25% of journals in the list; Q2 is occupied by journals in the 25 to 50% group; Q3 is occupied by journals in the 50 to 75% group and Q4 is occupied by journals in the 75 to 100% group.Publication fee Based on the Official Journal Homepage, the large-scale assessments in education does not charge any publication fee.An article processing charge (APC), also known as a publication fee, is a fee which is sometimes charged to authors. Most commonly, it is involved in making a work available as open access (OA), in either a full OA journal or in a hybrid journal.Journal Publication Time The Journal Publication Time means the average number of weeks between article submission and publication. According to the journal website, the large-scale assessments in education publishes research articles in 13 weeks on an average.Call for PapersVisit to the official website of the journal/ conference to check the details about call for papers.How to publish in Large-scale Assessments In Education?If your research is related to Social Sciences, then visit the official website of large-scale assessments in education and send your manuscript.Tips for publishing in Large-scale Assessments In Education:Selection of research problem.Presenting a solution.Designing the paper.Make your manuscript publication worthy.Write an effective results section.Mind your references.Acceptance RateAcceptance rate is the ratio of the number of articles submitted to the number of articles published. Researchers can check the acceptance rate on the journal website. Alternatively, they can contact the editor of the journal.Final SummaryThe impact factor of large-scale assessments in education is 3.0.The large-scale assessments in education is a reputed research journal.It is published by SpringerOpen.The journal is indexed in UGC CARE, Scopus, ESCI, DOAJ.It is an open access journal.The (SJR) SCImago Journal Rank is 1.155.The publication time (Average number of weeks between article submission and publication) of the journal is 13 weeks.Based on the Official Journal Homepage, the large-scale assessments in education does not charge any publication fee.Sources: http://www.largescaleassessmentsineducation.com/",SpringerOpen,21960739,13 weeks,Free (Verified via Directory),Indexed,https://journalsearches.com/journal.php?title=large-scale assessments in education
"Natural Products and Bioprospecting Publisher:  Springer Singapore ISSN: 21922209, 21922195 Journal Scope: Agricultural and Biological Sciences; Biochemistry, Genetics and Molecular Biology; Chemistry; Pharmacology, Toxicology and Pharmaceutics Country of Publisher:  Singapore Scopus CiteScore: 8.5 Scopus Coverage: 2011-2025 H-Index:  41 SJR:  1.067 Quartile: Analytical Chemistry (Q1); Food Science (Q1); Organic Chemistry (Q1); Pharmacology (Q1); Plant Science (Q1); Toxicology (Q1); Biochemistry (Q2) Open Access: YesIndexing The natural products and bioprospecting is indexed in:UGC CAREScopusWeb of Science (ESCI)DOAJPubMedAn indexed journal means that the journal has gone through and passed a review process of certain requirements done by a journal indexer.The Web of Science Core Collection includes the Science Citation Index Expanded (SCIE), Social Sciences Citation Index (SSCI), Arts & Humanities Citation Index (AHCI), and Emerging Sources Citation Index (ESCI).Note: ESCI journals donot come with an impact factor. However, ESCI journals are evaluated every year and those who qualified are transferred to SCIE.Natural Products And Bioprospecting Impact Factor 2026 The latest impact factor of natural products and bioprospecting is 4.9 which was recently updated in June, 2025.From the recent Journal Citation Reports (JCR) releases onward, the Impact Factor is provided to all journals indexed in the Web of Science Core Collection, including SCIE, SSCI, ESCI, and AHCI.The impact factor (IF) is a measure of the frequency with which the average article in a journal has been cited in a particular year. It is used to measure the importance or rank of a journal by calculating the times it's articles are cited.Note: Every year, The Clarivate releases the Journal Citation Report (JCR). The JCR provides information about academic journals including impact factor. The latest JCR was released in June, 2025.Quartile The latest Quartile of natural products and bioprospecting is Q1.Each subject category of journals is divided into four quartiles: Q1, Q2, Q3, Q4. Q1 is occupied by the top 25% of journals in the list; Q2 is occupied by journals in the 25 to 50% group; Q3 is occupied by journals in the 50 to 75% group and Q4 is occupied by journals in the 75 to 100% group.Publication fee Based on the Official Journal Homepage, the natural products and bioprospecting does not charge any publication fee.An article processing charge (APC), also known as a publication fee, is a fee which is sometimes charged to authors. Most commonly, it is involved in making a work available as open access (OA), in either a full OA journal or in a hybrid journal.Journal Publication Time The Journal Publication Time means the average number of weeks between article submission and publication. According to the journal website, the natural products and bioprospecting publishes research articles in 13 weeks on an average.Call for PapersVisit to the official website of the journal/ conference to check the details about call for papers.How to publish in Natural Products And Bioprospecting?If your research is related to Agricultural and Biological Sciences; Biochemistry, Genetics and Molecular Biology; Chemistry; Pharmacology, Toxicology and Pharmaceutics, then visit the official website of natural products and bioprospecting and send your manuscript.Tips for publishing in Natural Products And Bioprospecting:Selection of research problem.Presenting a solution.Designing the paper.Make your manuscript publication worthy.Write an effective results section.Mind your references.Acceptance RateAcceptance rate is the ratio of the number of articles submitted to the number of articles published. Researchers can check the acceptance rate on the journal website. Alternatively, they can contact the editor of the journal.Final SummaryThe impact factor of natural products and bioprospecting is 4.9.The natural products and bioprospecting is a reputed research journal.It is published by Springer Singapore.The journal is indexed in UGC CARE, Scopus, ESCI, DOAJ, PubMed.It is an open access journal.The (SJR) SCImago Journal Rank is 1.067.The publication time (Average number of weeks between article submission and publication) of the journal is 13 weeks.Based on the Official Journal Homepage, the natural products and bioprospecting does not charge any publication fee.Sources: http://www.springer.com/13659",Springer Singapore,"21922209, 21922195",13 weeks,Free (Verified via Directory),Indexed,https://journalsearches.com/journal.php?title=natural products and bioprospecting
"Revista Portuguesa de Cardiologia Publisher:  Sociedade Portuguesa de Cardiologia ISSN: 08702551, 21742030 Journal Scope: Medicine Country of Publisher:  Portugal Scopus CiteScore: 3 Scopus Coverage: 1970, 1982-2025 H-Index:  32 SJR:  0.4 Quartile: Cardiology and Cardiovascular Medicine (Q3) Open Access: YesIndexing The revista portuguesa de cardiologia is indexed in:UGC CAREScopusWeb of Science (SCIE)DOAJEmbaseAn indexed journal means that the journal has gone through and passed a review process of certain requirements done by a journal indexer.The Web of Science Core Collection includes the Science Citation Index Expanded (SCIE), Social Sciences Citation Index (SSCI), Arts & Humanities Citation Index (AHCI), and Emerging Sources Citation Index (ESCI).Revista Portuguesa De Cardiologia Impact Factor 2026 The latest impact factor of revista portuguesa de cardiologia is 1.6 which was recently updated in June, 2025.From the recent Journal Citation Reports (JCR) releases onward, the Impact Factor is provided to all journals indexed in the Web of Science Core Collection, including SCIE, SSCI, ESCI, and AHCI.The impact factor (IF) is a measure of the frequency with which the average article in a journal has been cited in a particular year. It is used to measure the importance or rank of a journal by calculating the times it's articles are cited.Note: Every year, The Clarivate releases the Journal Citation Report (JCR). The JCR provides information about academic journals including impact factor. The latest JCR was released in June, 2025.Quartile The latest Quartile of revista portuguesa de cardiologia is Q3.Each subject category of journals is divided into four quartiles: Q1, Q2, Q3, Q4. Q1 is occupied by the top 25% of journals in the list; Q2 is occupied by journals in the 25 to 50% group; Q3 is occupied by journals in the 50 to 75% group and Q4 is occupied by journals in the 75 to 100% group.Publication fee Based on the Official Journal Homepage, the revista portuguesa de cardiologia does not charge any publication fee.An article processing charge (APC), also known as a publication fee, is a fee which is sometimes charged to authors. Most commonly, it is involved in making a work available as open access (OA), in either a full OA journal or in a hybrid journal.Journal Publication Time The Journal Publication Time means the average number of weeks between article submission and publication. According to the journal website, the revista portuguesa de cardiologia publishes research articles in 36 weeks on an average.Call for PapersVisit to the official website of the journal/ conference to check the details about call for papers.How to publish in Revista Portuguesa De Cardiologia?If your research is related to Medicine, then visit the official website of revista portuguesa de cardiologia and send your manuscript.Tips for publishing in Revista Portuguesa De Cardiologia:Selection of research problem.Presenting a solution.Designing the paper.Make your manuscript publication worthy.Write an effective results section.Mind your references.Acceptance RateAcceptance rate is the ratio of the number of articles submitted to the number of articles published. Researchers can check the acceptance rate on the journal website. Alternatively, they can contact the editor of the journal.Final SummaryThe impact factor of revista portuguesa de cardiologia is 1.6.The revista portuguesa de cardiologia is a reputed research journal.It is published by Sociedade Portuguesa de Cardiologia.The journal is indexed in UGC CARE, Scopus, SCIE, DOAJ, Embase.It is an open access journal.The (SJR) SCImago Journal Rank is 0.4.The publication time (Average number of weeks between article submission and publication) of the journal is 36 weeks.Based on the Official Journal Homepage, the revista portuguesa de cardiologia does not charge any publication fee.Sources: https://www.journals.elsevier.com/revista-portuguesa-de-cardiologia/",Sociedade Portuguesa de Cardiologia,"08702551, 21742030",36 weeks,Free (Stated on Website),Indexed,https://journalsearches.com/journal.php?title=revista portuguesa de cardiologia
"International Journal of Child Care and Education Policy Publisher:  SpringerOpen ISSN: 19765681, 22886729 Journal Scope: Medicine; Nursing; Social Sciences Country of Publisher:  Singapore Scopus CiteScore: 4.5 Scopus Coverage: 2007-2025 H-Index:  25 SJR:  0.629 Quartile: Pediatrics (Q1); Sociology and Political Science (Q1); Community and Home Care (Q2); Education (Q2); Pediatrics, Perinatology and Child Health (Q2) Open Access: YesIndexing The international journal of child care and education policy is indexed in:UGC CAREScopusWeb of Science (ESCI)DOAJAn indexed journal means that the journal has gone through and passed a review process of certain requirements done by a journal indexer.The Web of Science Core Collection includes the Science Citation Index Expanded (SCIE), Social Sciences Citation Index (SSCI), Arts & Humanities Citation Index (AHCI), and Emerging Sources Citation Index (ESCI).Note: ESCI journals donot come with an impact factor. However, ESCI journals are evaluated every year and those who qualified are transferred to SCIE.International Journal Of Child Care And Education Policy Impact Factor 2026 The latest impact factor of international journal of child care and education policy is 1.8 which was recently updated in June, 2025.From the recent Journal Citation Reports (JCR) releases onward, the Impact Factor is provided to all journals indexed in the Web of Science Core Collection, including SCIE, SSCI, ESCI, and AHCI.The impact factor (IF) is a measure of the frequency with which the average article in a journal has been cited in a particular year. It is used to measure the importance or rank of a journal by calculating the times it's articles are cited.Note: Every year, The Clarivate releases the Journal Citation Report (JCR). The JCR provides information about academic journals including impact factor. The latest JCR was released in June, 2025.Quartile The latest Quartile of international journal of child care and education policy is Q1.Each subject category of journals is divided into four quartiles: Q1, Q2, Q3, Q4. Q1 is occupied by the top 25% of journals in the list; Q2 is occupied by journals in the 25 to 50% group; Q3 is occupied by journals in the 50 to 75% group and Q4 is occupied by journals in the 75 to 100% group.Publication fee Based on the Official Journal Homepage, the international journal of child care and education policy does not charge any publication fee.An article processing charge (APC), also known as a publication fee, is a fee which is sometimes charged to authors. Most commonly, it is involved in making a work available as open access (OA), in either a full OA journal or in a hybrid journal.Journal Publication Time The Journal Publication Time means the average number of weeks between article submission and publication. According to the journal website, the international journal of child care and education policy publishes research articles in 13 weeks on an average.Call for PapersVisit to the official website of the journal/ conference to check the details about call for papers.How to publish in International Journal Of Child Care And Education Policy?If your research is related to Medicine; Nursing; Social Sciences, then visit the official website of international journal of child care and education policy and send your manuscript.Tips for publishing in International Journal Of Child Care And Education Policy:Selection of research problem.Presenting a solution.Designing the paper.Make your manuscript publication worthy.Write an effective results section.Mind your references.Acceptance RateAcceptance rate is the ratio of the number of articles submitted to the number of articles published. Researchers can check the acceptance rate on the journal website. Alternatively, they can contact the editor of the journal.Final SummaryThe impact factor of international journal of child care and education policy is 1.8.The international journal of child care and education policy is a reputed research journal.It is published by SpringerOpen.The journal is indexed in UGC CARE, Scopus, ESCI, DOAJ.It is an open access journal.The (SJR) SCImago Journal Rank is 0.629.The publication time (Average number of weeks between article submission and publication) of the journal is 13 weeks.Based on the Official Journal Homepage, the international journal of child care and education policy does not charge any publication fee.Sources: http://www.ijccep.com",SpringerOpen,"19765681, 22886729",13 weeks,Free (Verified via Directory),Indexed,https://journalsearches.com/journal.php?title=international journal of child care and education policy
"International Journal of Educational Technology in Higher Education Publisher:  Springer Netherlands ISSN: 23659440 Journal Scope: Computer Science; Social Sciences Country of Publisher:  Netherlands Scopus CiteScore: 27.7 Scopus Coverage: 2016-2025 H-Index:  77 SJR:  3.912 Quartile: Computer Science Applications (Q1); Education (Q1); E-learning (Q1) Open Access: YesIndexing The international journal of educational technology in higher education is indexed in:UGC CAREScopusWeb of Science (SSCI)DOAJAn indexed journal means that the journal has gone through and passed a review process of certain requirements done by a journal indexer.The Web of Science Core Collection includes the Science Citation Index Expanded (SCIE), Social Sciences Citation Index (SSCI), Arts & Humanities Citation Index (AHCI), and Emerging Sources Citation Index (ESCI).International Journal Of Educational Technology In Higher Education Impact Factor 2026 The latest impact factor of international journal of educational technology in higher education is 16.7 which was recently updated in June, 2025.From the recent Journal Citation Reports (JCR) releases onward, the Impact Factor is provided to all journals indexed in the Web of Science Core Collection, including SCIE, SSCI, ESCI, and AHCI.The impact factor (IF) is a measure of the frequency with which the average article in a journal has been cited in a particular year. It is used to measure the importance or rank of a journal by calculating the times it's articles are cited.Note: Every year, The Clarivate releases the Journal Citation Report (JCR). The JCR provides information about academic journals including impact factor. The latest JCR was released in June, 2025.Quartile The latest Quartile of international journal of educational technology in higher education is Q1.Each subject category of journals is divided into four quartiles: Q1, Q2, Q3, Q4. Q1 is occupied by the top 25% of journals in the list; Q2 is occupied by journals in the 25 to 50% group; Q3 is occupied by journals in the 50 to 75% group and Q4 is occupied by journals in the 75 to 100% group.Publication fee Based on the Official Journal Homepage, the international journal of educational technology in higher education does not charge any publication fee.An article processing charge (APC), also known as a publication fee, is a fee which is sometimes charged to authors. Most commonly, it is involved in making a work available as open access (OA), in either a full OA journal or in a hybrid journal.Journal Publication Time The Journal Publication Time means the average number of weeks between article submission and publication. According to the journal website, the international journal of educational technology in higher education publishes research articles in 6 weeks on an average.Call for PapersVisit to the official website of the journal/ conference to check the details about call for papers.How to publish in International Journal Of Educational Technology In Higher Education?If your research is related to Computer Science; Social Sciences, then visit the official website of international journal of educational technology in higher education and send your manuscript.Tips for publishing in International Journal Of Educational Technology In Higher Education:Selection of research problem.Presenting a solution.Designing the paper.Make your manuscript publication worthy.Write an effective results section.Mind your references.Acceptance RateAcceptance rate is the ratio of the number of articles submitted to the number of articles published. Researchers can check the acceptance rate on the journal website. Alternatively, they can contact the editor of the journal.Final SummaryThe impact factor of international journal of educational technology in higher education is 16.7.The international journal of educational technology in higher education is a reputed research journal.It is published by Springer Netherlands.The journal is indexed in UGC CARE, Scopus, SSCI, DOAJ.It is an open access journal.The (SJR) SCImago Journal Rank is 3.912.The publication time (Average number of weeks between article submission and publication) of the journal is 6 weeks.Based on the Official Journal Homepage, the international journal of educational technology in higher education does not charge any publication fee.Sources: http://educationaltechnologyjournal.springeropen.com/",Springer Netherlands,23659440,6 weeks,Free (Verified via Directory),Indexed,https://journalsearches.com/journal.php?title=international journal of educational technology in higher education
"Photonic Sensors Publisher:  Springer China ISSN: 21907439, 16749251 Journal Scope: Materials Science; Physics and Astronomy Country of Publisher:  Germany Scopus CiteScore: 10.4 Scopus Coverage: 2011-2025 H-Index:  50 SJR:  0.908 Quartile: Atomic and Molecular Physics, and Optics (Q1); Electronic, Optical and Magnetic Materials (Q1) Open Access: YesIndexing The photonic sensors is indexed in:UGC CAREScopusWeb of Science (SCIE)DOAJAn indexed journal means that the journal has gone through and passed a review process of certain requirements done by a journal indexer.The Web of Science Core Collection includes the Science Citation Index Expanded (SCIE), Social Sciences Citation Index (SSCI), Arts & Humanities Citation Index (AHCI), and Emerging Sources Citation Index (ESCI).Photonic Sensors Impact Factor 2026 The latest impact factor of photonic sensors is 3.7 which was recently updated in June, 2025.From the recent Journal Citation Reports (JCR) releases onward, the Impact Factor is provided to all journals indexed in the Web of Science Core Collection, including SCIE, SSCI, ESCI, and AHCI.The impact factor (IF) is a measure of the frequency with which the average article in a journal has been cited in a particular year. It is used to measure the importance or rank of a journal by calculating the times it's articles are cited.Note: Every year, The Clarivate releases the Journal Citation Report (JCR). The JCR provides information about academic journals including impact factor. The latest JCR was released in June, 2025.Quartile The latest Quartile of photonic sensors is Q1.Each subject category of journals is divided into four quartiles: Q1, Q2, Q3, Q4. Q1 is occupied by the top 25% of journals in the list; Q2 is occupied by journals in the 25 to 50% group; Q3 is occupied by journals in the 50 to 75% group and Q4 is occupied by journals in the 75 to 100% group.Publication fee Based on the Official Journal Homepage, the photonic sensors does not charge any publication fee.An article processing charge (APC), also known as a publication fee, is a fee which is sometimes charged to authors. Most commonly, it is involved in making a work available as open access (OA), in either a full OA journal or in a hybrid journal.Journal Publication Time The Journal Publication Time means the average number of weeks between article submission and publication. According to the journal website, the photonic sensors publishes research articles in 13 weeks on an average.Call for PapersVisit to the official website of the journal/ conference to check the details about call for papers.How to publish in Photonic Sensors?If your research is related to Materials Science; Physics and Astronomy, then visit the official website of photonic sensors and send your manuscript.Tips for publishing in Photonic Sensors:Selection of research problem.Presenting a solution.Designing the paper.Make your manuscript publication worthy.Write an effective results section.Mind your references.Acceptance RateAcceptance rate is the ratio of the number of articles submitted to the number of articles published. Researchers can check the acceptance rate on the journal website. Alternatively, they can contact the editor of the journal.Final SummaryThe impact factor of photonic sensors is 3.7.The photonic sensors is a reputed research journal.It is published by Springer China.The journal is indexed in UGC CARE, Scopus, SCIE, DOAJ.It is an open access journal.The (SJR) SCImago Journal Rank is 0.908.The publication time (Average number of weeks between article submission and publication) of the journal is 13 weeks.Based on the Official Journal Homepage, the photonic sensors does not charge any publication fee.Sources: http://www.springer.com/13320",Springer China,"21907439, 16749251",13 weeks,Free (Verified via Directory),Indexed,https://journalsearches.com/journal.php?title=photonic sensors
"Progress in Orthodontics Publisher:  Springer Verlag ISSN: 17237785 Journal Scope: Dentistry Country of Publisher:  Germany Scopus CiteScore: 7.6 Scopus Coverage: 2003-2025 H-Index:  52 SJR:  1.538 Quartile: Orthodontics (Q1) Open Access: YesIndexing The progress in orthodontics is indexed in:UGC CAREScopusWeb of Science (SCIE)DOAJPubMedEmbaseAn indexed journal means that the journal has gone through and passed a review process of certain requirements done by a journal indexer.The Web of Science Core Collection includes the Science Citation Index Expanded (SCIE), Social Sciences Citation Index (SSCI), Arts & Humanities Citation Index (AHCI), and Emerging Sources Citation Index (ESCI).Progress In Orthodontics Impact Factor 2026 The latest impact factor of progress in orthodontics is 5.0 which was recently updated in June, 2025.From the recent Journal Citation Reports (JCR) releases onward, the Impact Factor is provided to all journals indexed in the Web of Science Core Collection, including SCIE, SSCI, ESCI, and AHCI.The impact factor (IF) is a measure of the frequency with which the average article in a journal has been cited in a particular year. It is used to measure the importance or rank of a journal by calculating the times it's articles are cited.Note: Every year, The Clarivate releases the Journal Citation Report (JCR). The JCR provides information about academic journals including impact factor. The latest JCR was released in June, 2025.Quartile The latest Quartile of progress in orthodontics is Q1.Each subject category of journals is divided into four quartiles: Q1, Q2, Q3, Q4. Q1 is occupied by the top 25% of journals in the list; Q2 is occupied by journals in the 25 to 50% group; Q3 is occupied by journals in the 50 to 75% group and Q4 is occupied by journals in the 75 to 100% group.Publication fee Based on the Official Journal Homepage, the progress in orthodontics does not charge any publication fee.An article processing charge (APC), also known as a publication fee, is a fee which is sometimes charged to authors. Most commonly, it is involved in making a work available as open access (OA), in either a full OA journal or in a hybrid journal.Journal Publication Time The Journal Publication Time means the average number of weeks between article submission and publication. According to the journal website, the progress in orthodontics publishes research articles in 13 weeks on an average.Call for PapersVisit to the official website of the journal/ conference to check the details about call for papers.How to publish in Progress In Orthodontics?If your research is related to Dentistry, then visit the official website of progress in orthodontics and send your manuscript.Tips for publishing in Progress In Orthodontics:Selection of research problem.Presenting a solution.Designing the paper.Make your manuscript publication worthy.Write an effective results section.Mind your references.Acceptance RateAcceptance rate is the ratio of the number of articles submitted to the number of articles published. Researchers can check the acceptance rate on the journal website. Alternatively, they can contact the editor of the journal.Final SummaryThe impact factor of progress in orthodontics is 5.0.The progress in orthodontics is a reputed research journal.It is published by Springer Verlag.The journal is indexed in UGC CARE, Scopus, SCIE, DOAJ, PubMed, Embase.It is an open access journal.The (SJR) SCImago Journal Rank is 1.538.The publication time (Average number of weeks between article submission and publication) of the journal is 13 weeks.Based on the Official Journal Homepage, the progress in orthodontics does not charge any publication fee.Sources: http://www.progressinorthodontics.com/",Springer Verlag,17237785,13 weeks,Free (Stated on Website),Indexed,https://journalsearches.com/journal.php?title=progress in orthodontics
"Financial Innovation Publisher:  SpringerOpen ISSN: 21994730 Journal Scope: Business, Management and Accounting; Economics, Econometrics and Finance Country of Publisher:  Germany Scopus CiteScore: 12.9 Scopus Coverage: 2015-2025 H-Index:  57 SJR:  1.287 Quartile: Finance (Q1); Management of Technology and Innovation (Q1) Open Access: YesIndexing The financial innovation is indexed in:UGC CAREScopusWeb of Science (SSCI)DOAJAn indexed journal means that the journal has gone through and passed a review process of certain requirements done by a journal indexer.The Web of Science Core Collection includes the Science Citation Index Expanded (SCIE), Social Sciences Citation Index (SSCI), Arts & Humanities Citation Index (AHCI), and Emerging Sources Citation Index (ESCI).Financial Innovation Impact Factor 2026 The latest impact factor of financial innovation is 7.2 which was recently updated in June, 2025.From the recent Journal Citation Reports (JCR) releases onward, the Impact Factor is provided to all journals indexed in the Web of Science Core Collection, including SCIE, SSCI, ESCI, and AHCI.The impact factor (IF) is a measure of the frequency with which the average article in a journal has been cited in a particular year. It is used to measure the importance or rank of a journal by calculating the times it's articles are cited.Note: Every year, The Clarivate releases the Journal Citation Report (JCR). The JCR provides information about academic journals including impact factor. The latest JCR was released in June, 2025.Quartile The latest Quartile of financial innovation is Q1.Each subject category of journals is divided into four quartiles: Q1, Q2, Q3, Q4. Q1 is occupied by the top 25% of journals in the list; Q2 is occupied by journals in the 25 to 50% group; Q3 is occupied by journals in the 50 to 75% group and Q4 is occupied by journals in the 75 to 100% group.Publication fee Based on the Official Journal Homepage, the financial innovation does not charge any publication fee.An article processing charge (APC), also known as a publication fee, is a fee which is sometimes charged to authors. Most commonly, it is involved in making a work available as open access (OA), in either a full OA journal or in a hybrid journal.Journal Publication Time The Journal Publication Time means the average number of weeks between article submission and publication. According to the journal website, the financial innovation publishes research articles in 5 weeks on an average.Call for PapersVisit to the official website of the journal/ conference to check the details about call for papers.How to publish in Financial Innovation?If your research is related to Business, Management and Accounting; Economics, Econometrics and Finance, then visit the official website of financial innovation and send your manuscript.Tips for publishing in Financial Innovation:Selection of research problem.Presenting a solution.Designing the paper.Make your manuscript publication worthy.Write an effective results section.Mind your references.Acceptance RateAcceptance rate is the ratio of the number of articles submitted to the number of articles published. Researchers can check the acceptance rate on the journal website. Alternatively, they can contact the editor of the journal.Final SummaryThe impact factor of financial innovation is 7.2.The financial innovation is a reputed research journal.It is published by SpringerOpen.The journal is indexed in UGC CARE, Scopus, SSCI, DOAJ.It is an open access journal.The (SJR) SCImago Journal Rank is 1.287.The publication time (Average number of weeks between article submission and publication) of the journal is 5 weeks.Based on the Official Journal Homepage, the financial innovation does not charge any publication fee.Sources: http://jfin-swufe.springeropen.com/",SpringerOpen,21994730,5 weeks,Free (Verified via Directory),Indexed,https://journalsearches.com/journal.php?title=financial innovation
"Interpreting and Society Publisher:  SAGE Publications Ltd ISSN: 27523810 Journal Scope: Social Sciences Country of Publisher:  United Kingdom Scopus CiteScore: 2.5 Scopus Coverage: 2021-2024 H-Index:  5 SJR:  0.488 Quartile: Social Sciences (miscellaneous) (Q2) Open Access: YesIndexing The interpreting and society is indexed in:UGC CAREScopusDOAJAn indexed journal means that the journal has gone through and passed a review process of certain requirements done by a journal indexer.The Web of Science Core Collection includes the Science Citation Index Expanded (SCIE), Social Sciences Citation Index (SSCI), Arts & Humanities Citation Index (AHCI), and Emerging Sources Citation Index (ESCI).Quartile The latest Quartile of interpreting and society is Q2.Each subject category of journals is divided into four quartiles: Q1, Q2, Q3, Q4. Q1 is occupied by the top 25% of journals in the list; Q2 is occupied by journals in the 25 to 50% group; Q3 is occupied by journals in the 50 to 75% group and Q4 is occupied by journals in the 75 to 100% group.Publication fee Based on the Official Journal Homepage, the interpreting and society does not charge any publication fee.An article processing charge (APC), also known as a publication fee, is a fee which is sometimes charged to authors. Most commonly, it is involved in making a work available as open access (OA), in either a full OA journal or in a hybrid journal.Journal Publication Time The Journal Publication Time means the average number of weeks between article submission and publication. According to the journal website, the interpreting and society publishes research articles in 4 weeks on an average.Call for PapersVisit to the official website of the journal/ conference to check the details about call for papers.How to publish in Interpreting And Society?If your research is related to Social Sciences, then visit the official website of interpreting and society and send your manuscript.Tips for publishing in Interpreting And Society:Selection of research problem.Presenting a solution.Designing the paper.Make your manuscript publication worthy.Write an effective results section.Mind your references.Acceptance RateAcceptance rate is the ratio of the number of articles submitted to the number of articles published. Researchers can check the acceptance rate on the journal website. Alternatively, they can contact the editor of the journal.Final SummaryIt is published by SAGE Publications Ltd.The journal is indexed in UGC CARE, Scopus, DOAJ.It is an open access journal.The (SJR) SCImago Journal Rank is 0.488.The publication time (Average number of weeks between article submission and publication) of the journal is 4 weeks.Based on the Official Journal Homepage, the interpreting and society does not charge any publication fee.Sources: https://journals.sagepub.com/home/ISY",SAGE Publications Ltd,27523810,4 weeks,Free (Stated on Website),Indexed,https://journalsearches.com/journal.php?title=interpreting and society
"Journal of Current Chinese Affairs Publisher:  SAGE Publications Inc. ISSN: 18684874, 18681026 Journal Scope: Economics, Econometrics and Finance; Social Sciences Country of Publisher:  United Kingdom Scopus CiteScore: 3.8 Scopus Coverage: 2015-2025 H-Index:  20 SJR:  0.657 Quartile: Economics, Econometrics and Finance (miscellaneous) (Q1); Political Science and International Relations (Q1); Sociology and Political Science (Q1) Open Access: YesIndexing The journal of current chinese affairs is indexed in:UGC CAREScopusDOAJAn indexed journal means that the journal has gone through and passed a review process of certain requirements done by a journal indexer.The Web of Science Core Collection includes the Science Citation Index Expanded (SCIE), Social Sciences Citation Index (SSCI), Arts & Humanities Citation Index (AHCI), and Emerging Sources Citation Index (ESCI).Quartile The latest Quartile of journal of current chinese affairs is Q1.Each subject category of journals is divided into four quartiles: Q1, Q2, Q3, Q4. Q1 is occupied by the top 25% of journals in the list; Q2 is occupied by journals in the 25 to 50% group; Q3 is occupied by journals in the 50 to 75% group and Q4 is occupied by journals in the 75 to 100% group.Publication fee Based on the Official Journal Homepage, the journal of current chinese affairs does not charge any publication fee.An article processing charge (APC), also known as a publication fee, is a fee which is sometimes charged to authors. Most commonly, it is involved in making a work available as open access (OA), in either a full OA journal or in a hybrid journal.Journal Publication Time The Journal Publication Time means the average number of weeks between article submission and publication. According to the journal website, the journal of current chinese affairs publishes research articles in 7 weeks on an average.Call for PapersVisit to the official website of the journal/ conference to check the details about call for papers.How to publish in Journal Of Current Chinese Affairs?If your research is related to Economics, Econometrics and Finance; Social Sciences, then visit the official website of journal of current chinese affairs and send your manuscript.Tips for publishing in Journal Of Current Chinese Affairs:Selection of research problem.Presenting a solution.Designing the paper.Make your manuscript publication worthy.Write an effective results section.Mind your references.Acceptance RateAcceptance rate is the ratio of the number of articles submitted to the number of articles published. Researchers can check the acceptance rate on the journal website. Alternatively, they can contact the editor of the journal.Final SummaryIt is published by SAGE Publications Inc..The journal is indexed in UGC CARE, Scopus, DOAJ.It is an open access journal.The (SJR) SCImago Journal Rank is 0.657.The publication time (Average number of weeks between article submission and publication) of the journal is 7 weeks.Based on the Official Journal Homepage, the journal of current chinese affairs does not charge any publication fee.Sources: https://journals.sagepub.com/home/cca",SAGE Publications Inc.,"18684874, 18681026",7 weeks,Free (Stated on Website),Indexed,https://journalsearches.com/journal.php?title=journal of current chinese affairs
"Therapeutic Advances in Vaccines and Immunotherapy Publisher:  SAGE Publications Ltd ISSN: 25151355, 25151363 Journal Scope: Immunology and Microbiology; Medicine; Pharmacology, Toxicology and Pharmaceutics Country of Publisher:  United Kingdom Scopus CiteScore: 5 Scopus Coverage: 2017-2025 H-Index:  17 SJR:  0.889 Quartile: Drug Discovery (Q2); Immunology (Q2); Immunology and Allergy (Q2); Oncology (Q2); Pharmacology (medical) (Q2) Open Access: YesIndexing The therapeutic advances in vaccines and immunotherapy is indexed in:UGC CAREScopusDOAJPubMedEmbaseAn indexed journal means that the journal has gone through and passed a review process of certain requirements done by a journal indexer.The Web of Science Core Collection includes the Science Citation Index Expanded (SCIE), Social Sciences Citation Index (SSCI), Arts & Humanities Citation Index (AHCI), and Emerging Sources Citation Index (ESCI).Quartile The latest Quartile of therapeutic advances in vaccines and immunotherapy is Q2.Each subject category of journals is divided into four quartiles: Q1, Q2, Q3, Q4. Q1 is occupied by the top 25% of journals in the list; Q2 is occupied by journals in the 25 to 50% group; Q3 is occupied by journals in the 50 to 75% group and Q4 is occupied by journals in the 75 to 100% group.Publication fee Based on the Official Journal Homepage, the therapeutic advances in vaccines and immunotherapy does not charge any publication fee.An article processing charge (APC), also known as a publication fee, is a fee which is sometimes charged to authors. Most commonly, it is involved in making a work available as open access (OA), in either a full OA journal or in a hybrid journal.Journal Publication Time The Journal Publication Time means the average number of weeks between article submission and publication. According to the journal website, the therapeutic advances in vaccines and immunotherapy publishes research articles in 8 weeks on an average.Call for PapersVisit to the official website of the journal/ conference to check the details about call for papers.How to publish in Therapeutic Advances In Vaccines And Immunotherapy?If your research is related to Immunology and Microbiology; Medicine; Pharmacology, Toxicology and Pharmaceutics, then visit the official website of therapeutic advances in vaccines and immunotherapy and send your manuscript.Tips for publishing in Therapeutic Advances In Vaccines And Immunotherapy:Selection of research problem.Presenting a solution.Designing the paper.Make your manuscript publication worthy.Write an effective results section.Mind your references.Acceptance RateAcceptance rate is the ratio of the number of articles submitted to the number of articles published. Researchers can check the acceptance rate on the journal website. Alternatively, they can contact the editor of the journal.Final SummaryIt is published by SAGE Publications Ltd.The journal is indexed in UGC CARE, Scopus, DOAJ, PubMed, Embase.It is an open access journal.The (SJR) SCImago Journal Rank is 0.889.The publication time (Average number of weeks between article submission and publication) of the journal is 8 weeks.Based on the Official Journal Homepage, the therapeutic advances in vaccines and immunotherapy does not charge any publication fee.Sources: https://journals.sagepub.com/home/tav",SAGE Publications Ltd,"25151355, 25151363",8 weeks,Free (Verified via Directory),Indexed,https://journalsearches.com/journal.php?title=therapeutic advances in vaccines and immunotherapy
"The Egyptian Journal of Radiology and Nuclear Medicine Publisher:  SpringerOpen P-ISSN: 0378-603X E-ISSN: 2090-4762 Language:  English Country of Publisher:  United Kingdom APC: No Processing Time (Weeks):  27 Review Process:  Double anonymous peer review Subjects:  Medicine: Medicine (General): Medical physics. Medical radiology. Nuclear medicineIndexing The the egyptian journal of radiology and nuclear medicine is indexed in:DOAJAn indexed journal means that the journal has gone through and passed a review process of certain requirements done by a journal indexer.The Web of Science Core Collection includes the Science Citation Index Expanded (SCIE), Social Sciences Citation Index (SSCI), Arts & Humanities Citation Index (AHCI), and Emerging Sources Citation Index (ESCI).Publication fee Based on the Official Journal Homepage, the the egyptian journal of radiology and nuclear medicine does not charge any publication fee.An article processing charge (APC), also known as a publication fee, is a fee which is sometimes charged to authors. Most commonly, it is involved in making a work available as open access (OA), in either a full OA journal or in a hybrid journal.Journal Publication Time The Journal Publication Time means the average number of weeks between article submission and publication. According to the journal website, the the egyptian journal of radiology and nuclear medicine publishes research articles in 27 weeks on an average.Call for PapersVisit to the official website of the journal/ conference to check the details about call for papers.How to publish in The Egyptian Journal Of Radiology And Nuclear Medicine?If your research is related to nuclear medicine, diagnostic imaging, ultrasonography, radiography, radiology, then visit the official website of the egyptian journal of radiology and nuclear medicine and send your manuscript.Tips for publishing in The Egyptian Journal Of Radiology And Nuclear Medicine:Selection of research problem.Presenting a solution.Designing the paper.Make your manuscript publication worthy.Write an effective results section.Mind your references.Acceptance RateAcceptance rate is the ratio of the number of articles submitted to the number of articles published. Researchers can check the acceptance rate on the journal website. Alternatively, they can contact the editor of the journal.Final SummaryIt is published by SpringerOpen.The journal is indexed in , DOAJ.It is an open access journal.The publication time (Average number of weeks between article submission and publication) of the journal is 27 weeks.Based on the Official Journal Homepage, the the egyptian journal of radiology and nuclear medicine does not charge any publication fee.Sources: https://ejrnm.springeropen.com",SpringerOpen,2090-4762,27 weeks,Free (Verified via Directory),Not Indexed,https://journalsearches.com/journal.php?title=the egyptian journal of radiology and nuclear medicine
"Journal of Pacific Rim Psychology Publisher:  SAGE Publications Ltd ISSN: 18344909 Journal Scope: Psychology; Social Sciences Country of Publisher:  United Kingdom Scopus CiteScore: 5.1 Scopus Coverage: 2008-2025 H-Index:  28 SJR:  0.798 Quartile: Social Sciences (miscellaneous) (Q1); Psychology (miscellaneous) (Q2) Open Access: YesIndexing The journal of pacific rim psychology is indexed in:UGC CAREScopusWeb of Science (SSCI)DOAJAn indexed journal means that the journal has gone through and passed a review process of certain requirements done by a journal indexer.The Web of Science Core Collection includes the Science Citation Index Expanded (SCIE), Social Sciences Citation Index (SSCI), Arts & Humanities Citation Index (AHCI), and Emerging Sources Citation Index (ESCI).Journal Of Pacific Rim Psychology Impact Factor 2026 The latest impact factor of journal of pacific rim psychology is 2.4 which was recently updated in June, 2025.From the recent Journal Citation Reports (JCR) releases onward, the Impact Factor is provided to all journals indexed in the Web of Science Core Collection, including SCIE, SSCI, ESCI, and AHCI.The impact factor (IF) is a measure of the frequency with which the average article in a journal has been cited in a particular year. It is used to measure the importance or rank of a journal by calculating the times it's articles are cited.Note: Every year, The Clarivate releases the Journal Citation Report (JCR). The JCR provides information about academic journals including impact factor. The latest JCR was released in June, 2025.Quartile The latest Quartile of journal of pacific rim psychology is Q1.Each subject category of journals is divided into four quartiles: Q1, Q2, Q3, Q4. Q1 is occupied by the top 25% of journals in the list; Q2 is occupied by journals in the 25 to 50% group; Q3 is occupied by journals in the 50 to 75% group and Q4 is occupied by journals in the 75 to 100% group.Publication fee Based on the Official Journal Homepage, the journal of pacific rim psychology does not charge any publication fee.An article processing charge (APC), also known as a publication fee, is a fee which is sometimes charged to authors. Most commonly, it is involved in making a work available as open access (OA), in either a full OA journal or in a hybrid journal.Journal Publication Time The Journal Publication Time means the average number of weeks between article submission and publication. According to the journal website, the journal of pacific rim psychology publishes research articles in 20 weeks on an average.Call for PapersVisit to the official website of the journal/ conference to check the details about call for papers.How to publish in Journal Of Pacific Rim Psychology?If your research is related to Psychology; Social Sciences, then visit the official website of journal of pacific rim psychology and send your manuscript.Tips for publishing in Journal Of Pacific Rim Psychology:Selection of research problem.Presenting a solution.Designing the paper.Make your manuscript publication worthy.Write an effective results section.Mind your references.Acceptance RateAcceptance rate is the ratio of the number of articles submitted to the number of articles published. Researchers can check the acceptance rate on the journal website. Alternatively, they can contact the editor of the journal.Final SummaryThe impact factor of journal of pacific rim psychology is 2.4.The journal of pacific rim psychology is a reputed research journal.It is published by SAGE Publications Ltd.The journal is indexed in UGC CARE, Scopus, SSCI, DOAJ.It is an open access journal.The (SJR) SCImago Journal Rank is 0.798.The publication time (Average number of weeks between article submission and publication) of the journal is 20 weeks.Based on the Official Journal Homepage, the journal of pacific rim psychology does not charge any publication fee.Sources: https://journals.sagepub.com/home/pac",SAGE Publications Ltd,18344909,20 weeks,Free (Stated on Website),Indexed,https://journalsearches.com/journal.php?title=journal of pacific rim psychology
"Egyptian Rheumatology and Rehabilitation Publisher:  Springer ISSN: 1110161X, 20903235 Journal Scope: Medicine Country of Publisher:  United Arab Emirates Scopus CiteScore: 1.3 Scopus Coverage: 2020-2025 H-Index:  7 SJR:  0.268 Quartile: Rehabilitation (Q3); Rheumatology (Q4) Open Access: YesIndexing The egyptian rheumatology and rehabilitation is indexed in:UGC CAREScopusWeb of Science (ESCI)DOAJAn indexed journal means that the journal has gone through and passed a review process of certain requirements done by a journal indexer.The Web of Science Core Collection includes the Science Citation Index Expanded (SCIE), Social Sciences Citation Index (SSCI), Arts & Humanities Citation Index (AHCI), and Emerging Sources Citation Index (ESCI).Note: ESCI journals donot come with an impact factor. However, ESCI journals are evaluated every year and those who qualified are transferred to SCIE.Quartile The latest Quartile of egyptian rheumatology and rehabilitation is Q3.Each subject category of journals is divided into four quartiles: Q1, Q2, Q3, Q4. Q1 is occupied by the top 25% of journals in the list; Q2 is occupied by journals in the 25 to 50% group; Q3 is occupied by journals in the 50 to 75% group and Q4 is occupied by journals in the 75 to 100% group.Publication fee Based on the Official Journal Homepage, the egyptian rheumatology and rehabilitation does not charge any publication fee.An article processing charge (APC), also known as a publication fee, is a fee which is sometimes charged to authors. Most commonly, it is involved in making a work available as open access (OA), in either a full OA journal or in a hybrid journal.Journal Publication Time The Journal Publication Time means the average number of weeks between article submission and publication. According to the journal website, the egyptian rheumatology and rehabilitation publishes research articles in 9 weeks on an average.Call for PapersVisit to the official website of the journal/ conference to check the details about call for papers.How to publish in Egyptian Rheumatology And Rehabilitation?If your research is related to Medicine, then visit the official website of egyptian rheumatology and rehabilitation and send your manuscript.Tips for publishing in Egyptian Rheumatology And Rehabilitation:Selection of research problem.Presenting a solution.Designing the paper.Make your manuscript publication worthy.Write an effective results section.Mind your references.Acceptance RateAcceptance rate is the ratio of the number of articles submitted to the number of articles published. Researchers can check the acceptance rate on the journal website. Alternatively, they can contact the editor of the journal.Final SummaryIt is published by Springer.The journal is indexed in UGC CARE, Scopus, ESCI, DOAJ.It is an open access journal.The (SJR) SCImago Journal Rank is 0.268.The publication time (Average number of weeks between article submission and publication) of the journal is 9 weeks.Based on the Official Journal Homepage, the egyptian rheumatology and rehabilitation does not charge any publication fee.Sources: https://erar.springeropen.com/",Springer,"1110161X, 20903235",9 weeks,Free (Verified via Directory),Indexed,https://journalsearches.com/journal.php?title=egyptian rheumatology and rehabilitation
"The Egyptian Journal of Neurology, Psychiatry and Neurosurgery Publisher:  SpringerOpen P-ISSN: 1110-1083 E-ISSN: 1687-8329 Language:  English Country of Publisher:  United Kingdom APC: No Processing Time (Weeks):  23 Review Process:  Double anonymous peer review Subjects:  Medicine: Internal medicine: Neurosciences. Biological psychiatry. NeuropsychiatryIndexing The the egyptian journal of neurology, psychiatry and neurosurgery is indexed in:DOAJAn indexed journal means that the journal has gone through and passed a review process of certain requirements done by a journal indexer.The Web of Science Core Collection includes the Science Citation Index Expanded (SCIE), Social Sciences Citation Index (SSCI), Arts & Humanities Citation Index (AHCI), and Emerging Sources Citation Index (ESCI).Publication fee Based on the Official Journal Homepage, the the egyptian journal of neurology, psychiatry and neurosurgery does not charge any publication fee.An article processing charge (APC), also known as a publication fee, is a fee which is sometimes charged to authors. Most commonly, it is involved in making a work available as open access (OA), in either a full OA journal or in a hybrid journal.Journal Publication Time The Journal Publication Time means the average number of weeks between article submission and publication. According to the journal website, the the egyptian journal of neurology, psychiatry and neurosurgery publishes research articles in 23 weeks on an average.Call for PapersVisit to the official website of the journal/ conference to check the details about call for papers.How to publish in The Egyptian Journal Of Neurology, Psychiatry And Neurosurgery?If your research is related to neurology, neurosurgery, psychiatry, clinical neurosciences, then visit the official website of the egyptian journal of neurology, psychiatry and neurosurgery and send your manuscript.Tips for publishing in The Egyptian Journal Of Neurology, Psychiatry And Neurosurgery:Selection of research problem.Presenting a solution.Designing the paper.Make your manuscript publication worthy.Write an effective results section.Mind your references.Acceptance RateAcceptance rate is the ratio of the number of articles submitted to the number of articles published. Researchers can check the acceptance rate on the journal website. Alternatively, they can contact the editor of the journal.Final SummaryIt is published by SpringerOpen.The journal is indexed in , DOAJ.It is an open access journal.The publication time (Average number of weeks between article submission and publication) of the journal is 23 weeks.Based on the Official Journal Homepage, the the egyptian journal of neurology, psychiatry and neurosurgery does not charge any publication fee.Sources: https://ejnpn.springeropen.com/",SpringerOpen,1687-8329,23 weeks,Free (Verified via Directory),Not Indexed,"https://journalsearches.com/journal.php?title=the egyptian journal of neurology, psychiatry and neurosurgery"
"The Egyptian Journal of Internal Medicine Publisher:  SpringerOpen P-ISSN: 1110-7782 E-ISSN: 2090-9098 Language:  English Country of Publisher:  United Kingdom APC: No Processing Time (Weeks):  9 Review Process:  Double anonymous peer review Subjects:  Medicine: Internal medicineIndexing The the egyptian journal of internal medicine is indexed in:DOAJAn indexed journal means that the journal has gone through and passed a review process of certain requirements done by a journal indexer.The Web of Science Core Collection includes the Science Citation Index Expanded (SCIE), Social Sciences Citation Index (SSCI), Arts & Humanities Citation Index (AHCI), and Emerging Sources Citation Index (ESCI).Publication fee Based on the Official Journal Homepage, the the egyptian journal of internal medicine does not charge any publication fee.An article processing charge (APC), also known as a publication fee, is a fee which is sometimes charged to authors. Most commonly, it is involved in making a work available as open access (OA), in either a full OA journal or in a hybrid journal.Journal Publication Time The Journal Publication Time means the average number of weeks between article submission and publication. According to the journal website, the the egyptian journal of internal medicine publishes research articles in 9 weeks on an average.Call for PapersVisit to the official website of the journal/ conference to check the details about call for papers.How to publish in The Egyptian Journal Of Internal Medicine?If your research is related to internal medicine, clinical medicine, then visit the official website of the egyptian journal of internal medicine and send your manuscript.Tips for publishing in The Egyptian Journal Of Internal Medicine:Selection of research problem.Presenting a solution.Designing the paper.Make your manuscript publication worthy.Write an effective results section.Mind your references.Acceptance RateAcceptance rate is the ratio of the number of articles submitted to the number of articles published. Researchers can check the acceptance rate on the journal website. Alternatively, they can contact the editor of the journal.Final SummaryIt is published by SpringerOpen.The journal is indexed in , DOAJ.It is an open access journal.The publication time (Average number of weeks between article submission and publication) of the journal is 9 weeks.Based on the Official Journal Homepage, the the egyptian journal of internal medicine does not charge any publication fee.Sources: https://ejim.springeropen.com/",SpringerOpen,2090-9098,9 weeks,Free (Verified via Directory),Not Indexed,https://journalsearches.com/journal.php?title=the egyptian journal of internal medicine
"Plasmatology Publisher:  SAGE Publications Ltd ISSN: 26348535 Journal Scope: Medicine Country of Publisher:  United Kingdom Scopus CiteScore: 0.9 Scopus Coverage: 2021-2025 H-Index:  14 SJR:  0.149 Quartile: Hematology (Q4) Open Access: YesIndexing The plasmatology is indexed in:UGC CAREScopusWeb of Science (ESCI)DOAJEmbaseAn indexed journal means that the journal has gone through and passed a review process of certain requirements done by a journal indexer.The Web of Science Core Collection includes the Science Citation Index Expanded (SCIE), Social Sciences Citation Index (SSCI), Arts & Humanities Citation Index (AHCI), and Emerging Sources Citation Index (ESCI).Note: ESCI journals donot come with an impact factor. However, ESCI journals are evaluated every year and those who qualified are transferred to SCIE.Plasmatology Impact Factor 2026 The latest impact factor of plasmatology is 0.6 which was recently updated in June, 2025.From the recent Journal Citation Reports (JCR) releases onward, the Impact Factor is provided to all journals indexed in the Web of Science Core Collection, including SCIE, SSCI, ESCI, and AHCI.The impact factor (IF) is a measure of the frequency with which the average article in a journal has been cited in a particular year. It is used to measure the importance or rank of a journal by calculating the times it's articles are cited.Note: Every year, The Clarivate releases the Journal Citation Report (JCR). The JCR provides information about academic journals including impact factor. The latest JCR was released in June, 2025.Quartile The latest Quartile of plasmatology is Q4.Each subject category of journals is divided into four quartiles: Q1, Q2, Q3, Q4. Q1 is occupied by the top 25% of journals in the list; Q2 is occupied by journals in the 25 to 50% group; Q3 is occupied by journals in the 50 to 75% group and Q4 is occupied by journals in the 75 to 100% group.Publication fee Based on the Official Journal Homepage, the plasmatology does not charge any publication fee.An article processing charge (APC), also known as a publication fee, is a fee which is sometimes charged to authors. Most commonly, it is involved in making a work available as open access (OA), in either a full OA journal or in a hybrid journal.Journal Publication Time The Journal Publication Time means the average number of weeks between article submission and publication. According to the journal website, the plasmatology publishes research articles in 25 weeks on an average.Call for PapersVisit to the official website of the journal/ conference to check the details about call for papers.How to publish in Plasmatology?If your research is related to Medicine, then visit the official website of plasmatology and send your manuscript.Tips for publishing in Plasmatology:Selection of research problem.Presenting a solution.Designing the paper.Make your manuscript publication worthy.Write an effective results section.Mind your references.Acceptance RateAcceptance rate is the ratio of the number of articles submitted to the number of articles published. Researchers can check the acceptance rate on the journal website. Alternatively, they can contact the editor of the journal.Final SummaryThe impact factor of plasmatology is 0.6.The plasmatology is a reputed research journal.It is published by SAGE Publications Ltd.The journal is indexed in UGC CARE, Scopus, ESCI, DOAJ, Embase.It is an open access journal.The (SJR) SCImago Journal Rank is 0.149.The publication time (Average number of weeks between article submission and publication) of the journal is 25 weeks.Based on the Official Journal Homepage, the plasmatology does not charge any publication fee.Sources: https://journals.sagepub.com/home/bdx",SAGE Publications Ltd,26348535,25 weeks,Free (Verified via Directory),Indexed,https://journalsearches.com/journal.php?title=plasmatology
International Journal of Coal Science & Technology,"SPRINGERNATURE International Journal of Coal Science & TechnologyE-ISSN: 2198-7823Publisher: SpringerOpen International Journal of Coal Science and TechnologyE-ISSN: 21987823Publisher: Springer International Publishing AG Journal of Coal Science and EngineeringE-ISSN: Publisher: China Coal Society Meitan Kexue Jishu/Coal Science and Technology (Peking)E-ISSN: Publisher: China Coal Society INTERNATIONAL JOURNAL OF COAL GEOLOGYE-ISSN: 1872-7840Publisher: ELSEVIER INTERNATIONAL JOURNAL OF COAL PREPARATION AND UTILIZATIONE-ISSN: 1939-2702Publisher: TAYLOR & FRANCIS INC INTERNATIONAL JOURNAL OF OIL GAS AND COAL TECHNOLOGYE-ISSN: 1753-3317Publisher: INDERSCIENCE ENTERPRISES LTD International Journal of Coal GeologyE-ISSN: Publisher: Elsevier B.V. International Journal of Coal Preparation and UtilizationE-ISSN: Publisher: Taylor and Francis International Journal of Oil, Gas and Coal TechnologyE-ISSN: 17533317Publisher: Inderscience Publishers Coal InternationalE-ISSN: Publisher: Tradelink Publication Ltd. Coal International Mining and Quarry WorldE-ISSN: Publisher: Tradelink Publication Ltd. Coal Preparation: A Multinational JournalE-ISSN: Publisher: Taylor & Francis Meitan Xuebao/Journal of the China Coal SocietyE-ISSN: Publisher: China Coal SocietyNot getting the journal you are searching for? So it most likely not indexed in Scopus, WOS, PubMed, DOAJ, UGC CARE. You might also try: Enter the correct title.Check the spelling of the wordsMake sure you have added spaces between words",Not Available,Not Available,Potential Fee,Not Indexed,https://journalsearches.com/journal.php?title=international journal of coal science & technology
"European Physical Journal C: Particles and Fields Publisher:  SpringerOpen P-ISSN: 1434-6044 E-ISSN: 1434-6052 Language:  English Country of Publisher:  Germany APC: No Processing Time (Weeks):  12 Review Process:  Anonymous peer review Subjects:  Science: Astronomy: Astrophysics | Science: Physics: Nuclear and particle physics. Atomic energy. RadioactivityIndexing The european physical journal c: particles and fields is indexed in:DOAJAn indexed journal means that the journal has gone through and passed a review process of certain requirements done by a journal indexer.The Web of Science Core Collection includes the Science Citation Index Expanded (SCIE), Social Sciences Citation Index (SSCI), Arts & Humanities Citation Index (AHCI), and Emerging Sources Citation Index (ESCI).Publication fee Based on the Official Journal Homepage, the european physical journal c: particles and fields does not charge any publication fee.An article processing charge (APC), also known as a publication fee, is a fee which is sometimes charged to authors. Most commonly, it is involved in making a work available as open access (OA), in either a full OA journal or in a hybrid journal.Journal Publication Time The Journal Publication Time means the average number of weeks between article submission and publication. According to the journal website, the european physical journal c: particles and fields publishes research articles in 12 weeks on an average.Call for PapersVisit to the official website of the journal/ conference to check the details about call for papers.How to publish in European Physical Journal C: Particles And Fields?If your research is related to elementary particle physics, high-energy physics, astroparticle physics, collider physics, quantum field theory, standard model phenomenology, then visit the official website of european physical journal c: particles and fields and send your manuscript.Tips for publishing in European Physical Journal C: Particles And Fields:Selection of research problem.Presenting a solution.Designing the paper.Make your manuscript publication worthy.Write an effective results section.Mind your references.Acceptance RateAcceptance rate is the ratio of the number of articles submitted to the number of articles published. Researchers can check the acceptance rate on the journal website. Alternatively, they can contact the editor of the journal.Final SummaryIt is published by SpringerOpen.The journal is indexed in , DOAJ.It is an open access journal.The publication time (Average number of weeks between article submission and publication) of the journal is 12 weeks.Based on the Official Journal Homepage, the european physical journal c: particles and fields does not charge any publication fee.Sources: http://www.springer.com/physics/particle+and+nuclear+physics/journal/10052",SpringerOpen,1434-6052,12 weeks,Free (Verified via Directory),Not Indexed,https://journalsearches.com/journal.php?title=european physical journal c: particles and fields
"Living Reviews in Relativity Publisher:  Springer International Publishing AG ISSN: 14338351, 23673613 Journal Scope: Physics and Astronomy Country of Publisher:  Switzerland Scopus CiteScore: 70.2 Scopus Coverage: 1998-2025 H-Index:  101 SJR:  14.562 Quartile: Physics and Astronomy (miscellaneous) (Q1) Open Access: YesIndexing The living reviews in relativity is indexed in:UGC CAREScopusWeb of Science (SCIE)DOAJAn indexed journal means that the journal has gone through and passed a review process of certain requirements done by a journal indexer.The Web of Science Core Collection includes the Science Citation Index Expanded (SCIE), Social Sciences Citation Index (SSCI), Arts & Humanities Citation Index (AHCI), and Emerging Sources Citation Index (ESCI).Living Reviews In Relativity Impact Factor 2026 The latest impact factor of living reviews in relativity is 62.5 which was recently updated in June, 2025.From the recent Journal Citation Reports (JCR) releases onward, the Impact Factor is provided to all journals indexed in the Web of Science Core Collection, including SCIE, SSCI, ESCI, and AHCI.The impact factor (IF) is a measure of the frequency with which the average article in a journal has been cited in a particular year. It is used to measure the importance or rank of a journal by calculating the times it's articles are cited.Note: Every year, The Clarivate releases the Journal Citation Report (JCR). The JCR provides information about academic journals including impact factor. The latest JCR was released in June, 2025.Quartile The latest Quartile of living reviews in relativity is Q1.Each subject category of journals is divided into four quartiles: Q1, Q2, Q3, Q4. Q1 is occupied by the top 25% of journals in the list; Q2 is occupied by journals in the 25 to 50% group; Q3 is occupied by journals in the 50 to 75% group and Q4 is occupied by journals in the 75 to 100% group.Publication fee Based on the Official Journal Homepage, the living reviews in relativity does not charge any publication fee.An article processing charge (APC), also known as a publication fee, is a fee which is sometimes charged to authors. Most commonly, it is involved in making a work available as open access (OA), in either a full OA journal or in a hybrid journal.Journal Publication Time The Journal Publication Time means the average number of weeks between article submission and publication. According to the journal website, the living reviews in relativity publishes research articles in 20 weeks on an average.Call for PapersVisit to the official website of the journal/ conference to check the details about call for papers.How to publish in Living Reviews In Relativity?If your research is related to Physics and Astronomy, then visit the official website of living reviews in relativity and send your manuscript.Tips for publishing in Living Reviews In Relativity:Selection of research problem.Presenting a solution.Designing the paper.Make your manuscript publication worthy.Write an effective results section.Mind your references.Acceptance RateAcceptance rate is the ratio of the number of articles submitted to the number of articles published. Researchers can check the acceptance rate on the journal website. Alternatively, they can contact the editor of the journal.Final SummaryThe impact factor of living reviews in relativity is 62.5.The living reviews in relativity is a reputed research journal.It is published by Springer International Publishing AG.The journal is indexed in UGC CARE, Scopus, SCIE, DOAJ.It is an open access journal.The (SJR) SCImago Journal Rank is 14.562.The publication time (Average number of weeks between article submission and publication) of the journal is 20 weeks.Based on the Official Journal Homepage, the living reviews in relativity does not charge any publication fee.Sources: http://www.springer.com/physics/theoretical%2C+mathematical+%26+computational+physics/journal/41114",Springer International Publishing AG,"14338351, 23673613",20 weeks,Free (Verified via Directory),Indexed,https://journalsearches.com/journal.php?title=living reviews in relativity
"Journal of High Energy Physics Publisher:  Springer Verlag ISSN: 10298479 Journal Scope: Physics and Astronomy Country of Publisher:  Germany Scopus CiteScore: 9.9 Scopus Coverage: 1997-2025 H-Index:  266 SJR:  0.833 Quartile: Nuclear and High Energy Physics (Q1) Open Access: YesIndexing The journal of high energy physics is indexed in:UGC CAREScopusWeb of Science (SCIE)DOAJAn indexed journal means that the journal has gone through and passed a review process of certain requirements done by a journal indexer.The Web of Science Core Collection includes the Science Citation Index Expanded (SCIE), Social Sciences Citation Index (SSCI), Arts & Humanities Citation Index (AHCI), and Emerging Sources Citation Index (ESCI).Journal Of High Energy Physics Impact Factor 2026 The latest impact factor of journal of high energy physics is 5.5 which was recently updated in June, 2025.From the recent Journal Citation Reports (JCR) releases onward, the Impact Factor is provided to all journals indexed in the Web of Science Core Collection, including SCIE, SSCI, ESCI, and AHCI.The impact factor (IF) is a measure of the frequency with which the average article in a journal has been cited in a particular year. It is used to measure the importance or rank of a journal by calculating the times it's articles are cited.Note: Every year, The Clarivate releases the Journal Citation Report (JCR). The JCR provides information about academic journals including impact factor. The latest JCR was released in June, 2025.Quartile The latest Quartile of journal of high energy physics is Q1.Each subject category of journals is divided into four quartiles: Q1, Q2, Q3, Q4. Q1 is occupied by the top 25% of journals in the list; Q2 is occupied by journals in the 25 to 50% group; Q3 is occupied by journals in the 50 to 75% group and Q4 is occupied by journals in the 75 to 100% group.Publication fee Based on the Official Journal Homepage, the journal of high energy physics does not charge any publication fee.An article processing charge (APC), also known as a publication fee, is a fee which is sometimes charged to authors. Most commonly, it is involved in making a work available as open access (OA), in either a full OA journal or in a hybrid journal.Journal Publication Time The Journal Publication Time means the average number of weeks between article submission and publication. According to the journal website, the journal of high energy physics publishes research articles in 12 weeks on an average.Call for PapersVisit to the official website of the journal/ conference to check the details about call for papers.How to publish in Journal Of High Energy Physics?If your research is related to Physics and Astronomy, then visit the official website of journal of high energy physics and send your manuscript.Tips for publishing in Journal Of High Energy Physics:Selection of research problem.Presenting a solution.Designing the paper.Make your manuscript publication worthy.Write an effective results section.Mind your references.Acceptance RateAcceptance rate is the ratio of the number of articles submitted to the number of articles published. Researchers can check the acceptance rate on the journal website. Alternatively, they can contact the editor of the journal.Final SummaryThe impact factor of journal of high energy physics is 5.5.The journal of high energy physics is a reputed research journal.It is published by Springer Verlag.The journal is indexed in UGC CARE, Scopus, SCIE, DOAJ.It is an open access journal.The (SJR) SCImago Journal Rank is 0.833.The publication time (Average number of weeks between article submission and publication) of the journal is 12 weeks.Based on the Official Journal Homepage, the journal of high energy physics does not charge any publication fee.Sources: http://www.springer.com/physics/particle+and+nuclear+physics/journal/13130",Springer Verlag,10298479,12 weeks,Free (Verified via Directory),Indexed,https://journalsearches.com/journal.php?title=journal of high energy physics
"Journal of Indian Orthodontic Society Publisher:  Indian Orthodontic Society ISSN: 0301-5742 E-ISSN: 0974-9098 Current UGC CARE Status: UGC CARE Approved UGC Coverage:  from June - 2019  to  PresentIndexing The journal of indian orthodontic society is indexed in:UGC CAREDOAJAn indexed journal means that the journal has gone through and passed a review process of certain requirements done by a journal indexer.The Web of Science Core Collection includes the Science Citation Index Expanded (SCIE), Social Sciences Citation Index (SSCI), Arts & Humanities Citation Index (AHCI), and Emerging Sources Citation Index (ESCI).Publication fee Based on the Official Journal Homepage, the journal of indian orthodontic society does not charge any publication fee.An article processing charge (APC), also known as a publication fee, is a fee which is sometimes charged to authors. Most commonly, it is involved in making a work available as open access (OA), in either a full OA journal or in a hybrid journal.Journal Publication Time The Journal Publication Time means the average number of weeks between article submission and publication. According to the journal website, the journal of indian orthodontic society publishes research articles in 10 weeks on an average.Call for PapersVisit to the official website of the journal/ conference to check the details about call for papers.How to publish in Journal Of Indian Orthodontic Society?If your research is related to the scope of the journal, then visit the official website of journal of indian orthodontic society and send your manuscript.Tips for publishing in Journal Of Indian Orthodontic Society:Selection of research problem.Presenting a solution.Designing the paper.Make your manuscript publication worthy.Write an effective results section.Mind your references.Acceptance RateAcceptance rate is the ratio of the number of articles submitted to the number of articles published. Researchers can check the acceptance rate on the journal website. Alternatively, they can contact the editor of the journal.Final SummaryIt is published by Indian Orthodontic Society.The journal is indexed in UGC CARE, DOAJ.It is an open access journal.The publication time (Average number of weeks between article submission and publication) of the journal is 10 weeks.Based on the Official Journal Homepage, the journal of indian orthodontic society does not charge any publication fee.Sources: https://journals.sagepub.com/home/jio",Indian Orthodontic Society,0974-9098,10 weeks,Free (Stated on Website),Not Indexed,https://journalsearches.com/journal.php?title=journal of indian orthodontic society
"Urban Rail Transit Publisher:  Springer Science and Business Media Deutschland GmbH ISSN: 21996679, 21996687 Journal Scope: Engineering; Social Sciences Country of Publisher:  Germany Scopus CiteScore: 3.6 Scopus Coverage: 2015-2025 H-Index:  25 SJR:  0.512 Quartile: Automotive Engineering (Q2); Civil and Structural Engineering (Q2); Electrical and Electronic Engineering (Q2); Geography, Planning and Development (Q2); Urban Studies (Q2); Transportation (Q3) Open Access: YesIndexing The urban rail transit is indexed in:UGC CAREScopusWeb of Science (ESCI)DOAJAn indexed journal means that the journal has gone through and passed a review process of certain requirements done by a journal indexer.The Web of Science Core Collection includes the Science Citation Index Expanded (SCIE), Social Sciences Citation Index (SSCI), Arts & Humanities Citation Index (AHCI), and Emerging Sources Citation Index (ESCI).Note: ESCI journals donot come with an impact factor. However, ESCI journals are evaluated every year and those who qualified are transferred to SCIE.Urban Rail Transit Impact Factor 2026 The latest impact factor of urban rail transit is 2.9 which was recently updated in June, 2025.From the recent Journal Citation Reports (JCR) releases onward, the Impact Factor is provided to all journals indexed in the Web of Science Core Collection, including SCIE, SSCI, ESCI, and AHCI.The impact factor (IF) is a measure of the frequency with which the average article in a journal has been cited in a particular year. It is used to measure the importance or rank of a journal by calculating the times it's articles are cited.Note: Every year, The Clarivate releases the Journal Citation Report (JCR). The JCR provides information about academic journals including impact factor. The latest JCR was released in June, 2025.Quartile The latest Quartile of urban rail transit is Q2.Each subject category of journals is divided into four quartiles: Q1, Q2, Q3, Q4. Q1 is occupied by the top 25% of journals in the list; Q2 is occupied by journals in the 25 to 50% group; Q3 is occupied by journals in the 50 to 75% group and Q4 is occupied by journals in the 75 to 100% group.Publication fee Based on the Official Journal Homepage, the urban rail transit does not charge any publication fee.An article processing charge (APC), also known as a publication fee, is a fee which is sometimes charged to authors. Most commonly, it is involved in making a work available as open access (OA), in either a full OA journal or in a hybrid journal.Journal Publication Time The Journal Publication Time means the average number of weeks between article submission and publication. According to the journal website, the urban rail transit publishes research articles in 5 weeks on an average.Call for PapersVisit to the official website of the journal/ conference to check the details about call for papers.How to publish in Urban Rail Transit?If your research is related to Engineering; Social Sciences, then visit the official website of urban rail transit and send your manuscript.Tips for publishing in Urban Rail Transit:Selection of research problem.Presenting a solution.Designing the paper.Make your manuscript publication worthy.Write an effective results section.Mind your references.Acceptance RateAcceptance rate is the ratio of the number of articles submitted to the number of articles published. Researchers can check the acceptance rate on the journal website. Alternatively, they can contact the editor of the journal.Final SummaryThe impact factor of urban rail transit is 2.9.The urban rail transit is a reputed research journal.It is published by Springer Science and Business Media Deutschland GmbH.The journal is indexed in UGC CARE, Scopus, ESCI, DOAJ.It is an open access journal.The (SJR) SCImago Journal Rank is 0.512.The publication time (Average number of weeks between article submission and publication) of the journal is 5 weeks.Based on the Official Journal Homepage, the urban rail transit does not charge any publication fee.Sources: http://www.springer.com/engineering/mechanical+engineering/journal/40864",Springer Science and Business Media Deutschland GmbH,"21996679, 21996687",5 weeks,Free (Verified via Directory),Indexed,https://journalsearches.com/journal.php?title=urban rail transit
"Advances in Bridge Engineering Publisher:  Springer ISSN: 26625407 Journal Scope: Engineering Country of Publisher:  Singapore Scopus CiteScore: 4.1 Scopus Coverage: 2020-2025 H-Index:  15 SJR:  0.72 Quartile: Civil and Structural Engineering (Q1) Open Access: YesIndexing The advances in bridge engineering is indexed in:UGC CAREScopusDOAJAn indexed journal means that the journal has gone through and passed a review process of certain requirements done by a journal indexer.The Web of Science Core Collection includes the Science Citation Index Expanded (SCIE), Social Sciences Citation Index (SSCI), Arts & Humanities Citation Index (AHCI), and Emerging Sources Citation Index (ESCI).Advances In Bridge Engineering Impact Factor 2026 The latest impact factor of advances in bridge engineering is 2.1 which was recently updated in June, 2025.From the recent Journal Citation Reports (JCR) releases onward, the Impact Factor is provided to all journals indexed in the Web of Science Core Collection, including SCIE, SSCI, ESCI, and AHCI.The impact factor (IF) is a measure of the frequency with which the average article in a journal has been cited in a particular year. It is used to measure the importance or rank of a journal by calculating the times it's articles are cited.Note: Every year, The Clarivate releases the Journal Citation Report (JCR). The JCR provides information about academic journals including impact factor. The latest JCR was released in June, 2025.Quartile The latest Quartile of advances in bridge engineering is Q1.Each subject category of journals is divided into four quartiles: Q1, Q2, Q3, Q4. Q1 is occupied by the top 25% of journals in the list; Q2 is occupied by journals in the 25 to 50% group; Q3 is occupied by journals in the 50 to 75% group and Q4 is occupied by journals in the 75 to 100% group.Publication fee Based on the Official Journal Homepage, the advances in bridge engineering does not charge any publication fee.An article processing charge (APC), also known as a publication fee, is a fee which is sometimes charged to authors. Most commonly, it is involved in making a work available as open access (OA), in either a full OA journal or in a hybrid journal.Journal Publication Time The Journal Publication Time means the average number of weeks between article submission and publication. According to the journal website, the advances in bridge engineering publishes research articles in 4 weeks on an average.Call for PapersVisit to the official website of the journal/ conference to check the details about call for papers.How to publish in Advances In Bridge Engineering?If your research is related to Engineering, then visit the official website of advances in bridge engineering and send your manuscript.Tips for publishing in Advances In Bridge Engineering:Selection of research problem.Presenting a solution.Designing the paper.Make your manuscript publication worthy.Write an effective results section.Mind your references.Acceptance RateAcceptance rate is the ratio of the number of articles submitted to the number of articles published. Researchers can check the acceptance rate on the journal website. Alternatively, they can contact the editor of the journal.Final SummaryThe impact factor of advances in bridge engineering is 2.1.The advances in bridge engineering is a reputed research journal.It is published by Springer.The journal is indexed in UGC CARE, Scopus, DOAJ.It is an open access journal.The (SJR) SCImago Journal Rank is 0.72.The publication time (Average number of weeks between article submission and publication) of the journal is 4 weeks.Based on the Official Journal Homepage, the advances in bridge engineering does not charge any publication fee.Sources: https://aben.springeropen.com/",Springer,26625407,4 weeks,Free (Verified via Directory),Indexed,https://journalsearches.com/journal.php?title=advances in bridge engineering
"Discover Electronics Publisher:  Springer P-ISSN:  E-ISSN: 2948-1600 Language:  English Country of Publisher:  Switzerland APC: No Processing Time (Weeks):  8 Review Process:  Anonymous peer review Subjects:  Technology: Electrical engineering. Electronics. Nuclear engineering | Science: MathematicsIndexing The discover electronics is indexed in:DOAJAn indexed journal means that the journal has gone through and passed a review process of certain requirements done by a journal indexer.The Web of Science Core Collection includes the Science Citation Index Expanded (SCIE), Social Sciences Citation Index (SSCI), Arts & Humanities Citation Index (AHCI), and Emerging Sources Citation Index (ESCI).Publication fee Based on the Official Journal Homepage, the discover electronics does not charge any publication fee.An article processing charge (APC), also known as a publication fee, is a fee which is sometimes charged to authors. Most commonly, it is involved in making a work available as open access (OA), in either a full OA journal or in a hybrid journal.Journal Publication Time The Journal Publication Time means the average number of weeks between article submission and publication. According to the journal website, the discover electronics publishes research articles in 8 weeks on an average.Call for PapersVisit to the official website of the journal/ conference to check the details about call for papers.How to publish in Discover Electronics?If your research is related to electronics, electrical engineering, electronic materials, electronics circuits, electronics devices, systems engineering, then visit the official website of discover electronics and send your manuscript.Tips for publishing in Discover Electronics:Selection of research problem.Presenting a solution.Designing the paper.Make your manuscript publication worthy.Write an effective results section.Mind your references.Acceptance RateAcceptance rate is the ratio of the number of articles submitted to the number of articles published. Researchers can check the acceptance rate on the journal website. Alternatively, they can contact the editor of the journal.Final SummaryIt is published by Springer.The journal is indexed in , DOAJ.It is an open access journal.The publication time (Average number of weeks between article submission and publication) of the journal is 8 weeks.Based on the Official Journal Homepage, the discover electronics does not charge any publication fee.Sources: https://link.springer.com/journal/44291",Springer,2948-1600,8 weeks,Free (Stated on Website),Not Indexed,https://journalsearches.com/journal.php?title=discover electronics
"Africa Spectrum Publisher:  Institut fur Afrika-Kunde ISSN: 20397 Journal Scope: Social Sciences Country of Publisher:  Germany Scopus CiteScore: 3.1 Scopus Coverage: 1983-1984, 2006-2025 H-Index:  31 SJR:  0.912 Quartile: Cultural Studies (Q1); Development (Q1); Political Science and International Relations (Q1); Sociology and Political Science (Q1) Open Access: YesIndexing The africa spectrum is indexed in:UGC CAREScopusWeb of Science (SSCI)DOAJAn indexed journal means that the journal has gone through and passed a review process of certain requirements done by a journal indexer.The Web of Science Core Collection includes the Science Citation Index Expanded (SCIE), Social Sciences Citation Index (SSCI), Arts & Humanities Citation Index (AHCI), and Emerging Sources Citation Index (ESCI).Africa Spectrum Impact Factor 2026 The latest impact factor of africa spectrum is 2.2 which was recently updated in June, 2025.From the recent Journal Citation Reports (JCR) releases onward, the Impact Factor is provided to all journals indexed in the Web of Science Core Collection, including SCIE, SSCI, ESCI, and AHCI.The impact factor (IF) is a measure of the frequency with which the average article in a journal has been cited in a particular year. It is used to measure the importance or rank of a journal by calculating the times it's articles are cited.Note: Every year, The Clarivate releases the Journal Citation Report (JCR). The JCR provides information about academic journals including impact factor. The latest JCR was released in June, 2025.Quartile The latest Quartile of africa spectrum is Q1.Each subject category of journals is divided into four quartiles: Q1, Q2, Q3, Q4. Q1 is occupied by the top 25% of journals in the list; Q2 is occupied by journals in the 25 to 50% group; Q3 is occupied by journals in the 50 to 75% group and Q4 is occupied by journals in the 75 to 100% group.Publication fee Based on the Official Journal Homepage, the africa spectrum does not charge any publication fee.An article processing charge (APC), also known as a publication fee, is a fee which is sometimes charged to authors. Most commonly, it is involved in making a work available as open access (OA), in either a full OA journal or in a hybrid journal.Journal Publication Time The Journal Publication Time means the average number of weeks between article submission and publication. According to the journal website, the africa spectrum publishes research articles in 6 weeks on an average.Call for PapersVisit to the official website of the journal/ conference to check the details about call for papers.How to publish in Africa Spectrum?If your research is related to Social Sciences, then visit the official website of africa spectrum and send your manuscript.Tips for publishing in Africa Spectrum:Selection of research problem.Presenting a solution.Designing the paper.Make your manuscript publication worthy.Write an effective results section.Mind your references.Acceptance RateAcceptance rate is the ratio of the number of articles submitted to the number of articles published. Researchers can check the acceptance rate on the journal website. Alternatively, they can contact the editor of the journal.Final SummaryThe impact factor of africa spectrum is 2.2.The africa spectrum is a reputed research journal.It is published by Institut fur Afrika-Kunde.The journal is indexed in UGC CARE, Scopus, SSCI, DOAJ.It is an open access journal.The (SJR) SCImago Journal Rank is 0.912.The publication time (Average number of weeks between article submission and publication) of the journal is 6 weeks.Based on the Official Journal Homepage, the africa spectrum does not charge any publication fee.Sources: https://journals.sagepub.com/home/afr",Institut fur Afrika-Kunde,20397,6 weeks,Free (Stated on Website),Indexed,https://journalsearches.com/journal.php?title=africa spectrum
"Marine Development Publisher:  Springer P-ISSN:  E-ISSN: 3004-832X Language:  English Country of Publisher:  Singapore APC: No Processing Time (Weeks):  16 Review Process:  Double anonymous peer review Subjects:  Geography. Anthropology. Recreation: Oceanography | Geography. Anthropology. Recreation: Environmental sciences | Naval Science: Naval architecture. Shipbuilding. Marine engineeringIndexing The marine development is indexed in:DOAJAn indexed journal means that the journal has gone through and passed a review process of certain requirements done by a journal indexer.The Web of Science Core Collection includes the Science Citation Index Expanded (SCIE), Social Sciences Citation Index (SSCI), Arts & Humanities Citation Index (AHCI), and Emerging Sources Citation Index (ESCI).Publication fee Based on the Official Journal Homepage, the marine development does not charge any publication fee.An article processing charge (APC), also known as a publication fee, is a fee which is sometimes charged to authors. Most commonly, it is involved in making a work available as open access (OA), in either a full OA journal or in a hybrid journal.Journal Publication Time The Journal Publication Time means the average number of weeks between article submission and publication. According to the journal website, the marine development publishes research articles in 16 weeks on an average.Call for PapersVisit to the official website of the journal/ conference to check the details about call for papers.How to publish in Marine Development?If your research is related to environmental sciences, environmental studies, energy fuels, marine freshwater biology, economics, marine engineering, then visit the official website of marine development and send your manuscript.Tips for publishing in Marine Development:Selection of research problem.Presenting a solution.Designing the paper.Make your manuscript publication worthy.Write an effective results section.Mind your references.Acceptance RateAcceptance rate is the ratio of the number of articles submitted to the number of articles published. Researchers can check the acceptance rate on the journal website. Alternatively, they can contact the editor of the journal.Final SummaryIt is published by Springer.The journal is indexed in , DOAJ.It is an open access journal.The publication time (Average number of weeks between article submission and publication) of the journal is 16 weeks.Based on the Official Journal Homepage, the marine development does not charge any publication fee.Sources: https://link.springer.com/journal/44312",Springer,3004-832X,16 weeks,Free (Stated on Website),Not Indexed,https://journalsearches.com/journal.php?title=marine development
"Discover Oceans Publisher:  Springer P-ISSN:  E-ISSN: 2948-1562 Language:  English Country of Publisher:  Switzerland APC: No Processing Time (Weeks):  15 Review Process:  Anonymous peer review Subjects:  Geography. Anthropology. Recreation: OceanographyIndexing The discover oceans is indexed in:DOAJAn indexed journal means that the journal has gone through and passed a review process of certain requirements done by a journal indexer.The Web of Science Core Collection includes the Science Citation Index Expanded (SCIE), Social Sciences Citation Index (SSCI), Arts & Humanities Citation Index (AHCI), and Emerging Sources Citation Index (ESCI).Publication fee Based on the Official Journal Homepage, the discover oceans does not charge any publication fee.An article processing charge (APC), also known as a publication fee, is a fee which is sometimes charged to authors. Most commonly, it is involved in making a work available as open access (OA), in either a full OA journal or in a hybrid journal.Journal Publication Time The Journal Publication Time means the average number of weeks between article submission and publication. According to the journal website, the discover oceans publishes research articles in 15 weeks on an average.Call for PapersVisit to the official website of the journal/ conference to check the details about call for papers.How to publish in Discover Oceans?If your research is related to marine ecology, oceanography, coastal management, blue economy, marine conservation, corals, then visit the official website of discover oceans and send your manuscript.Tips for publishing in Discover Oceans:Selection of research problem.Presenting a solution.Designing the paper.Make your manuscript publication worthy.Write an effective results section.Mind your references.Acceptance RateAcceptance rate is the ratio of the number of articles submitted to the number of articles published. Researchers can check the acceptance rate on the journal website. Alternatively, they can contact the editor of the journal.Final SummaryIt is published by Springer.The journal is indexed in , DOAJ.It is an open access journal.The publication time (Average number of weeks between article submission and publication) of the journal is 15 weeks.Based on the Official Journal Homepage, the discover oceans does not charge any publication fee.Sources: https://link.springer.com/journal/44289",Springer,2948-1562,15 weeks,Free (Stated on Website),Not Indexed,https://journalsearches.com/journal.php?title=discover oceans
"Egyptian Journal of Critical Care Medicine Publisher:  Springer P-ISSN: 2090-7303 E-ISSN: 2090-9209 Language:  English Country of Publisher:  Germany APC: No Processing Time (Weeks):  42 Review Process:  Double anonymous peer review Subjects:  Medicine: Internal medicine: Medical emergencies. Critical care. Intensive care. First aidIndexing The egyptian journal of critical care medicine is indexed in:UGC CAREWeb of Science (ESCI)DOAJEmbaseAn indexed journal means that the journal has gone through and passed a review process of certain requirements done by a journal indexer.The Web of Science Core Collection includes the Science Citation Index Expanded (SCIE), Social Sciences Citation Index (SSCI), Arts & Humanities Citation Index (AHCI), and Emerging Sources Citation Index (ESCI).Note: ESCI journals donot come with an impact factor. However, ESCI journals are evaluated every year and those who qualified are transferred to SCIE.Egyptian Journal Of Critical Care Medicine Impact Factor 2026 The latest impact factor of egyptian journal of critical care medicine is 0.3 which was recently updated in June, 2025.From the recent Journal Citation Reports (JCR) releases onward, the Impact Factor is provided to all journals indexed in the Web of Science Core Collection, including SCIE, SSCI, ESCI, and AHCI.The impact factor (IF) is a measure of the frequency with which the average article in a journal has been cited in a particular year. It is used to measure the importance or rank of a journal by calculating the times it's articles are cited.Note: Every year, The Clarivate releases the Journal Citation Report (JCR). The JCR provides information about academic journals including impact factor. The latest JCR was released in June, 2025.Publication fee Based on the Official Journal Homepage, the egyptian journal of critical care medicine does not charge any publication fee.An article processing charge (APC), also known as a publication fee, is a fee which is sometimes charged to authors. Most commonly, it is involved in making a work available as open access (OA), in either a full OA journal or in a hybrid journal.Journal Publication Time The Journal Publication Time means the average number of weeks between article submission and publication. According to the journal website, the egyptian journal of critical care medicine publishes research articles in 42 weeks on an average.Call for PapersVisit to the official website of the journal/ conference to check the details about call for papers.How to publish in Egyptian Journal Of Critical Care Medicine?If your research is related to intensive care medicine, post-operative care, cardiac care, pulmonary care, neuro care, renal care, then visit the official website of egyptian journal of critical care medicine and send your manuscript.Tips for publishing in Egyptian Journal Of Critical Care Medicine:Selection of research problem.Presenting a solution.Designing the paper.Make your manuscript publication worthy.Write an effective results section.Mind your references.Acceptance RateAcceptance rate is the ratio of the number of articles submitted to the number of articles published. Researchers can check the acceptance rate on the journal website. Alternatively, they can contact the editor of the journal.Final SummaryThe impact factor of egyptian journal of critical care medicine is 0.3.The egyptian journal of critical care medicine is a reputed research journal.It is published by Springer.The journal is indexed in UGC CARE, ESCI, DOAJ, Embase.It is an open access journal.The publication time (Average number of weeks between article submission and publication) of the journal is 42 weeks.Based on the Official Journal Homepage, the egyptian journal of critical care medicine does not charge any publication fee.Sources: https://link.springer.com/journal/44349",Springer,2090-9209,42 weeks,Free (Stated on Website),Not Indexed,https://journalsearches.com/journal.php?title=egyptian journal of critical care medicine
"Discover Chemistry Publisher:  Springer P-ISSN:  E-ISSN: 3005-1193 Language:  English Country of Publisher:  Singapore APC: No Processing Time (Weeks):  25 Review Process:  Anonymous peer review Subjects:  Science: ChemistryIndexing The discover chemistry is indexed in:DOAJAn indexed journal means that the journal has gone through and passed a review process of certain requirements done by a journal indexer.The Web of Science Core Collection includes the Science Citation Index Expanded (SCIE), Social Sciences Citation Index (SSCI), Arts & Humanities Citation Index (AHCI), and Emerging Sources Citation Index (ESCI).Publication fee Based on the Official Journal Homepage, the discover chemistry does not charge any publication fee.An article processing charge (APC), also known as a publication fee, is a fee which is sometimes charged to authors. Most commonly, it is involved in making a work available as open access (OA), in either a full OA journal or in a hybrid journal.Journal Publication Time The Journal Publication Time means the average number of weeks between article submission and publication. According to the journal website, the discover chemistry publishes research articles in 25 weeks on an average.Call for PapersVisit to the official website of the journal/ conference to check the details about call for papers.How to publish in Discover Chemistry?If your research is related to inorganic chemistry, organic chemistry, physical chemistry, theoretical chemistry, computational chemistry, then visit the official website of discover chemistry and send your manuscript.Tips for publishing in Discover Chemistry:Selection of research problem.Presenting a solution.Designing the paper.Make your manuscript publication worthy.Write an effective results section.Mind your references.Acceptance RateAcceptance rate is the ratio of the number of articles submitted to the number of articles published. Researchers can check the acceptance rate on the journal website. Alternatively, they can contact the editor of the journal.Final SummaryIt is published by Springer.The journal is indexed in , DOAJ.It is an open access journal.The publication time (Average number of weeks between article submission and publication) of the journal is 25 weeks.Based on the Official Journal Homepage, the discover chemistry does not charge any publication fee.Sources: https://link.springer.com/journal/44371",Springer,3005-1193,25 weeks,Free (Stated on Website),Not Indexed,https://journalsearches.com/journal.php?title=discover chemistry
"Perspectives of Earth and Space Scientists Publisher:  Wiley P-ISSN:  E-ISSN: 2637-6989 Language:  English Country of Publisher:  United States APC: No Processing Time (Weeks):  20 Review Process:  Anonymous peer review Subjects:  Science: Astronomy | Science: Geology | Language and Literature: Philology. LinguisticsIndexing The perspectives of earth and space scientists is indexed in:DOAJAn indexed journal means that the journal has gone through and passed a review process of certain requirements done by a journal indexer.The Web of Science Core Collection includes the Science Citation Index Expanded (SCIE), Social Sciences Citation Index (SSCI), Arts & Humanities Citation Index (AHCI), and Emerging Sources Citation Index (ESCI).Publication fee Based on the Official Journal Homepage, the perspectives of earth and space scientists does not charge any publication fee.An article processing charge (APC), also known as a publication fee, is a fee which is sometimes charged to authors. Most commonly, it is involved in making a work available as open access (OA), in either a full OA journal or in a hybrid journal.Journal Publication Time The Journal Publication Time means the average number of weeks between article submission and publication. According to the journal website, the perspectives of earth and space scientists publishes research articles in 20 weeks on an average.Call for PapersVisit to the official website of the journal/ conference to check the details about call for papers.How to publish in Perspectives Of Earth And Space Scientists?If your research is related to collection of articles, collection of essays, collection of debates, collection of important scientific discoveries, advances in the earth and space sciences, then visit the official website of perspectives of earth and space scientists and send your manuscript.Tips for publishing in Perspectives Of Earth And Space Scientists:Selection of research problem.Presenting a solution.Designing the paper.Make your manuscript publication worthy.Write an effective results section.Mind your references.Acceptance RateAcceptance rate is the ratio of the number of articles submitted to the number of articles published. Researchers can check the acceptance rate on the journal website. Alternatively, they can contact the editor of the journal.Final SummaryIt is published by Wiley.The journal is indexed in , DOAJ.It is an open access journal.The publication time (Average number of weeks between article submission and publication) of the journal is 20 weeks.Based on the Official Journal Homepage, the perspectives of earth and space scientists does not charge any publication fee.Sources: https://agupubs.onlinelibrary.wiley.com/journal/26376989",Wiley,2637-6989,20 weeks,Free (Stated on Website),Not Indexed,https://journalsearches.com/journal.php?title=perspectives of earth and space scientists
"Journal of the Saudi Society of Agricultural Sciences Publisher:  Springer International Publishing ISSN: 1658077X Journal Scope: Agricultural and Biological Sciences Country of Publisher:  Switzerland Scopus CiteScore: 9.7 Scopus Coverage: 2011-2024 H-Index:  65 SJR:  0.793 Quartile: Agricultural and Biological Sciences (miscellaneous) (Q1) Open Access: YesIndexing The journal of the saudi society of agricultural sciences is indexed in:UGC CAREScopusDOAJAn indexed journal means that the journal has gone through and passed a review process of certain requirements done by a journal indexer.The Web of Science Core Collection includes the Science Citation Index Expanded (SCIE), Social Sciences Citation Index (SSCI), Arts & Humanities Citation Index (AHCI), and Emerging Sources Citation Index (ESCI).Quartile The latest Quartile of journal of the saudi society of agricultural sciences is Q1.Each subject category of journals is divided into four quartiles: Q1, Q2, Q3, Q4. Q1 is occupied by the top 25% of journals in the list; Q2 is occupied by journals in the 25 to 50% group; Q3 is occupied by journals in the 50 to 75% group and Q4 is occupied by journals in the 75 to 100% group.Publication fee Based on the Official Journal Homepage, the journal of the saudi society of agricultural sciences does not charge any publication fee.An article processing charge (APC), also known as a publication fee, is a fee which is sometimes charged to authors. Most commonly, it is involved in making a work available as open access (OA), in either a full OA journal or in a hybrid journal.Journal Publication Time The Journal Publication Time means the average number of weeks between article submission and publication. According to the journal website, the journal of the saudi society of agricultural sciences publishes research articles in 23 weeks on an average.Call for PapersVisit to the official website of the journal/ conference to check the details about call for papers.How to publish in Journal Of The Saudi Society Of Agricultural Sciences?If your research is related to Agricultural and Biological Sciences, then visit the official website of journal of the saudi society of agricultural sciences and send your manuscript.Tips for publishing in Journal Of The Saudi Society Of Agricultural Sciences:Selection of research problem.Presenting a solution.Designing the paper.Make your manuscript publication worthy.Write an effective results section.Mind your references.Acceptance RateAcceptance rate is the ratio of the number of articles submitted to the number of articles published. Researchers can check the acceptance rate on the journal website. Alternatively, they can contact the editor of the journal.Final SummaryIt is published by Springer International Publishing.The journal is indexed in UGC CARE, Scopus, DOAJ.It is an open access journal.The (SJR) SCImago Journal Rank is 0.793.The publication time (Average number of weeks between article submission and publication) of the journal is 23 weeks.Based on the Official Journal Homepage, the journal of the saudi society of agricultural sciences does not charge any publication fee.Sources: https://link.springer.com/journal/44447",Springer International Publishing,1658077X,23 weeks,Free (Stated on Website),Indexed,https://journalsearches.com/journal.php?title=journal of the saudi society of agricultural sciences
"Journal of King Saud University: Engineering Sciences Publisher:  Springer P-ISSN: 1018-3639 E-ISSN: 2213-1558 Language:  English Country of Publisher:  Switzerland APC: No Processing Time (Weeks):  18 Review Process:  Double anonymous peer review Subjects:  Technology: Engineering (General). Civil engineering (General)Indexing The journal of king saud university: engineering sciences is indexed in:DOAJAn indexed journal means that the journal has gone through and passed a review process of certain requirements done by a journal indexer.The Web of Science Core Collection includes the Science Citation Index Expanded (SCIE), Social Sciences Citation Index (SSCI), Arts & Humanities Citation Index (AHCI), and Emerging Sources Citation Index (ESCI).Publication fee Based on the Official Journal Homepage, the journal of king saud university: engineering sciences does not charge any publication fee.An article processing charge (APC), also known as a publication fee, is a fee which is sometimes charged to authors. Most commonly, it is involved in making a work available as open access (OA), in either a full OA journal or in a hybrid journal.Journal Publication Time The Journal Publication Time means the average number of weeks between article submission and publication. According to the journal website, the journal of king saud university: engineering sciences publishes research articles in 18 weeks on an average.Call for PapersVisit to the official website of the journal/ conference to check the details about call for papers.How to publish in Journal Of King Saud University: Engineering Sciences?If your research is related to civil engineering, engineering design, engineering drawing, engineering mathematics, vocational engineering, advanced manufacturing systems, then visit the official website of journal of king saud university: engineering sciences and send your manuscript.Tips for publishing in Journal Of King Saud University: Engineering Sciences:Selection of research problem.Presenting a solution.Designing the paper.Make your manuscript publication worthy.Write an effective results section.Mind your references.Acceptance RateAcceptance rate is the ratio of the number of articles submitted to the number of articles published. Researchers can check the acceptance rate on the journal website. Alternatively, they can contact the editor of the journal.Final SummaryIt is published by Springer.The journal is indexed in , DOAJ.It is an open access journal.The publication time (Average number of weeks between article submission and publication) of the journal is 18 weeks.Based on the Official Journal Homepage, the journal of king saud university: engineering sciences does not charge any publication fee.Sources: https://link.springer.com/journal/44444",Springer,2213-1558,18 weeks,Free (Stated on Website),Not Indexed,https://journalsearches.com/journal.php?title=journal of king saud university: engineering sciences
"IHJ Cardiovascular Case Reports Publisher:  Elsevier P-ISSN:  E-ISSN: 2468-600X Language:  English Country of Publisher:  Netherlands APC: No Processing Time (Weeks):  36 Review Process:  Double anonymous peer review Subjects:  Medicine: Internal medicine: Specialties of internal medicine: Diseases of the circulatory (Cardiovascular) systemIndexing The ihj cardiovascular case reports is indexed in:DOAJAn indexed journal means that the journal has gone through and passed a review process of certain requirements done by a journal indexer.The Web of Science Core Collection includes the Science Citation Index Expanded (SCIE), Social Sciences Citation Index (SSCI), Arts & Humanities Citation Index (AHCI), and Emerging Sources Citation Index (ESCI).Publication fee Based on the Official Journal Homepage, the ihj cardiovascular case reports does not charge any publication fee.An article processing charge (APC), also known as a publication fee, is a fee which is sometimes charged to authors. Most commonly, it is involved in making a work available as open access (OA), in either a full OA journal or in a hybrid journal.Journal Publication Time The Journal Publication Time means the average number of weeks between article submission and publication. According to the journal website, the ihj cardiovascular case reports publishes research articles in 36 weeks on an average.Call for PapersVisit to the official website of the journal/ conference to check the details about call for papers.How to publish in Ihj Cardiovascular Case Reports?If your research is related to cardiology, cardiovascular medicine, diseases of the circulatory system, surgery, then visit the official website of ihj cardiovascular case reports and send your manuscript.Tips for publishing in Ihj Cardiovascular Case Reports:Selection of research problem.Presenting a solution.Designing the paper.Make your manuscript publication worthy.Write an effective results section.Mind your references.Acceptance RateAcceptance rate is the ratio of the number of articles submitted to the number of articles published. Researchers can check the acceptance rate on the journal website. Alternatively, they can contact the editor of the journal.Final SummaryIt is published by Elsevier.The journal is indexed in , DOAJ.It is an open access journal.The publication time (Average number of weeks between article submission and publication) of the journal is 36 weeks.Based on the Official Journal Homepage, the ihj cardiovascular case reports does not charge any publication fee.Sources: https://www.journals.elsevier.com/ihj-cardiovascular-case-reports",Elsevier,2468-600X,36 weeks,Free (Stated on Website),Not Indexed,https://journalsearches.com/journal.php?title=ihj cardiovascular case reports
"IHJ Cardiovascular Reports Publisher:  Elsevier P-ISSN:  E-ISSN: 2950-4678 Language:  English Country of Publisher:  India APC: No Processing Time (Weeks):  27 Review Process:  Double anonymous peer review Subjects:  Medicine: Internal medicine: Specialties of internal medicine: Diseases of the circulatory (Cardiovascular) systemIndexing The ihj cardiovascular reports is indexed in:DOAJAn indexed journal means that the journal has gone through and passed a review process of certain requirements done by a journal indexer.The Web of Science Core Collection includes the Science Citation Index Expanded (SCIE), Social Sciences Citation Index (SSCI), Arts & Humanities Citation Index (AHCI), and Emerging Sources Citation Index (ESCI).Publication fee Based on the Official Journal Homepage, the ihj cardiovascular reports does not charge any publication fee.An article processing charge (APC), also known as a publication fee, is a fee which is sometimes charged to authors. Most commonly, it is involved in making a work available as open access (OA), in either a full OA journal or in a hybrid journal.Journal Publication Time The Journal Publication Time means the average number of weeks between article submission and publication. According to the journal website, the ihj cardiovascular reports publishes research articles in 27 weeks on an average.Call for PapersVisit to the official website of the journal/ conference to check the details about call for papers.How to publish in Ihj Cardiovascular Reports?If your research is related to cardiology, cardiovascular medicine, cardiovascular surgery, clinical cardiology, then visit the official website of ihj cardiovascular reports and send your manuscript.Tips for publishing in Ihj Cardiovascular Reports:Selection of research problem.Presenting a solution.Designing the paper.Make your manuscript publication worthy.Write an effective results section.Mind your references.Acceptance RateAcceptance rate is the ratio of the number of articles submitted to the number of articles published. Researchers can check the acceptance rate on the journal website. Alternatively, they can contact the editor of the journal.Final SummaryIt is published by Elsevier.The journal is indexed in , DOAJ.It is an open access journal.The publication time (Average number of weeks between article submission and publication) of the journal is 27 weeks.Based on the Official Journal Homepage, the ihj cardiovascular reports does not charge any publication fee.Sources: https://www.sciencedirect.com/journal/ihj-cardiovascular-reports",Elsevier,2950-4678,27 weeks,Free (Stated on Website),Not Indexed,https://journalsearches.com/journal.php?title=ihj cardiovascular reports
"Netherlands Quarterly of Human Rights Publisher:  Stichting Studie- en Informatiecentrum Mensenrechten ISSN: 1693441 Journal Scope: Social Sciences Country of Publisher:  Netherlands Scopus CiteScore: 3.1 Scopus Coverage: 2006-2024 H-Index:  24 SJR:  0.527 Quartile: Law (Q1); Political Science and International Relations (Q2); Sociology and Political Science (Q2) Open Access: NoIndexing The netherlands quarterly of human rights is indexed in:UGC CAREScopusWeb of Science (SSCI)DOAJAn indexed journal means that the journal has gone through and passed a review process of certain requirements done by a journal indexer.The Web of Science Core Collection includes the Science Citation Index Expanded (SCIE), Social Sciences Citation Index (SSCI), Arts & Humanities Citation Index (AHCI), and Emerging Sources Citation Index (ESCI).Netherlands Quarterly Of Human Rights Impact Factor 2026 The latest impact factor of netherlands quarterly of human rights is 1.4 which was recently updated in June, 2025.From the recent Journal Citation Reports (JCR) releases onward, the Impact Factor is provided to all journals indexed in the Web of Science Core Collection, including SCIE, SSCI, ESCI, and AHCI.The impact factor (IF) is a measure of the frequency with which the average article in a journal has been cited in a particular year. It is used to measure the importance or rank of a journal by calculating the times it's articles are cited.Note: Every year, The Clarivate releases the Journal Citation Report (JCR). The JCR provides information about academic journals including impact factor. The latest JCR was released in June, 2025.Quartile The latest Quartile of netherlands quarterly of human rights is Q1.Each subject category of journals is divided into four quartiles: Q1, Q2, Q3, Q4. Q1 is occupied by the top 25% of journals in the list; Q2 is occupied by journals in the 25 to 50% group; Q3 is occupied by journals in the 50 to 75% group and Q4 is occupied by journals in the 75 to 100% group.Publication fee Based on the Official Journal Homepage, the netherlands quarterly of human rights does not charge any publication fee.An article processing charge (APC), also known as a publication fee, is a fee which is sometimes charged to authors. Most commonly, it is involved in making a work available as open access (OA), in either a full OA journal or in a hybrid journal.Journal Publication Time The Journal Publication Time means the average number of weeks between article submission and publication. According to the journal website, the netherlands quarterly of human rights publishes research articles in 52 weeks on an average.Call for PapersVisit to the official website of the journal/ conference to check the details about call for papers.How to publish in Netherlands Quarterly Of Human Rights?If your research is related to Social Sciences, then visit the official website of netherlands quarterly of human rights and send your manuscript.Tips for publishing in Netherlands Quarterly Of Human Rights:Selection of research problem.Presenting a solution.Designing the paper.Make your manuscript publication worthy.Write an effective results section.Mind your references.Acceptance RateAcceptance rate is the ratio of the number of articles submitted to the number of articles published. Researchers can check the acceptance rate on the journal website. Alternatively, they can contact the editor of the journal.Final SummaryThe impact factor of netherlands quarterly of human rights is 1.4.The netherlands quarterly of human rights is a reputed research journal.It is published by Stichting Studie- en Informatiecentrum Mensenrechten.The journal is indexed in UGC CARE, Scopus, SSCI, DOAJ.It is an open access journal.The (SJR) SCImago Journal Rank is 0.527.The publication time (Average number of weeks between article submission and publication) of the journal is 52 weeks.Based on the Official Journal Homepage, the netherlands quarterly of human rights does not charge any publication fee.Sources: https://journals.sagepub.com/home/NQH",Stichting Studie- en Informatiecentrum Mensenrechten,1693441,52 weeks,Free (Stated on Website),Indexed,https://journalsearches.com/journal.php?title=netherlands quarterly of human rights
"Egyptian Journal of Forensic Sciences Publisher:  Springer International Publishing AG ISSN: 20905939, 2090536X Journal Scope: Medicine; Social Sciences Country of Publisher:  Switzerland Scopus CiteScore: 2.6 Scopus Coverage: 2011-2025 H-Index:  30 SJR:  0.359 Quartile: Law (Q2); Health (social science) (Q3); Pathology and Forensic Medicine (Q3) Open Access: YesIndexing The egyptian journal of forensic sciences is indexed in:UGC CAREScopusWeb of Science (ESCI)DOAJAn indexed journal means that the journal has gone through and passed a review process of certain requirements done by a journal indexer.The Web of Science Core Collection includes the Science Citation Index Expanded (SCIE), Social Sciences Citation Index (SSCI), Arts & Humanities Citation Index (AHCI), and Emerging Sources Citation Index (ESCI).Note: ESCI journals donot come with an impact factor. However, ESCI journals are evaluated every year and those who qualified are transferred to SCIE.Egyptian Journal Of Forensic Sciences Impact Factor 2026 The latest impact factor of egyptian journal of forensic sciences is 1.3 which was recently updated in June, 2025.From the recent Journal Citation Reports (JCR) releases onward, the Impact Factor is provided to all journals indexed in the Web of Science Core Collection, including SCIE, SSCI, ESCI, and AHCI.The impact factor (IF) is a measure of the frequency with which the average article in a journal has been cited in a particular year. It is used to measure the importance or rank of a journal by calculating the times it's articles are cited.Note: Every year, The Clarivate releases the Journal Citation Report (JCR). The JCR provides information about academic journals including impact factor. The latest JCR was released in June, 2025.Quartile The latest Quartile of egyptian journal of forensic sciences is Q2.Each subject category of journals is divided into four quartiles: Q1, Q2, Q3, Q4. Q1 is occupied by the top 25% of journals in the list; Q2 is occupied by journals in the 25 to 50% group; Q3 is occupied by journals in the 50 to 75% group and Q4 is occupied by journals in the 75 to 100% group.Publication fee Based on the Official Journal Homepage, the egyptian journal of forensic sciences does not charge any publication fee.An article processing charge (APC), also known as a publication fee, is a fee which is sometimes charged to authors. Most commonly, it is involved in making a work available as open access (OA), in either a full OA journal or in a hybrid journal.Journal Publication Time The Journal Publication Time means the average number of weeks between article submission and publication. According to the journal website, the egyptian journal of forensic sciences publishes research articles in 17 weeks on an average.Call for PapersVisit to the official website of the journal/ conference to check the details about call for papers.How to publish in Egyptian Journal Of Forensic Sciences?If your research is related to Medicine; Social Sciences, then visit the official website of egyptian journal of forensic sciences and send your manuscript.Tips for publishing in Egyptian Journal Of Forensic Sciences:Selection of research problem.Presenting a solution.Designing the paper.Make your manuscript publication worthy.Write an effective results section.Mind your references.Acceptance RateAcceptance rate is the ratio of the number of articles submitted to the number of articles published. Researchers can check the acceptance rate on the journal website. Alternatively, they can contact the editor of the journal.Final SummaryThe impact factor of egyptian journal of forensic sciences is 1.3.The egyptian journal of forensic sciences is a reputed research journal.It is published by Springer International Publishing AG.The journal is indexed in UGC CARE, Scopus, ESCI, DOAJ.It is an open access journal.The (SJR) SCImago Journal Rank is 0.359.The publication time (Average number of weeks between article submission and publication) of the journal is 17 weeks.Based on the Official Journal Homepage, the egyptian journal of forensic sciences does not charge any publication fee.Sources: https://ejfs.springeropen.com/",Springer International Publishing AG,"20905939, 2090536X",17 weeks,Free (Verified via Directory),Indexed,https://journalsearches.com/journal.php?title=egyptian journal of forensic sciences
"Visual Computing for Industry, Biomedicine, and Art Publisher:  Springer Science and Business Media Deutschland GmbH ISSN: 25244442, 2096496X Journal Scope: Arts and Humanities; Computer Science; Medicine Country of Publisher:  Germany Scopus CiteScore: 9.2 Scopus Coverage: 2018-2025 H-Index:  24 SJR:  #N/A Quartile: Computer Graphics and Computer-Aided Design (Q1); Computer Science (miscellaneous) (Q1); Computer Vision and Pattern Recognition (Q1); Medicine (miscellaneous) (Q1); Software (Q1); Visual Arts and Performing Arts (Q1) Open Access: YesIndexing The visual computing for industry, biomedicine, and art is indexed in:UGC CAREScopusDOAJPubMedAn indexed journal means that the journal has gone through and passed a review process of certain requirements done by a journal indexer.The Web of Science Core Collection includes the Science Citation Index Expanded (SCIE), Social Sciences Citation Index (SSCI), Arts & Humanities Citation Index (AHCI), and Emerging Sources Citation Index (ESCI).Quartile The latest Quartile of visual computing for industry, biomedicine, and art is Q1.Each subject category of journals is divided into four quartiles: Q1, Q2, Q3, Q4. Q1 is occupied by the top 25% of journals in the list; Q2 is occupied by journals in the 25 to 50% group; Q3 is occupied by journals in the 50 to 75% group and Q4 is occupied by journals in the 75 to 100% group.Publication fee Based on the Official Journal Homepage, the visual computing for industry, biomedicine, and art does not charge any publication fee.An article processing charge (APC), also known as a publication fee, is a fee which is sometimes charged to authors. Most commonly, it is involved in making a work available as open access (OA), in either a full OA journal or in a hybrid journal.Journal Publication Time The Journal Publication Time means the average number of weeks between article submission and publication. According to the journal website, the visual computing for industry, biomedicine, and art publishes research articles in 5 weeks on an average.Call for PapersVisit to the official website of the journal/ conference to check the details about call for papers.How to publish in Visual Computing For Industry, Biomedicine, And Art?If your research is related to Arts and Humanities; Computer Science; Medicine, then visit the official website of visual computing for industry, biomedicine, and art and send your manuscript.Tips for publishing in Visual Computing For Industry, Biomedicine, And Art:Selection of research problem.Presenting a solution.Designing the paper.Make your manuscript publication worthy.Write an effective results section.Mind your references.Acceptance RateAcceptance rate is the ratio of the number of articles submitted to the number of articles published. Researchers can check the acceptance rate on the journal website. Alternatively, they can contact the editor of the journal.Final SummaryIt is published by Springer Science and Business Media Deutschland GmbH.The journal is indexed in UGC CARE, Scopus, DOAJ, PubMed.It is an open access journal.The (SJR) SCImago Journal Rank is #N/A.The publication time (Average number of weeks between article submission and publication) of the journal is 5 weeks.Based on the Official Journal Homepage, the visual computing for industry, biomedicine, and art does not charge any publication fee.Sources: http://vciba.springeropen.com",Springer Science and Business Media Deutschland GmbH,"25244442, 2096496X",5 weeks,Free (Verified via Directory),Indexed,"https://journalsearches.com/journal.php?title=visual computing for industry, biomedicine, and art"
"Cybersecurity Publisher:  SpringerOpen ISSN: 20964862, 25233246 Journal Scope: Computer Science Country of Publisher:  United Kingdom Scopus CiteScore: 7.7 Scopus Coverage: 2018-2025 H-Index:  28 SJR:  0.873 Quartile: Computer Networks and Communications (Q1); Information Systems (Q1); Artificial Intelligence (Q2); Software (Q2) Open Access: YesIndexing The cybersecurity is indexed in:UGC CAREScopusWeb of Science (ESCI)DOAJAn indexed journal means that the journal has gone through and passed a review process of certain requirements done by a journal indexer.The Web of Science Core Collection includes the Science Citation Index Expanded (SCIE), Social Sciences Citation Index (SSCI), Arts & Humanities Citation Index (AHCI), and Emerging Sources Citation Index (ESCI).Note: ESCI journals donot come with an impact factor. However, ESCI journals are evaluated every year and those who qualified are transferred to SCIE.Cybersecurity Impact Factor 2026 The latest impact factor of cybersecurity is 3.7 which was recently updated in June, 2025.From the recent Journal Citation Reports (JCR) releases onward, the Impact Factor is provided to all journals indexed in the Web of Science Core Collection, including SCIE, SSCI, ESCI, and AHCI.The impact factor (IF) is a measure of the frequency with which the average article in a journal has been cited in a particular year. It is used to measure the importance or rank of a journal by calculating the times it's articles are cited.Note: Every year, The Clarivate releases the Journal Citation Report (JCR). The JCR provides information about academic journals including impact factor. The latest JCR was released in June, 2025.Quartile The latest Quartile of cybersecurity is Q1.Each subject category of journals is divided into four quartiles: Q1, Q2, Q3, Q4. Q1 is occupied by the top 25% of journals in the list; Q2 is occupied by journals in the 25 to 50% group; Q3 is occupied by journals in the 50 to 75% group and Q4 is occupied by journals in the 75 to 100% group.Publication fee Based on the Official Journal Homepage, the cybersecurity does not charge any publication fee.An article processing charge (APC), also known as a publication fee, is a fee which is sometimes charged to authors. Most commonly, it is involved in making a work available as open access (OA), in either a full OA journal or in a hybrid journal.Journal Publication Time The Journal Publication Time means the average number of weeks between article submission and publication. According to the journal website, the cybersecurity publishes research articles in 9 weeks on an average.Call for PapersVisit to the official website of the journal/ conference to check the details about call for papers.How to publish in Cybersecurity?If your research is related to Computer Science, then visit the official website of cybersecurity and send your manuscript.Tips for publishing in Cybersecurity:Selection of research problem.Presenting a solution.Designing the paper.Make your manuscript publication worthy.Write an effective results section.Mind your references.Acceptance RateAcceptance rate is the ratio of the number of articles submitted to the number of articles published. Researchers can check the acceptance rate on the journal website. Alternatively, they can contact the editor of the journal.Final SummaryThe impact factor of cybersecurity is 3.7.The cybersecurity is a reputed research journal.It is published by SpringerOpen.The journal is indexed in UGC CARE, Scopus, ESCI, DOAJ.It is an open access journal.The (SJR) SCImago Journal Rank is 0.873.The publication time (Average number of weeks between article submission and publication) of the journal is 9 weeks.Based on the Official Journal Homepage, the cybersecurity does not charge any publication fee.Sources: https://cybersecurity.springeropen.com/",SpringerOpen,"20964862, 25233246",9 weeks,Free (Verified via Directory),Indexed,https://journalsearches.com/journal.php?title=cybersecurity
"Journal of Basic and Applied Zoology Publisher:  SpringerOpen P-ISSN: 2090-9896 E-ISSN: 2090-990X Language:  English Country of Publisher:  United Kingdom APC: No Processing Time (Weeks):  47 Review Process:  Anonymous peer review Subjects:  Science: ZoologyIndexing The journal of basic and applied zoology is indexed in:UGC CAREWeb of Science (ESCI)DOAJAn indexed journal means that the journal has gone through and passed a review process of certain requirements done by a journal indexer.The Web of Science Core Collection includes the Science Citation Index Expanded (SCIE), Social Sciences Citation Index (SSCI), Arts & Humanities Citation Index (AHCI), and Emerging Sources Citation Index (ESCI).Note: ESCI journals donot come with an impact factor. However, ESCI journals are evaluated every year and those who qualified are transferred to SCIE.Journal Of Basic And Applied Zoology Impact Factor 2026 The latest impact factor of journal of basic and applied zoology is 1.1 which was recently updated in June, 2025.From the recent Journal Citation Reports (JCR) releases onward, the Impact Factor is provided to all journals indexed in the Web of Science Core Collection, including SCIE, SSCI, ESCI, and AHCI.The impact factor (IF) is a measure of the frequency with which the average article in a journal has been cited in a particular year. It is used to measure the importance or rank of a journal by calculating the times it's articles are cited.Note: Every year, The Clarivate releases the Journal Citation Report (JCR). The JCR provides information about academic journals including impact factor. The latest JCR was released in June, 2025.Publication fee Based on the Official Journal Homepage, the journal of basic and applied zoology does not charge any publication fee.An article processing charge (APC), also known as a publication fee, is a fee which is sometimes charged to authors. Most commonly, it is involved in making a work available as open access (OA), in either a full OA journal or in a hybrid journal.Journal Publication Time The Journal Publication Time means the average number of weeks between article submission and publication. According to the journal website, the journal of basic and applied zoology publishes research articles in 47 weeks on an average.Call for PapersVisit to the official website of the journal/ conference to check the details about call for papers.How to publish in Journal Of Basic And Applied Zoology?If your research is related to physiology, vertebrate anatomy, cell biology, parasitology, invertebrates, entomology, then visit the official website of journal of basic and applied zoology and send your manuscript.Tips for publishing in Journal Of Basic And Applied Zoology:Selection of research problem.Presenting a solution.Designing the paper.Make your manuscript publication worthy.Write an effective results section.Mind your references.Acceptance RateAcceptance rate is the ratio of the number of articles submitted to the number of articles published. Researchers can check the acceptance rate on the journal website. Alternatively, they can contact the editor of the journal.Final SummaryThe impact factor of journal of basic and applied zoology is 1.1.The journal of basic and applied zoology is a reputed research journal.It is published by SpringerOpen.The journal is indexed in UGC CARE, ESCI, DOAJ.It is an open access journal.The publication time (Average number of weeks between article submission and publication) of the journal is 47 weeks.Based on the Official Journal Homepage, the journal of basic and applied zoology does not charge any publication fee.Sources: https://basicandappliedzoology.springeropen.com",SpringerOpen,2090-990X,47 weeks,Free (Verified via Directory),Not Indexed,https://journalsearches.com/journal.php?title=journal of basic and applied zoology
"Revista Brasileira de Hematologia e Hemoterapia Publisher:  Elsevier Editora Ltda P-ISSN: 15168484 Open Access: Unpaywall Open Access Scopus Status: Inactive Scopus Coverage:  2006-2017; 2000-2002Indexing The revista brasileira de hematologia e hemoterapia is indexed in:The journal is discontinued by the Scopus.DOAJPubMedAn indexed journal means that the journal has gone through and passed a review process of certain requirements done by a journal indexer.The Web of Science Core Collection includes the Science Citation Index Expanded (SCIE), Social Sciences Citation Index (SSCI), Arts & Humanities Citation Index (AHCI), and Emerging Sources Citation Index (ESCI).Publication fee Based on the Official Journal Homepage, the revista brasileira de hematologia e hemoterapia does not charge any publication fee.An article processing charge (APC), also known as a publication fee, is a fee which is sometimes charged to authors. Most commonly, it is involved in making a work available as open access (OA), in either a full OA journal or in a hybrid journal.Journal Publication Time The Journal Publication Time means the average number of weeks between article submission and publication. According to the journal website, the revista brasileira de hematologia e hemoterapia publishes research articles in 21 weeks on an average.Call for PapersVisit to the official website of the journal/ conference to check the details about call for papers.How to publish in Revista Brasileira De Hematologia E Hemoterapia?If your research is related to the scope of the journal, then visit the official website of revista brasileira de hematologia e hemoterapia and send your manuscript.Tips for publishing in Revista Brasileira De Hematologia E Hemoterapia:Selection of research problem.Presenting a solution.Designing the paper.Make your manuscript publication worthy.Write an effective results section.Mind your references.Acceptance RateAcceptance rate is the ratio of the number of articles submitted to the number of articles published. Researchers can check the acceptance rate on the journal website. Alternatively, they can contact the editor of the journal.Final SummaryIt is published by Elsevier Editora Ltda.The journal is indexed in , DOAJ, PubMed.It is an open access journal.The publication time (Average number of weeks between article submission and publication) of the journal is 21 weeks.Based on the Official Journal Homepage, the revista brasileira de hematologia e hemoterapia does not charge any publication fee.Sources: https://www.journals.elsevier.com/hematology-transfusion-and-cell-therapy",Elsevier Editora Ltda,15168484,21 weeks,Free (Stated on Website),Indexed,https://journalsearches.com/journal.php?title=revista brasileira de hematologia e hemoterapia
"Kuwait Journal of Science Publisher:  Elsevier B.V. ISSN: 23074108, 23074116 Journal Scope: Multidisciplinary Country of Publisher:  Netherlands Scopus CiteScore: 2.5 Scopus Coverage: 2013-2025 H-Index:  22 SJR:  0.25 Quartile: Multidisciplinary (Q2) Open Access: YesIndexing The kuwait journal of science is indexed in:UGC CAREScopusWeb of Science (SCIE)DOAJAn indexed journal means that the journal has gone through and passed a review process of certain requirements done by a journal indexer.The Web of Science Core Collection includes the Science Citation Index Expanded (SCIE), Social Sciences Citation Index (SSCI), Arts & Humanities Citation Index (AHCI), and Emerging Sources Citation Index (ESCI).Kuwait Journal Of Science Impact Factor 2026 The latest impact factor of kuwait journal of science is 1.1 which was recently updated in June, 2025.From the recent Journal Citation Reports (JCR) releases onward, the Impact Factor is provided to all journals indexed in the Web of Science Core Collection, including SCIE, SSCI, ESCI, and AHCI.The impact factor (IF) is a measure of the frequency with which the average article in a journal has been cited in a particular year. It is used to measure the importance or rank of a journal by calculating the times it's articles are cited.Note: Every year, The Clarivate releases the Journal Citation Report (JCR). The JCR provides information about academic journals including impact factor. The latest JCR was released in June, 2025.Quartile The latest Quartile of kuwait journal of science is Q2.Each subject category of journals is divided into four quartiles: Q1, Q2, Q3, Q4. Q1 is occupied by the top 25% of journals in the list; Q2 is occupied by journals in the 25 to 50% group; Q3 is occupied by journals in the 50 to 75% group and Q4 is occupied by journals in the 75 to 100% group.Publication fee Based on the Official Journal Homepage, the kuwait journal of science does not charge any publication fee.An article processing charge (APC), also known as a publication fee, is a fee which is sometimes charged to authors. Most commonly, it is involved in making a work available as open access (OA), in either a full OA journal or in a hybrid journal.Journal Publication Time The Journal Publication Time means the average number of weeks between article submission and publication. According to the journal website, the kuwait journal of science publishes research articles in 20 weeks on an average.Call for PapersVisit to the official website of the journal/ conference to check the details about call for papers.How to publish in Kuwait Journal Of Science?If your research is related to Multidisciplinary, then visit the official website of kuwait journal of science and send your manuscript.Tips for publishing in Kuwait Journal Of Science:Selection of research problem.Presenting a solution.Designing the paper.Make your manuscript publication worthy.Write an effective results section.Mind your references.Acceptance RateAcceptance rate is the ratio of the number of articles submitted to the number of articles published. Researchers can check the acceptance rate on the journal website. Alternatively, they can contact the editor of the journal.Final SummaryThe impact factor of kuwait journal of science is 1.1.The kuwait journal of science is a reputed research journal.It is published by Elsevier B.V..The journal is indexed in UGC CARE, Scopus, SCIE, DOAJ.It is an open access journal.The (SJR) SCImago Journal Rank is 0.25.The publication time (Average number of weeks between article submission and publication) of the journal is 20 weeks.Based on the Official Journal Homepage, the kuwait journal of science does not charge any publication fee.Sources: https://www.sciencedirect.com/journal/kuwait-journal-of-science",Elsevier B.V.,"23074108, 23074116",20 weeks,Free (Stated on Website),Indexed,https://journalsearches.com/journal.php?title=kuwait journal of science
